"crash_unit_id","crash_record_id","crash_date","unit_no","unit_type","num_passengers","vehicle_id","cmrc_veh_i","make","model","lic_plate_state","vehicle_year","vehicle_defect","vehicle_type","vehicle_use","travel_direction","maneuver","towed_i","fire_i","occupant_cnt","exceed_speed_limit_i","towed_by","towed_to","area_00_i","area_01_i","area_02_i","area_03_i","area_04_i","area_05_i","area_06_i","area_07_i","area_08_i","area_09_i","area_10_i","area_11_i","area_12_i","area_99_i","first_contact_point","cmv_id","usdot_no","ccmc_no","ilcc_no","commercial_src","gvwr","carrier_name","carrier_state","carrier_city","hazmat_placards_i","hazmat_name","un_no","hazmat_present_i","hazmat_report_i","hazmat_report_no","mcs_report_i","mcs_report_no","hazmat_vio_cause_crash_i","mcs_vio_cause_crash_i","idot_permit_no","wide_load_i","trailer1_width","trailer2_width","trailer1_length","trailer2_length","total_vehicle_length","axle_cnt","vehicle_config","cargo_body_type","load_type","hazmat_out_of_service_i","mcs_out_of_service_i","hazmat_class"
"2322519","435043b3192b9c0b69eb1c6cc0f856e74d5aab769746c1a1e6802f3cec7d9efa4af3c712d93fcbb7adfc250ad248a9ba40e5e6d756104cf8b32d67ccbba9c849","2026-06-09T02:34:00.000","1","DRIVER",,"2215120",,"CHEVROLET","IMPALA","IL","2008","UNKNOWN","PASSENGER","PERSONAL","S","STRAIGHT AHEAD","Y",,"1",,,,,"Y",,,,"Y",,,,,,"Y","Y",,"FRONT-RIGHT-CORNER",,,,,,,,,,,,,,,,,,,,,,,,,,,,,,,,,
"2322520","435043b3192b9c0b69eb1c6cc0f856e74d5aab769746c1a1e6802f3cec7d9efa4af3c712d93fcbb7adfc250ad248a9ba40e5e6d756104cf8b32d67ccbba9c849","2026-06-09T02:34:00.000","2","DRIVER","1","2215122",,"MAZDA","CX-5","IN","2018","NONE","SPORT UTILITY VEHICLE (SUV)","PERSONAL","E","STRAIGHT AHEAD","Y",,"2",,,,,"Y",,,,"Y",,,,,,"Y","Y",,"FRONT-LEFT-CORNER",,,,,,,,,,,,,,,,,,,,,,,,,,,,,,,,,
"2322507","fe1c7a79eab83a76e37fb858d57715d0fff5a96f11663b77ce07fb997327e33421ac51e1fbf25371dd2db96a0714266be8cc217adba0d6df1f240a2f7f02ccd9","2026-06-09T00:31:00.000","1","DRIVER","3","2215107",,"CHEVROLET","EQUINOX","IL","2016","NONE","SPORT UTILITY VEHICLE (SUV)","PERSONAL","E","SKIDDING/CONTROL LOSS","Y",,"4",,,,,,,,,,,"Y","Y","Y","Y","Y","N",,"SIDE-LEFT",,,,,,,,,,,,,,,,,,,,,,,,,,,,,,,,,
"2322508","fe1c7a79eab83a76e37fb858d57715d0fff5a96f11663b77ce07fb997327e33421ac51e1fbf25371dd2db96a0714266be8cc217adba0d6df1f240a2f7f02ccd9","2026-06-09T00:31:00.000","2","DRIVER",,"2215109",,"BUICK","ENCORE","IL","2024","NONE","SPORT UTILITY VEHICLE (SUV)","PERSONAL","W","STRAIGHT AHEAD","Y",,"1",,,,,"Y",,,,,,,,,,"Y","Y",,"FRONT",,,,,,,,,,,,,,,,,,,,,,,,,,,,,,,,,
"2322506","ce927aac11ea2e98f2346c1c32c2dfa92b8850b863964833a35eb56ee4c02287863d3de13b25ca88d51c1929b9afee670702c80224d940a422ad243b754b23be","2026-06-09T00:26:00.000","1","DRIVER",,"2215106",,"CADILLAC","XT5","IL","2017","UNKNOWN","SPORT UTILITY VEHICLE (SUV)","PERSONAL","S","UNKNOWN/NA","Y",,"1",,"AAA Roadside Service","Unknown",,"Y",,,,,,,,,,"Y","Y",,"FRONT",,,,,,,,,,,,,,,,,,,,,,,,,,,,,,,,,
"2322496","0883c29fb0bfd6217525f45fb84865c78cae5c91d07ab3b7f3b81c4ba61b9d3c4528ff4ea868d4ed4ac595041f51b2e9647c51bb3d560039e3bdd22181d08c9f","2026-06-09T00:22:00.000","1","DRIVER",,"2215099",,"KIA","SPORTAGE","XX",,"UNKNOWN","PASSENGER","UNKNOWN/NA","S","STRAIGHT AHEAD",,,"1",,,,,,,,,,,,,,,"Y",,,"FRONT-LEFT-CORNER",,,,,,,,,,,,,,,,,,,,,,,,,,,,,,,,,
"2322497","0883c29fb0bfd6217525f45fb84865c78cae5c91d07ab3b7f3b81c4ba61b9d3c4528ff4ea868d4ed4ac595041f51b2e9647c51bb3d560039e3bdd22181d08c9f","2026-06-09T00:22:00.000","2","DRIVER",,"2215100",,"FORD","ESCAPE","IL","2015","NONE","PASSENGER","UNKNOWN/NA","S","STRAIGHT AHEAD",,,"1",,,,,"N","Y","Y",,,,,,,,,,,"SIDE-RIGHT-FRONT",,,,,,,,,,,,,,,,,,,,,,,,,,,,,,,,,
"2322511","befa5ff44196353d6eea5d57e76f292b6664c9457d3d422d6bcdb087bb7d67895a49b789e1c8987e37d2fe76bc36ef49172f227a99be7dcf7be4ac4f29a96f31","2026-06-09T00:10:00.000","1","DRIVER",,"2215112",,"NISSAN","VERSA","MN","2026","UNKNOWN","PASSENGER","PERSONAL","S","STRAIGHT AHEAD",,,"1",,,,,,,,,,,,,,,,"Y",,"FRONT",,,,,,,,,,,,,,,,,,,,,,,,,,,,,,,,,
"2322513","befa5ff44196353d6eea5d57e76f292b6664c9457d3d422d6bcdb087bb7d67895a49b789e1c8987e37d2fe76bc36ef49172f227a99be7dcf7be4ac4f29a96f31","2026-06-09T00:10:00.000","2","DRIVER","1","2215114",,"VOLKSWAGEN","JETTA","IL","2017","UNKNOWN","PASSENGER","PERSONAL","N","TURNING LEFT","Y",,"2",,"SELF TOWED",,,,,"Y",,,,,,,,,,,"SIDE-RIGHT",,,,,,,,,,,,,,,,,,,,,,,,,,,,,,,,,
"2322487","9e28b64af61c41f7db12f2bd01305fb6c48b0883eee80cff3ff3b61a4c93125adf2d8051bb74414481745cecaceac665637489f628e528ce1179200eb43a4709","2026-06-08T23:40:00.000","1","DRIVER",,"2215086",,"NISSAN","ROGUE","IL","2015","UNKNOWN","SPORT UTILITY VEHICLE (SUV)","UNKNOWN/NA","N","PASSING/OVERTAKING",,,"1",,,,,"Y","Y",,,,,,,,,,,,"FRONT-RIGHT-CORNER",,,,,,,,,,,,,,,,,,,,,,,,,,,,,,,,,
"2322488","9e28b64af61c41f7db12f2bd01305fb6c48b0883eee80cff3ff3b61a4c93125adf2d8051bb74414481745cecaceac665637489f628e528ce1179200eb43a4709","2026-06-08T23:40:00.000","2","DRIVER",,"2215089",,"TOYOTA","CAMRY","IL","2012","UNKNOWN","PASSENGER","PERSONAL","N","TURNING LEFT",,,"1",,,,,,,,,,,,,,"Y","Y","Y",,"FRONT-LEFT-CORNER",,,,,,,,,,,,,,,,,,,,,,,,,,,,,,,,,
"2322493","e3010a54445f2910ebb3bed02e58ddfe50621c4fb2a4a5d652d541bd20b65f3ebca0a7656b8e76c37430b8fd4055b090d43275c0e88b41e54ed6c02df1cc7c27","2026-06-08T23:29:00.000","1","DRIVER",,"2215095",,"CADILLAC","SRX","IL","2014","UNKNOWN","PASSENGER","PERSONAL","W","STRAIGHT AHEAD","Y",,"1",,"PERSONAL TOW","PERSONAL TOW",,"Y",,,,,,,,,,"Y","Y",,"FRONT",,,,,,,,,,,,,,,,,,,,,,,,,,,,,,,,,
"2322494","e3010a54445f2910ebb3bed02e58ddfe50621c4fb2a4a5d652d541bd20b65f3ebca0a7656b8e76c37430b8fd4055b090d43275c0e88b41e54ed6c02df1cc7c27","2026-06-08T23:29:00.000","2","PARKED",,"2215096",,"FORD","ECONOLINE E350","IL","2009","UNKNOWN","BUS UP TO 15 PASS.","NOT IN USE","W","PARKED",,,"0",,,,,,,,,"Y","Y","Y",,,,,,,"REAR",,,,,,,,,,,,,,,,,,,,,,,,,,,,,,,,,
"2322476","3fd9b7d2c37b7d1f710060f12c523ef8245ade4e4df3a6a7de49aded50c74d3153f1327ad5181f78757afebb2f80eb0a652410b866f5cf6e15cb8e24c37c43e2","2026-06-08T23:00:00.000","1","DRIVER",,"2215078",,"UNKNOWN","OTHER (EXPLAIN IN NARRATIVE)","IL",,"UNKNOWN","UNKNOWN/NA","UNKNOWN/NA","UNKNOWN","UNKNOWN/NA",,,"1",,,,,,,,,,,,,,,"Y",,,"FRONT",,,,,,,,,,,,,,,,,,,,,,,,,,,,,,,,,
"2322477","3fd9b7d2c37b7d1f710060f12c523ef8245ade4e4df3a6a7de49aded50c74d3153f1327ad5181f78757afebb2f80eb0a652410b866f5cf6e15cb8e24c37c43e2","2026-06-08T23:00:00.000","2","PEDESTRIAN",,,,,,,,,,,,,,,,,,,,,,,,,,,,,,,,,,,,,,,,,,,,,,,,,,,,,,,,,,,,,,,,,,
"2322480","2f123858c936cda7a76fc59242e59670eec4655bbc909855236bd17889673cc8d0af8fe5f5a51f704900421b34b6f0a6138ec8b96270e293cade6e7415a21f3a","2026-06-08T22:50:00.000","1","DRIVER",,"2215080",,"NISSAN","ALTIMA","IL",,"UNKNOWN","PASSENGER","UNKNOWN/NA","W","STRAIGHT AHEAD",,,"1",,,,,"Y",,,,,,,,,,"Y","Y",,"FRONT",,,,,,,,,,,,,,,,,,,,,,,,,,,,,,,,,
"2322481","2f123858c936cda7a76fc59242e59670eec4655bbc909855236bd17889673cc8d0af8fe5f5a51f704900421b34b6f0a6138ec8b96270e293cade6e7415a21f3a","2026-06-08T22:50:00.000","2","DRIVER",,"2215082",,"HONDA","ODYSSEY","IL","2018","NONE","VAN/MINI-VAN","PERSONAL","S","STRAIGHT AHEAD",,,"1",,,,,,,,,,,,"Y","Y","Y",,,,"SIDE-LEFT-REAR",,,,,,,,,,,,,,,,,,,,,,,,,,,,,,,,,
"2322474","30339d7a8fc216fd07046886252c2fdd9c96a3d2c4d8c5c23b8b4f78b84a42aabc94c134913c58f87897a2457f03a2f7b53726b9e500a13c3aefc54725cec804","2026-06-08T22:45:00.000","1","DRIVER",,"2215076",,"TOYOTA","COROLLA","IL","2013","UNKNOWN","PASSENGER","UNKNOWN/NA","E","STRAIGHT AHEAD",,,"1",,,,,,,,,,,,,,,,"Y",,"FRONT",,,,,,,,,,,,,,,,,,,,,,,,,,,,,,,,,
"2322475","30339d7a8fc216fd07046886252c2fdd9c96a3d2c4d8c5c23b8b4f78b84a42aabc94c134913c58f87897a2457f03a2f7b53726b9e500a13c3aefc54725cec804","2026-06-08T22:45:00.000","2","DRIVER",,"2215079",,"KIA","SPORTAGE","IL","2014","UNKNOWN","PASSENGER","UNKNOWN/NA","E","STRAIGHT AHEAD",,,"1",,,,,,,,,,"Y",,,,,,,,"REAR",,,,,,,,,,,,,,,,,,,,,,,,,,,,,,,,,
"2322491","f0ae2c4e2d32ee2d564349c726d2b856c08afc7e8e48f5108e4d46bceaed3e1d8b2500afdd7a933c1b8dc2614ac946f3ffe168aba78f6fc7479bc961f2463c22","2026-06-08T22:40:00.000","1","DRIVER",,"2215088",,"CHEVROLET","TRAX","IL","2019","UNKNOWN","PASSENGER","PERSONAL","N","BACKING","Y",,"1",,"RELIABLE RECOVERY SERVICES","UNKNOWN",,,,,,,,"Y","Y","Y","Y","Y",,,"SIDE-LEFT",,,,,,,,,,,,,,,,,,,,,,,,,,,,,,,,,
"2322492","f0ae2c4e2d32ee2d564349c726d2b856c08afc7e8e48f5108e4d46bceaed3e1d8b2500afdd7a933c1b8dc2614ac946f3ffe168aba78f6fc7479bc961f2463c22","2026-06-08T22:40:00.000","2","PARKED",,"2215091",,"HONDA","CIVIC","IL","2016","UNKNOWN","PASSENGER","PERSONAL","N","PARKED",,,"0",,,,,,"Y","Y","Y",,,,,,,,,,"SIDE-RIGHT",,,,,,,,,,,,,,,,,,,,,,,,,,,,,,,,,
"2322485","68be94bf0b0d229d88f697b6b26e2b034fdd4e99c4be771c61f12420d510333124b8cc2fb6a8251c2858e7d0c5ee9c6cc596a2ef2e6e7f532b91f9a2c0065dec","2026-06-08T22:15:00.000","1","BICYCLE",,,,,,,,,,,,,,,,,,,,,,,,,,,,,,,,,,,,,,,,,,,,,,,,,,,,,,,,,,,,,,,,,,
"2322486","68be94bf0b0d229d88f697b6b26e2b034fdd4e99c4be771c61f12420d510333124b8cc2fb6a8251c2858e7d0c5ee9c6cc596a2ef2e6e7f532b91f9a2c0065dec","2026-06-08T22:15:00.000","2","DRIVER",,"2215090","N","FORD","F450","IL","2012","UNKNOWN","OTHER VEHICLE WITH TRAILER","CONSTRUCTION/MAINTENANCE","E","STRAIGHT AHEAD",,,"1",,,,,,,"Y","Y",,,,,,,,,,"SIDE-RIGHT",,,,,,,,,,,,,,,,,,,,,,,,,,,,,,,,,
"2322472","f004922a4134fc8310b1b44027cbd958e07cb644362c6ebf2811b39b50ff21e14146fe6e8522ed3c74f06838fb44a8ffb7b5d8b450922e5b5b8fcda0988da7ca","2026-06-08T22:00:00.000","1","DRIVER",,"2215075",,"FORD","FUSION","IL","2019","NONE","PASSENGER","PERSONAL","N","STRAIGHT AHEAD",,,"1",,,,,,"Y","Y","Y",,,,,,,,,,"SIDE-RIGHT",,,,,,,,,,,,,,,,,,,,,,,,,,,,,,,,,
"2322473","f004922a4134fc8310b1b44027cbd958e07cb644362c6ebf2811b39b50ff21e14146fe6e8522ed3c74f06838fb44a8ffb7b5d8b450922e5b5b8fcda0988da7ca","2026-06-08T22:00:00.000","2","DRIVER",,"2215077",,"SUBARU","CROSSTREK","IL","2019","NONE","PASSENGER","PERSONAL","N","TURNING LEFT",,,"1",,,,,,,,,,,,,,"Y","Y",,,"FRONT-LEFT-CORNER",,,,,,,,,,,,,,,,,,,,,,,,,,,,,,,,,
"2322478","2f95593c9e16a45e2ad168f33b18e9ad33a76996af9ff57b9a8e0f31ffe209ad10a99f3b10407c83bbee2782bd03b518b934e6ae5c41e0226276b4dbce4e9eee","2026-06-08T21:50:00.000","1","DRIVER",,"2215083",,"TOYOTA","COROLLA","IL","2024","UNKNOWN","PASSENGER","UNKNOWN/NA","UNKNOWN","BACKING",,,"1",,,,,,,,,,,,,,,,,,"NONE",,,,,,,,,,,,,,,,,,,,,,,,,,,,,,,,,
"2322479","2f95593c9e16a45e2ad168f33b18e9ad33a76996af9ff57b9a8e0f31ffe209ad10a99f3b10407c83bbee2782bd03b518b934e6ae5c41e0226276b4dbce4e9eee","2026-06-08T21:50:00.000","2","PARKED",,"2215084",,"TOYOTA","CAMRY","MD","2026","UNKNOWN","PASSENGER","UNKNOWN/NA","UNKNOWN","PARKED",,,"0",,,,,,,,,,,,"Y","Y",,,,,"SIDE-LEFT-REAR",,,,,,,,,,,,,,,,,,,,,,,,,,,,,,,,,
"2322465","7450129896e1dde79584d06de06bcf0cae8f0568cda522af5912d8225342dc87d35f783401bd33d11ed17627b72877d084c299e16213c66c8289d6de144cd43e","2026-06-08T21:30:00.000","1","DRIVER",,"2215068",,"KIA","SOUL","IL","2011","UNKNOWN","PASSENGER","UNKNOWN/NA","UNKNOWN","UNKNOWN/NA","Y",,"1",,,,,,"Y",,,,,,,,"Y","Y",,,"FRONT-LEFT-CORNER",,,,,,,,,,,,,,,,,,,,,,,,,,,,,,,,,
"2322455","6ba52c9f0e4b48d9cfcf389ba134b4cb5664ec5e85434b8c0d1948e8c0d9dae7f81f7ca759df86da089e4fee04e0aa1eaa25d669cc9d8b121e04acb2cb5493e3","2026-06-08T21:20:00.000","1","PARKED","1","2215063",,"VOLKSWAGEN","TIGUAN","IL","2022","NONE","PASSENGER","OTHER","N","PARKED",,,"1",,,,,,,,,,,,,"Y","Y",,,,"SIDE-LEFT-FRONT",,,,,,,,,,,,,,,,,,,,,,,,,,,,,,,,,
"2322456","6ba52c9f0e4b48d9cfcf389ba134b4cb5664ec5e85434b8c0d1948e8c0d9dae7f81f7ca759df86da089e4fee04e0aa1eaa25d669cc9d8b121e04acb2cb5493e3","2026-06-08T21:20:00.000","2","DRIVER",,"2215072",,"TOYOTA","PRIUS","IL","2013","NONE","PASSENGER","PERSONAL","N","STRAIGHT AHEAD",,,"1",,,,,"Y","Y",,,,,,,,,,,,"FRONT-RIGHT-CORNER",,,,,,,,,,,,,,,,,,,,,,,,,,,,,,,,,
"2322450","e7008f8e26f7dcb55cce9c226ad6c788623c01a3c09d76011ea6431bdf37ac083fdb4a01ffe8634223ea4c6d9dc8900caa37cde3540c9f93a23f1739dad01274","2026-06-08T20:20:00.000","1","DRIVER",,"2215059",,"HONDA","CIVIC","IL","2005","UNKNOWN","PASSENGER","PERSONAL","S","BACKING",,,"1",,,,,,,"Y",,,,,,,,,,,"SIDE-RIGHT",,,,,,,,,,,,,,,,,,,,,,,,,,,,,,,,,
"2322451","e7008f8e26f7dcb55cce9c226ad6c788623c01a3c09d76011ea6431bdf37ac083fdb4a01ffe8634223ea4c6d9dc8900caa37cde3540c9f93a23f1739dad01274","2026-06-08T20:20:00.000","2","PARKED",,"2215060",,"NISSAN","VERSA","IL","2015","UNKNOWN","PASSENGER","PERSONAL","UNKNOWN","PARKED",,,"0",,,,,,,,,"Y","Y","Y",,,,,,,"REAR-LEFT-CORNER",,,,,,,,,,,,,,,,,,,,,,,,,,,,,,,,,
"2322430","5c4f4ff8db02e11a690a7648002f981c4f3dfff4ff203c16afcad70f8184f893fe09fe7c3d82afa1f47e6613225aab116908a9fe92ddb0c3d88ccfd2576e6343","2026-06-08T20:17:00.000","1","DRIVER",,"2215039",,"KIA","SOUL","IL","2025","UNKNOWN","PASSENGER","PERSONAL","E","STRAIGHT AHEAD",,,"1",,,,,"Y",,,,,,,,,,"Y","Y",,"FRONT",,,,,,,,,,,,,,,,,,,,,,,,,,,,,,,,,
"2322431","5c4f4ff8db02e11a690a7648002f981c4f3dfff4ff203c16afcad70f8184f893fe09fe7c3d82afa1f47e6613225aab116908a9fe92ddb0c3d88ccfd2576e6343","2026-06-08T20:17:00.000","2","DRIVER",,"2215042",,"VOLKSWAGEN","TIGUAN","IL","2020","UNKNOWN","PASSENGER","PERSONAL","S","STRAIGHT AHEAD","Y",,"1",,"PRIVATE TOW","UNKNOWN",,,,"Y","Y","Y",,,,,,,,,"SIDE-LEFT",,,,,,,,,,,,,,,,,,,,,,,,,,,,,,,,,
"2322426","2aeaa2c4479dd3da679fd69e7ec7fe1f2097e5c953b9445331a762e1de27b39a21feaf179bf0f236d7bc927e7245b8abc3c524e8eeb10243acc544a4940f11a9","2026-06-08T20:00:00.000","1","DRIVER",,"2215036",,"PONTIAC","VIBE","IL","2009","UNKNOWN","PASSENGER","PERSONAL","E","BACKING",,,"1",,,,,,,,,"Y","Y","Y",,,,,,,"REAR",,,,,,,,,,,,,,,,,,,,,,,,,,,,,,,,,
"2322427","2aeaa2c4479dd3da679fd69e7ec7fe1f2097e5c953b9445331a762e1de27b39a21feaf179bf0f236d7bc927e7245b8abc3c524e8eeb10243acc544a4940f11a9","2026-06-08T20:00:00.000","2","PARKED",,"2215038",,"KIA","SOUL","IL","2024","UNKNOWN","PASSENGER","PERSONAL","W","PARKED",,,"0",,,,,"Y","Y","Y","Y",,,,,,,,,,"SIDE-RIGHT",,,,,,,,,,,,,,,,,,,,,,,,,,,,,,,,,
"2322424","1000c7d737ef57e7382674a13584daec155446ebe0afd87de56585d0c8d35c67ab37d4b0842154f3d3591ac158c37d80e31329703228d23ff9f5546075efda2b","2026-06-08T19:42:00.000","1","DRIVER","1","2215035",,"TOYOTA","OTHER (EXPLAIN IN NARRATIVE)","IL","2020","UNKNOWN","PASSENGER","PERSONAL","W","STRAIGHT AHEAD",,,"2",,,,,"Y",,,,,,,,,,"Y","Y",,"FRONT",,,,,,,,,,,,,,,,,,,,,,,,,,,,,,,,,
"2322425","1000c7d737ef57e7382674a13584daec155446ebe0afd87de56585d0c8d35c67ab37d4b0842154f3d3591ac158c37d80e31329703228d23ff9f5546075efda2b","2026-06-08T19:42:00.000","2","DRIVER","3","2215040",,"NISSAN","OTHER (EXPLAIN IN NARRATIVE)","IL","2019","UNKNOWN","PASSENGER","PERSONAL","S","STRAIGHT AHEAD",,,"4",,,,,,,,,,,,"Y","Y","Y","Y",,,"SIDE-LEFT",,,,,,,,,,,,,,,,,,,,,,,,,,,,,,,,,
"2322405","13d4cb2d492715e08e5a599e2329298a71edb1e49058e5c683cb97d68105fd81e78b32cbe2c821b086b48b421810c35a18f43d8edeeb84a2d7a3fa7725621ea7","2026-06-08T19:30:00.000","1","DRIVER","1","2215014",,"HONDA","ACCORD","IL","2024","UNKNOWN","PASSENGER","PERSONAL","W","STRAIGHT AHEAD","Y",,"2",,"PRIVATE TOW","RESIDENCE",,,,,,,,"Y","Y","Y","Y","Y",,,"SIDE-LEFT",,,,,,,,,,,,,,,,,,,,,,,,,,,,,,,,,
"2322406","13d4cb2d492715e08e5a599e2329298a71edb1e49058e5c683cb97d68105fd81e78b32cbe2c821b086b48b421810c35a18f43d8edeeb84a2d7a3fa7725621ea7","2026-06-08T19:30:00.000","2","DRIVER","2","2215019",,"LINCOLN","MKZ","IL","2015","NONE","PASSENGER","PERSONAL","W","STRAIGHT AHEAD",,,"3",,,,,"Y","Y","Y","Y","Y",,,,,,,,,"SIDE-RIGHT",,,,,,,,,,,,,,,,,,,,,,,,,,,,,,,,,
"2322407","3b36b57d768c2f2cbbba36e296a87860aaaa5f47e88a65ffa6313615e86928ea7e93432d204a2a0c075a389e5c756f843c92eb20d5263614f90dfd9dbf006d4f","2026-06-08T19:30:00.000","1","DRIVER",,"2215020",,"JEEP","PATRIOT","IL","2017","NONE","SPORT UTILITY VEHICLE (SUV)","PERSONAL","S","STRAIGHT AHEAD",,,"1",,,,,,,,,,,,,,,,"Y",,"FRONT",,,,,,,,,,,,,,,,,,,,,,,,,,,,,,,,,
"2322408","3b36b57d768c2f2cbbba36e296a87860aaaa5f47e88a65ffa6313615e86928ea7e93432d204a2a0c075a389e5c756f843c92eb20d5263614f90dfd9dbf006d4f","2026-06-08T19:30:00.000","2","DRIVER","2","2215029",,"TOYOTA","CAMRY","IL","2012","NONE","PASSENGER","UNKNOWN/NA","S","STRAIGHT AHEAD",,,"3",,,,,,,,,,"Y",,,,,,,,"REAR",,,,,,,,,,,,,,,,,,,,,,,,,,,,,,,,,
"2322419","f4bd535a6c46ff5042ee3d9f1065c626a3ffdaee65da5eb7a9978dba4618db7df6aa0e4b20459fa36d5279f8121a0dd7052846790dcd4763c6ba97669698f57c","2026-06-08T19:26:00.000","1","DRIVER",,"2215031",,"HONDA","CR-V","IL","2018","NONE","PASSENGER","PERSONAL","S","BACKING",,,"1",,,,"Y",,,,"N","Y",,,,,,,,,"SIDE-RIGHT-REAR",,,,,,,,,,,,,,,,,,,,,,,,,,,,,,,,,
"2322420","f4bd535a6c46ff5042ee3d9f1065c626a3ffdaee65da5eb7a9978dba4618db7df6aa0e4b20459fa36d5279f8121a0dd7052846790dcd4763c6ba97669698f57c","2026-06-08T19:26:00.000","2","PARKED",,"2215033",,"TOYOTA","HIGHLANDER","IL","2016","NONE","PASSENGER","PERSONAL","N","PARKED",,,"0",,,,"Y",,,,,,,"Y","N",,,,,,"SIDE-LEFT-REAR",,,,,,,,,,,,,,,,,,,,,,,,,,,,,,,,,
"2322413","b68eb3826a7beb24fdf1bca283df85b4f25ceb92ee3bb8345effcb4c50a0de22693706cf2aa12236b2bff6a6a68a05ac3c37aa97ad5d06deed6d840336328ad6","2026-06-08T19:17:00.000","1","DRIVER",,"2215030",,"KIA","SOUL","IL","2015","NONE","PASSENGER","PERSONAL","W","STRAIGHT AHEAD",,,"1",,,,,"Y",,,,,,,,,,"Y","Y","Y","FRONT-RIGHT-CORNER",,,,,,,,,,,,,,,,,,,,,,,,,,,,,,,,,
"2322414","b68eb3826a7beb24fdf1bca283df85b4f25ceb92ee3bb8345effcb4c50a0de22693706cf2aa12236b2bff6a6a68a05ac3c37aa97ad5d06deed6d840336328ad6","2026-06-08T19:17:00.000","2","PARKED","1","2215034",,"JEEP","GRAND CHEROKEE","IL","2018","NONE","PASSENGER","PERSONAL","N","PARKED",,,"1",,,,,,,,,,"Y",,,,,,,"Y","REAR",,,,,,,,,,,,,,,,,,,,,,,,,,,,,,,,,
"2322460","1b61771c1e8eaa1385fa3dfe8802f2f73a6810b087aafb2a42e80d92575fb45967f0d1009acb7bf7731afc641e7990144a4d89e0b2ba1e3d2550d5a6faeceab9","2026-06-08T19:11:00.000","2","DRIVER","1","2215073",,"UNKNOWN","TRACKS ONLY",,,"UNKNOWN","OTHER","COMMERCIAL - MULTI-UNIT","N","STRAIGHT AHEAD",,,"2",,,,,"Y",,,,,,,,,,,,,"FRONT-RIGHT-CORNER",,,,,,,,,,,,,,,,,,,,,,,,,,,,,,,,,
"2322461","1b61771c1e8eaa1385fa3dfe8802f2f73a6810b087aafb2a42e80d92575fb45967f0d1009acb7bf7731afc641e7990144a4d89e0b2ba1e3d2550d5a6faeceab9","2026-06-08T19:11:00.000","1","PARKED",,"2215098",,"FORD","F250","IL","2009","UNKNOWN","SINGLE UNIT TRUCK WITH TRAILER","PERSONAL","E","PARKED",,,"0",,,,,,,,,,,,,,,,,,"OTHER",,,,,,,,,,,,,,,,,,,,,,,,,,,,,,,,,
"2322434","ebe1c2660f1e1fd117ba61e08b4e6e710bedc9c0909f6c0ee6a332d33c7a977f90bbf04f891016ede066116175b5f6d6b4d52bf46de52150d6d4687b05857173","2026-06-08T18:47:00.000","1","PEDESTRIAN",,,,,,,,,,,,,,,,,,,,,,,,,,,,,,,,,,,,,,,,,,,,,,,,,,,,,,,,,,,,,,,,,,
"2322435","ebe1c2660f1e1fd117ba61e08b4e6e710bedc9c0909f6c0ee6a332d33c7a977f90bbf04f891016ede066116175b5f6d6b4d52bf46de52150d6d4687b05857173","2026-06-08T18:47:00.000","2","DRIVER","1","2215044",,"CHEVROLET","MALIBU","MI","2020","UNKNOWN","PASSENGER","PERSONAL","E","STRAIGHT AHEAD",,,"2",,,,,"Y",,,,,,,,,"Y","Y","Y",,"FRONT-LEFT-CORNER",,,,,,,,,,,,,,,,,,,,,,,,,,,,,,,,,
"2322392","c6885b0a55f49be3e827897c40985b3df89bcc4a64b8909f0e85a979a2b7147dd1ca9ce655f4bda967f306a5f0977a68e443c53de143fd7ce83602893416695d","2026-06-08T18:40:00.000","1","DRIVER",,"2214996",,"UNKNOWN","OTHER (EXPLAIN IN NARRATIVE)","IL",,"UNKNOWN","UNKNOWN/NA","UNKNOWN/NA","UNKNOWN","UNKNOWN/NA",,,"1",,,,,,,,,,,,,,,"N",,"Y","UNKNOWN",,,,,,,,,,,,,,,,,,,,,,,,,,,,,,,,,
"2322393","c6885b0a55f49be3e827897c40985b3df89bcc4a64b8909f0e85a979a2b7147dd1ca9ce655f4bda967f306a5f0977a68e443c53de143fd7ce83602893416695d","2026-06-08T18:40:00.000","2","PARKED",,"2214998",,"HYUNDAI","VENUE","IL","2025","UNKNOWN","PASSENGER","PERSONAL","E","PARKED",,,"0",,,,,,,,,,,,,,,"Y",,,"FRONT-LEFT-CORNER",,,,,,,,,,,,,,,,,,,,,,,,,,,,,,,,,
"2322442","c50e7db25b2ff2368712acb6dd16bb7b63c3be24af484eb1b2f84d8a4cd611e8a034145113e9485263a18dd573db33ad9ef7f92de212e91865fc69554d3cca16","2026-06-08T18:30:00.000","1","DRIVER",,"2215053",,"NISSAN","ALTIMA","IL","2014","NONE","PASSENGER","PERSONAL","S","STRAIGHT AHEAD",,,"1",,,,,"Y",,,,,,,,,,"Y","Y",,"FRONT",,,,,,,,,,,,,,,,,,,,,,,,,,,,,,,,,
"2322443","c50e7db25b2ff2368712acb6dd16bb7b63c3be24af484eb1b2f84d8a4cd611e8a034145113e9485263a18dd573db33ad9ef7f92de212e91865fc69554d3cca16","2026-06-08T18:30:00.000","2","DRIVER",,"2215057",,"TOYOTA","RAV4","IL","2015","NONE","SPORT UTILITY VEHICLE (SUV)","PERSONAL","S","STRAIGHT AHEAD",,,"1",,,,,,,,,"Y","Y","Y",,,,,,,"REAR",,,,,,,,,,,,,,,,,,,,,,,,,,,,,,,,,
"2322394","df9197535111c5e5272f9e1353824397d2baf53149ec3885bf73e3424f8aee3262d04eadd3404f81ffb598ac234fb0f9c4455335594122cf63269c0e2e3536da","2026-06-08T18:30:00.000","1","DRIVER",,"2215002",,"TESLA","MODEL 3","MD","2021","NONE","PASSENGER","PERSONAL","N","MERGING",,,"1",,,,,"Y","Y",,,,,,,,,,,,"SIDE-RIGHT",,,,,,,,,,,,,,,,,,,,,,,,,,,,,,,,,
"2322395","df9197535111c5e5272f9e1353824397d2baf53149ec3885bf73e3424f8aee3262d04eadd3404f81ffb598ac234fb0f9c4455335594122cf63269c0e2e3536da","2026-06-08T18:30:00.000","2","DRIVER",,"2215006",,"MERCEDES-BENZ","OTHER (EXPLAIN IN NARRATIVE)","IL","2022","NONE","PASSENGER","PERSONAL","N","STRAIGHT AHEAD",,,"1",,,,,,,,,,,,,,"Y","Y",,,"FRONT-LEFT-CORNER",,,,,,,,,,,,,,,,,,,,,,,,,,,,,,,,,
"2322374","6c1d1f0d4f9bdebe14665d5295472029fd0ffb844a21074c326f33e20e298cf2d510b9bd293405c12500a3ddba86c920ddc888d5cf7114866b30334932b9c9b9","2026-06-08T18:14:00.000","1","DRIVER",,"2214987",,"NISSAN","SENTRA","IL","2023","UNKNOWN","PASSENGER","PERSONAL","W","STRAIGHT AHEAD",,,"1",,,,,,,,,"Y","Y","Y",,,,,,,"REAR",,,,,,,,,,,,,,,,,,,,,,,,,,,,,,,,,
"2322375","6c1d1f0d4f9bdebe14665d5295472029fd0ffb844a21074c326f33e20e298cf2d510b9bd293405c12500a3ddba86c920ddc888d5cf7114866b30334932b9c9b9","2026-06-08T18:14:00.000","2","DRIVER",,"2214993",,"DODGE","RAM 1500 PU","IL","2010","NONE","PICKUP","PERSONAL","W","STRAIGHT AHEAD",,,"1",,,,,,,,"Y","Y",,,,,,,,,"SIDE-RIGHT-REAR",,,,,,,,,,,,,,,,,,,,,,,,,,,,,,,,,
"2322417","293691c8232891e06ac299c2d979b82ffc69467d27e4edbd40f7003136a25135d6575c66d1c0eeff4e77d25dca26a15565e804e80e8c93d1fcfea11e487092e2","2026-06-08T18:00:00.000","1","DRIVER",,"2215023",,"VOLKSWAGEN","ATLAS","IL","2018","UNKNOWN","SPORT UTILITY VEHICLE (SUV)","PERSONAL","UNKNOWN","CHANGING LANES",,,"1",,,,,"Y","Y","Y","Y",,,,"Y","Y","Y","Y",,,"UNKNOWN",,,,,,,,,,,,,,,,,,,,,,,,,,,,,,,,,
"2322418","293691c8232891e06ac299c2d979b82ffc69467d27e4edbd40f7003136a25135d6575c66d1c0eeff4e77d25dca26a15565e804e80e8c93d1fcfea11e487092e2","2026-06-08T18:00:00.000","2","DRIVER",,"2215028",,"CHEVROLET","CRUZE","FL","2018","UNKNOWN","PASSENGER","PERSONAL","UNKNOWN","STRAIGHT AHEAD",,,"1",,,,,,,,,,,"Y","Y","Y","Y","Y",,,"SIDE-LEFT",,,,,,,,,,,,,,,,,,,,,,,,,,,,,,,,,
"2322423","293691c8232891e06ac299c2d979b82ffc69467d27e4edbd40f7003136a25135d6575c66d1c0eeff4e77d25dca26a15565e804e80e8c93d1fcfea11e487092e2","2026-06-08T18:00:00.000","3","DRIVER",,"2215032",,"LINCOLN","NAVIGATOR","IL","2023","UNKNOWN","SPORT UTILITY VEHICLE (SUV)","TAXI/FOR HIRE","UNKNOWN","STRAIGHT AHEAD",,,"1",,,,,,,,,,,"Y","Y","Y","Y","Y",,,"SIDE-LEFT",,,,,,,,,,,,,,,,,,,,,,,,,,,,,,,,,
"2322348","33a3f655ef272e27dd6d3b1c8878e559c3c8581e10d99c99a8ac12e4144c823c6211fc2f098d2fac40657682d6eadd478dcb8e39456ceba6c2f75b9e5e4221bb","2026-06-08T18:00:00.000","1","DRIVER",,"2214951",,"UNKNOWN","MOTORIZED","IL",,"NONE","PASSENGER","PERSONAL","W","STRAIGHT AHEAD",,,"1",,,,,,,,,,,,,,,,,"Y","UNKNOWN",,,,,,,,,,,,,,,,,,,,,,,,,,,,,,,,,
"2322349","33a3f655ef272e27dd6d3b1c8878e559c3c8581e10d99c99a8ac12e4144c823c6211fc2f098d2fac40657682d6eadd478dcb8e39456ceba6c2f75b9e5e4221bb","2026-06-08T18:00:00.000","2","PARKED",,"2214959",,"CHEVROLET","CRUZE","IL","2017","NONE","PASSENGER","PERSONAL","W","PARKED",,,"0",,,,,,,,,,,,,,,"Y",,,"FRONT-LEFT-CORNER",,,,,,,,,,,,,,,,,,,,,,,,,,,,,,,,,
"2322388","9af6d67dd5420e068213c591d9a5a5ca43e3f604df39db5d23d44987e24245b5d6bcb66f0c2e0f88b2cb1a67edd03bd6aa3f8f460c2a600428b719b1754c2cb1","2026-06-08T18:00:00.000","1","DRIVER",,"2215000",,"KIA","SOUL","IL",,"NONE","PASSENGER","PERSONAL","N","STRAIGHT AHEAD",,,"1",,,,,"Y",,,,,,,,,,"Y","Y","Y","FRONT",,,,,,,,,,,,,,,,,,,,,,,,,,,,,,,,,
"2322389","9af6d67dd5420e068213c591d9a5a5ca43e3f604df39db5d23d44987e24245b5d6bcb66f0c2e0f88b2cb1a67edd03bd6aa3f8f460c2a600428b719b1754c2cb1","2026-06-08T18:00:00.000","2","DRIVER",,"2215008",,"TESLA","MODEL Y","IL","2023","NONE","PASSENGER","PERSONAL","N","SLOW/STOP IN TRAFFIC",,,"1",,,,,,,,,"Y","Y","Y",,,,,,"Y","REAR",,,,,,,,,,,,,,,,,,,,,,,,,,,,,,,,,
"2322457","cb001681999900bb8b56a2e01b2abcfbce863924672a58b64a3486e8b12bd76a2c77136b977046f9469d667b6a86a54068a1fdaaf93a09ed60d9c8ba2fe8cbc0","2026-06-08T18:00:00.000","1","DRIVER",,"2215066",,"UNKNOWN","MOTORIZED",,,"UNKNOWN","PASSENGER","PERSONAL","N","ENTERING TRAFFIC LANE FROM PARKING",,,"1",,,,,"Y","Y",,,,,,,,,,"Y",,"FRONT-RIGHT-CORNER",,,,,,,,,,,,,,,,,,,,,,,,,,,,,,,,,
"2322458","cb001681999900bb8b56a2e01b2abcfbce863924672a58b64a3486e8b12bd76a2c77136b977046f9469d667b6a86a54068a1fdaaf93a09ed60d9c8ba2fe8cbc0","2026-06-08T18:00:00.000","2","DRIVERLESS",,"2215071",,"LEXUS","RC F","IN","2020","NONE","PASSENGER","NOT IN USE","N","PARKED",,,"0",,,,,,,,,,"Y","Y","Y",,,,,,"REAR-LEFT-CORNER",,,,,,,,,,,,,,,,,,,,,,,,,,,,,,,,,
"2322350","4e442337a26f6ef9cbc1ab2a882a2b83b1263a812dab55f57ed742d7fbf0af85ec11545a7f543bbaa5948eb9814c9bc9bff6016d03383c578a8406747019674a","2026-06-08T17:50:00.000","1","DRIVER",,"2214945",,"UNKNOWN","OTHER (EXPLAIN IN NARRATIVE)",,,"UNKNOWN","UNKNOWN/NA","UNKNOWN/NA","E","STRAIGHT AHEAD",,,"1",,,,,,,,,,,,,,,,,,"UNKNOWN",,,,,,,,,,,,,,,,,,,,,,,,,,,,,,,,,
"2322351","4e442337a26f6ef9cbc1ab2a882a2b83b1263a812dab55f57ed742d7fbf0af85ec11545a7f543bbaa5948eb9814c9bc9bff6016d03383c578a8406747019674a","2026-06-08T17:50:00.000","2","DRIVER",,"2214955",,"HONDA","HR-V","IL","2025","UNKNOWN","PASSENGER","PERSONAL","E","STRAIGHT AHEAD",,,"1",,,,,,,,,"Y","Y","Y",,,,,,,"REAR",,,,,,,,,,,,,,,,,,,,,,,,,,,,,,,,,
"2322397","a683288e5e089e5820c9ea49ab3e73be3db5227998276f92bd49c539476f502ddee5ac7c12fc4acf962417fc9372b8ce9db2bc737c25e7e985429647fe8c1041","2026-06-08T17:47:00.000","1","DRIVER","2","2215009",,"FORD","FUSION","IL","2012","UNKNOWN","PASSENGER","PERSONAL","W","TURNING LEFT","Y",,"3",,"PERSONAL TOW",,,"Y",,,,,,,,,,"Y","Y",,"FRONT",,,,,,,,,,,,,,,,,,,,,,,,,,,,,,,,,
"2322398","a683288e5e089e5820c9ea49ab3e73be3db5227998276f92bd49c539476f502ddee5ac7c12fc4acf962417fc9372b8ce9db2bc737c25e7e985429647fe8c1041","2026-06-08T17:47:00.000","2","DRIVER",,"2215013",,"CHEVROLET","AVALANCHE","IL","2002","UNKNOWN","SPORT UTILITY VEHICLE (SUV)","PERSONAL","E","STRAIGHT AHEAD",,,"1",,,,,,,,,,,"Y","Y","Y","Y","Y",,,"SIDE-LEFT",,,,,,,,,,,,,,,,,,,,,,,,,,,,,,,,,
"2322364","65fbc9bcdef61d9611d9d4b7dd66bf22319225380841002d3b66e2cadc67e2657a3998b15f11e88d0caecc5e50730bebd402695296d518142b345fc346b320f4","2026-06-08T17:41:00.000","1","DRIVER","1","2214972",,"HONDA","CR-V","IL","1997","UNKNOWN","PASSENGER","PERSONAL","N","PASSING/OVERTAKING",,,"2",,,,,,,,,,,,,,"Y","Y",,,"FRONT-LEFT-CORNER",,,,,,,,,,,,,,,,,,,,,,,,,,,,,,,,,
"2322365","65fbc9bcdef61d9611d9d4b7dd66bf22319225380841002d3b66e2cadc67e2657a3998b15f11e88d0caecc5e50730bebd402695296d518142b345fc346b320f4","2026-06-08T17:41:00.000","2","DRIVER",,"2214976",,"HYUNDAI","TUCSON","IL","2026","UNKNOWN","PASSENGER","PERSONAL","N","OTHER",,,"1",,,,,"Y","Y",,,,,,,,,,,,"FRONT-RIGHT-CORNER",,,,,,,,,,,,,,,,,,,,,,,,,,,,,,,,,
"2322386","85154edc90eddd42fd884e4e4d5ceb40906154488888c50dd36e20b9865ed5152564d6306dae73a0d9f210aaf59dded4fbca13732680f9d838d6e0fd4a2d2775","2026-06-08T17:41:00.000","2","DRIVER",,"2214995",,"JEEP","GRAND CHEROKEE","IL","2018","NONE","PASSENGER","PERSONAL","W","STRAIGHT AHEAD",,,"1",,,,,"Y",,,,,,,,,"Y","Y","Y",,"FRONT",,,,,,,,,,,,,,,,,,,,,,,,,,,,,,,,,
"2322387","85154edc90eddd42fd884e4e4d5ceb40906154488888c50dd36e20b9865ed5152564d6306dae73a0d9f210aaf59dded4fbca13732680f9d838d6e0fd4a2d2775","2026-06-08T17:41:00.000","1","DRIVER",,"2215004",,"CHEVROLET","TRUCK","IL","2022","NONE","PASSENGER","NOT IN USE","SW","TURNING LEFT",,,"1",,,,,"Y",,,,,,,,,,"Y","Y",,"FRONT",,,,,,,,,,,,,,,,,,,,,,,,,,,,,,,,,
"2322291","13a348b6a1e28d1099bba9d1a46b9114c0e2cfce170e033d4099eb6f9e1622f0678d91a425c5ed5e7100745eda8a77c3104d8718c95370c766a4dcd5614640b0","2026-06-08T17:40:00.000","1","DRIVER",,"2214892",,"NISSAN","SENTRA","IL","2012","UNKNOWN","PASSENGER","PERSONAL","SW","PASSING/OVERTAKING",,,"1",,,,,"Y",,,,,,,,,,,,,"FRONT-RIGHT-CORNER",,,,,,,,,,,,,,,,,,,,,,,,,,,,,,,,,
"2322292","13a348b6a1e28d1099bba9d1a46b9114c0e2cfce170e033d4099eb6f9e1622f0678d91a425c5ed5e7100745eda8a77c3104d8718c95370c766a4dcd5614640b0","2026-06-08T17:40:00.000","2","DRIVER",,"2214899",,"NISSAN","ALTIMA","IL","2016","UNKNOWN","PASSENGER","PERSONAL","SW","STRAIGHT AHEAD",,,"1",,,,,,,,,,,"Y","Y",,,,,,"REAR-LEFT-CORNER",,,,,,,,,,,,,,,,,,,,,,,,,,,,,,,,,
"2322338","f29691a9d3b3f57a06fe40d2d1cce73f06dd58888dbc6db00aefed98c5b3d91496549f16bb1b541193a16517ab111ee94585edd3aa438478982f2813688cb955","2026-06-08T17:40:00.000","1","DRIVER",,"2214938",,"HYUNDAI","SONATA","IL","2006","NONE","PASSENGER","PERSONAL","S","TURNING LEFT",,,"1",,,,"Y",,,,,,,,,,,,,,"FRONT",,,,,,,,,,,,,,,,,,,,,,,,,,,,,,,,,
"2322339","f29691a9d3b3f57a06fe40d2d1cce73f06dd58888dbc6db00aefed98c5b3d91496549f16bb1b541193a16517ab111ee94585edd3aa438478982f2813688cb955","2026-06-08T17:40:00.000","2","DRIVER",,"2214949",,"HONDA","CIVIC","IL","2002","NONE","PASSENGER","PERSONAL","E","STRAIGHT AHEAD",,,"1",,,,,,,,,,,,,"Y",,,,,"SIDE-LEFT",,,,,,,,,,,,,,,,,,,,,,,,,,,,,,,,,
"2322312","2449a6952cfccbf2cf44a27890606624e21fabe53f46962b9993b93c5737bd8a72ac46445ddaf9190073d032117bb1b5ceb14c7553045cc84766603fc9607b83","2026-06-08T17:35:00.000","1","DRIVER",,"2214913",,"NISSAN","SENTRA","GA","2025","NONE","PASSENGER","PERSONAL","W","STRAIGHT AHEAD",,,"1",,,,,,,,,"Y","Y",,,,,,,"Y","REAR",,,,,,,,,,,,,,,,,,,,,,,,,,,,,,,,,
"2322313","2449a6952cfccbf2cf44a27890606624e21fabe53f46962b9993b93c5737bd8a72ac46445ddaf9190073d032117bb1b5ceb14c7553045cc84766603fc9607b83","2026-06-08T17:35:00.000","2","DRIVER",,"2214953",,"FORD","FUSION","IL",,"UNKNOWN","PASSENGER","UNKNOWN/NA","W","UNKNOWN/NA",,,"1",,,,,,,,,,,,,,,"Y","Y","Y","FRONT-LEFT-CORNER",,,,,,,,,,,,,,,,,,,,,,,,,,,,,,,,,
"2322409","35e2d5ac264d9dee7565a584da516152f379addcbbe9b245ed99102ee6183e3d6d43af52c1f25ae79f3c2ffa5f072fea3b74537136e88982c1ed50c202cf07ae","2026-06-08T17:30:00.000","1","DRIVER","2","2215017",,"TOYOTA","SIENNA","IL","2022","UNKNOWN","VAN/MINI-VAN","UNKNOWN/NA","E","TURNING LEFT",,,"3",,,,,,"Y","Y","Y","Y",,,,,,,,,"SIDE-RIGHT",,,,,,,,,,,,,,,,,,,,,,,,,,,,,,,,,
"2322410","35e2d5ac264d9dee7565a584da516152f379addcbbe9b245ed99102ee6183e3d6d43af52c1f25ae79f3c2ffa5f072fea3b74537136e88982c1ed50c202cf07ae","2026-06-08T17:30:00.000","2","DRIVER",,"2215021",,"DODGE","CHALLENGER","IL","2017","UNKNOWN","PASSENGER","UNKNOWN/NA","W","STRAIGHT AHEAD",,,"1",,,,,"Y",,,,,,,,,,,"Y",,"FRONT",,,,,,,,,,,,,,,,,,,,,,,,,,,,,,,,,
"2322303","b6364f783197d516777bc8720652b28ffd623a41d415306ccb219519d06866edb590ee4e336e53fb1e254c091b3b1c066884482f82c36345ca1aa6038085ab7a","2026-06-08T17:23:00.000","1","DRIVER",,"2214893",,"TOYOTA","RAV4","IL","2009","UNKNOWN","SPORT UTILITY VEHICLE (SUV)","UNKNOWN/NA","SW","BACKING",,,"1",,,,,,,,,,,,,,,,,"Y","REAR",,,,,,,,,,,,,,,,,,,,,,,,,,,,,,,,,
"2322304","b6364f783197d516777bc8720652b28ffd623a41d415306ccb219519d06866edb590ee4e336e53fb1e254c091b3b1c066884482f82c36345ca1aa6038085ab7a","2026-06-08T17:23:00.000","2","DRIVER",,"2214903",,"KIA","FORTE","IL","2018","NONE","PASSENGER","UNKNOWN/NA","SW","SLOW/STOP IN TRAFFIC",,,"1",,,,,,,,,,,,,,,,"Y",,"FRONT",,,,,,,,,,,,,,,,,,,,,,,,,,,,,,,,,
"2322310","03bea615396cbe56dc86c59dbb7bf2e524d873a10d03b816be566ced46890a5ca814294ef9e5a939d3d3e5abf032a4710aec2b2fd56b01e035c5703ddf640897","2026-06-08T17:20:00.000","1","DRIVER",,"2214907",,"BMW","OTHER (EXPLAIN IN NARRATIVE)","IL","2011","NONE","PASSENGER","PERSONAL","N","STRAIGHT AHEAD",,,"1",,,,,,,,,,,,,,,,"Y",,"FRONT",,,,,,,,,,,,,,,,,,,,,,,,,,,,,,,,,
"2322311","03bea615396cbe56dc86c59dbb7bf2e524d873a10d03b816be566ced46890a5ca814294ef9e5a939d3d3e5abf032a4710aec2b2fd56b01e035c5703ddf640897","2026-06-08T17:20:00.000","2","DRIVER",,"2214931",,"LINCOLN","NAUTILUS","IL","2023","NONE","PASSENGER","PERSONAL","N","STRAIGHT AHEAD",,,"1",,,,,,,,,,"Y",,,,,,,,"REAR",,,,,,,,,,,,,,,,,,,,,,,,,,,,,,,,,
"2322326","30a400726727b4d6f0764b7842634a9b77e248700ec45a0b65bc0e0b99f13be56177c90d16a7eac608c199d501bd9443d85a6028e6865ad064e0a23de0a56861","2026-06-08T17:20:00.000","1","DRIVER",,"2214933","Y","ISUZU","OTHER (EXPLAIN IN NARRATIVE)","IL","2004","UNKNOWN","TRUCK - SINGLE UNIT","OTHER","N","STRAIGHT AHEAD",,,"1",,,,"Y",,,,,,,,,,"N",,,,"FRONT-RIGHT-CORNER","23637","4473443",,,"SIDE OF TRUCK","2","EAGLE FLIGHT LOGISTIC CORP.",,,,,,"N","N",,"N",,"N","N",,,,,,,,,"SINGLE UNIT TRUCK, 2 AXLES, 6 TIRES","OTHER","UNKNOWN","N","N",
"2322327","30a400726727b4d6f0764b7842634a9b77e248700ec45a0b65bc0e0b99f13be56177c90d16a7eac608c199d501bd9443d85a6028e6865ad064e0a23de0a56861","2026-06-08T17:20:00.000","2","PARKED",,"2214950",,"CHEVROLET","MALIBU","IL","2013","NONE","PASSENGER","NOT IN USE","N","PARKED",,,"0",,,,,,,,,,,"Y","Y","Y",,,,,"REAR-RIGHT-CORNER",,,,,,,,,,,,,,,,,,,,,,,,,,,,,,,,,
"2322432","60492d023a05feb411ba9c91726e069151bdc8dba7c3800f2bc41f4c1ebe5f4734ce5f432e885d0db3a14c1b2c43def22dbc4ff39a160ddb24455cac8a02831c","2026-06-08T17:19:00.000","1","DRIVER","1","2215043",,"NISSAN","ROGUE","IL","2017","UNKNOWN","PASSENGER","PERSONAL","NE","TURNING RIGHT",,,"2",,,,,"Y",,,,,,,,,,"Y","Y",,"FRONT",,,,,,,,,,,,,,,,,,,,,,,,,,,,,,,,,
"2322433","60492d023a05feb411ba9c91726e069151bdc8dba7c3800f2bc41f4c1ebe5f4734ce5f432e885d0db3a14c1b2c43def22dbc4ff39a160ddb24455cac8a02831c","2026-06-08T17:19:00.000","2","DRIVER","1","2215048",,"SUBARU","OUTBACK","IL","2013","UNKNOWN","PASSENGER","PERSONAL","N","STRAIGHT AHEAD",,,"2",,,,,,,,,,,"Y","Y","Y","Y","Y",,,"SIDE-LEFT",,,,,,,,,,,,,,,,,,,,,,,,,,,,,,,,,
"2322283","f9506291dacf50706dc30185be25dc657078abc1ab2d0aee99b056f86a4b0646d842529065945be08f5cd0ef16c86b04848c7c3050b78a93688dc51bb7bd93cd","2026-06-08T17:12:00.000","1","DRIVER",,"2214888",,"FORD","EDGE","IL","2014","UNKNOWN","SPORT UTILITY VEHICLE (SUV)","PERSONAL","NW","TURNING LEFT",,,"1",,,,,"Y",,,,,,,,,,"Y","Y",,"FRONT",,,,,,,,,,,,,,,,,,,,,,,,,,,,,,,,,
"2322284","f9506291dacf50706dc30185be25dc657078abc1ab2d0aee99b056f86a4b0646d842529065945be08f5cd0ef16c86b04848c7c3050b78a93688dc51bb7bd93cd","2026-06-08T17:12:00.000","2","DRIVER","1","2214908",,"GENERAL MOTORS CORPORATION (GMC)","TERRAIN","IL","2013","UNKNOWN","SPORT UTILITY VEHICLE (SUV)","PERSONAL","N","STRAIGHT AHEAD","Y",,"2",,"CHICAGO NORTHWEST","2643 HAYMOND RIVER GROVE, IL",,"Y",,,,,,,,,"Y","Y","Y",,"FRONT-LEFT-CORNER",,,,,,,,,,,,,,,,,,,,,,,,,,,,,,,,,
"2322342","997255490c8de435b281381aad47a56e30f9e55fa7e1da0d6be212a4d2038c63f4bc03689d8cd447c6930500e60e9340bacf0e3918f21d34800f3b68f7605584","2026-06-08T17:07:00.000","1","DRIVER","1","2214957",,"HYUNDAI","SONATA","IL","2026","NONE","PASSENGER","PERSONAL","W","TURNING LEFT",,,"2",,,,,,,,,,,"Y","Y",,,,,,"REAR-LEFT-CORNER",,,,,,,,,,,,,,,,,,,,,,,,,,,,,,,,,
"2322343","997255490c8de435b281381aad47a56e30f9e55fa7e1da0d6be212a4d2038c63f4bc03689d8cd447c6930500e60e9340bacf0e3918f21d34800f3b68f7605584","2026-06-08T17:07:00.000","2","DRIVER",,"2214973",,"FORD","OTHER (EXPLAIN IN NARRATIVE)","IL","2024","NONE","TRUCK - SINGLE UNIT","OTHER","W","STRAIGHT AHEAD",,,"1",,,,"Y","Y",,,,,,,,,,"Y","Y",,"FRONT",,,,,,,,,,,,,,,,,,,,,,,,,,,,,,,,,
"2322323","ba3d0eb7aaa41a6ebb3eac268bf74f6b2636710ce56b108ca93829aec5dfba1ca85f9b0c3513922006e58432048e9b1e95afb0aab539ea52c3ecbde291a9b73f","2026-06-08T17:06:00.000","1","DRIVER",,"2214934",,"SATURN","VUE","IL","2008","UNKNOWN","PASSENGER","PERSONAL","S","STRAIGHT AHEAD","N",,"1",,,,,"Y",,,,,,,,,,"Y","Y",,"FRONT",,,,,,,,,,,,,,,,,,,,,,,,,,,,,,,,,
"2322324","ba3d0eb7aaa41a6ebb3eac268bf74f6b2636710ce56b108ca93829aec5dfba1ca85f9b0c3513922006e58432048e9b1e95afb0aab539ea52c3ecbde291a9b73f","2026-06-08T17:06:00.000","2","DRIVER",,"2214948",,"FORD","ESCAPE","IL","2020","UNKNOWN","PASSENGER","PERSONAL","S","SLOW/STOP IN TRAFFIC","Y",,"1",,"UNK","UNK",,,,,,,"Y","Y",,,,,"Y",,"REAR",,,,,,,,,,,,,,,,,,,,,,,,,,,,,,,,,
"2322325","ba3d0eb7aaa41a6ebb3eac268bf74f6b2636710ce56b108ca93829aec5dfba1ca85f9b0c3513922006e58432048e9b1e95afb0aab539ea52c3ecbde291a9b73f","2026-06-08T17:06:00.000","3","DRIVER","1","2214960",,"NISSAN","ROGUE","IL","2017","UNKNOWN","PASSENGER","PERSONAL","S","SLOW/STOP IN TRAFFIC",,,"2",,,,,,,,,,"Y",,,,,,,,"REAR",,,,,,,,,,,,,,,,,,,,,,,,,,,,,,,,,
"2322346","e509f3127a9b0b6c6ecfea91949017273f5394c5d8e8ee414fa774f41e9fec10b008a8ced084aa0e8357779c95cf6038f7ee5b16750b4027eed75897d4785751","2026-06-08T17:01:00.000","1","DRIVER",,"2214952",,"FORD","ESCAPE","IL","2014","UNKNOWN","PASSENGER","PERSONAL","S","STRAIGHT AHEAD",,,"1",,,,,,,,,,,,,,,,"Y",,"FRONT",,,,,,,,,,,,,,,,,,,,,,,,,,,,,,,,,
"2322363","e509f3127a9b0b6c6ecfea91949017273f5394c5d8e8ee414fa774f41e9fec10b008a8ced084aa0e8357779c95cf6038f7ee5b16750b4027eed75897d4785751","2026-06-08T17:01:00.000","2","DRIVER",,"2214966",,"CHEVROLET","EQUINOX","IL","2024","UNKNOWN","PASSENGER","PERSONAL","S","AVOIDING VEHICLES/OBJECTS",,,"1",,,,,,,,,,"Y",,,,,,,,"REAR",,,,,,,,,,,,,,,,,,,,,,,,,,,,,,,,,
"2322267","1eeeb27006ca7eb4cc834ed039eb6e6f60ed89f5b497dafced40ec7a933a6be2c44734d03b1a708511187a386ca5442fd53542b0f74640b155254c2c1870a624","2026-06-08T17:00:00.000","1","DRIVER",,"2214871",,"NEW FLYER","OTHER (EXPLAIN IN NARRATIVE)","IL","2006","UNKNOWN","BUS OVER 15 PASS.","CTA","E","STRAIGHT AHEAD",,,"1",,,,,,,,,,,,,,,,"Y",,"FRONT",,,,,,,,,,,,,,,,,,,,,,,,,,,,,,,,,
"2322268","1eeeb27006ca7eb4cc834ed039eb6e6f60ed89f5b497dafced40ec7a933a6be2c44734d03b1a708511187a386ca5442fd53542b0f74640b155254c2c1870a624","2026-06-08T17:00:00.000","2","DRIVER",,"2214883",,"DODGE","RAM 1500 PU","IL","2019","UNKNOWN","PICKUP","PERSONAL","E","STRAIGHT AHEAD",,,"1",,,,,,,,,"Y","Y","Y",,,,,,,"REAR",,,,,,,,,,,,,,,,,,,,,,,,,,,,,,,,,
"2322489","78b753518e4d013a4b62419d6b15c3cfde8a54381885f21eb726a44a1e1912d79683b5f414832f8d66d12c762cfc0bf10242dba2fffafd15387d21632d10fd3e","2026-06-08T17:00:00.000","1","DRIVER",,"2215087",,"FORD","ESCAPE","WI","2008","NONE","PASSENGER","PERSONAL","S","STRAIGHT AHEAD",,,"1",,,,,,"Y","Y","Y",,,,"N","N","N",,,,"SIDE-RIGHT",,,,,,,,,,,,,,,,,,,,,,,,,,,,,,,,,
"2322490","78b753518e4d013a4b62419d6b15c3cfde8a54381885f21eb726a44a1e1912d79683b5f414832f8d66d12c762cfc0bf10242dba2fffafd15387d21632d10fd3e","2026-06-08T17:00:00.000","2","DRIVER","1","2215093",,"TOYOTA","SIENNA","IL","2019","NONE","OTHER","RIDESHARE SERVICE","S","OTHER",,,"2",,,,,,,,,,,,"Y","Y","Y",,,,"SIDE-LEFT",,,,,,,,,,,,,,,,,,,,,,,,,,,,,,,,,
"2322359","9c49e94750949c12570bdb026b5ca9e08662e2c4fead91e34d3c25a63342bb1d56528c56c2dd29d6e23b483ab9fefbaba4894a74628b420c79485847f901acb6","2026-06-08T17:00:00.000","1","DRIVER",,"2214969",,"DODGE","OTHER (EXPLAIN IN NARRATIVE)","IL","2007","UNKNOWN","VAN/MINI-VAN","COMMERCIAL - SINGLE UNIT","UNKNOWN","PASSING/OVERTAKING",,,"1",,,,,,,"Y","Y","Y",,,,,,,,,"SIDE-RIGHT-REAR",,,,,,,,,,,,,,,,,,,,,,,,,,,,,,,,,
"2322360","9c49e94750949c12570bdb026b5ca9e08662e2c4fead91e34d3c25a63342bb1d56528c56c2dd29d6e23b483ab9fefbaba4894a74628b420c79485847f901acb6","2026-06-08T17:00:00.000","2","PARKED",,"2214971",,"CHEVROLET","MALIBU","IL","2014","UNKNOWN","PASSENGER","NOT IN USE","UNKNOWN","PARKED",,,"0",,,,,,,,,,,,,,"Y","Y",,,"FRONT-LEFT-CORNER",,,,,,,,,,,,,,,,,,,,,,,,,,,,,,,,,
"2322299","b96207e401e13da346d1b4469311b42b078fee2f51a52c0f27212161376c56c81ba4df7e7849116513ca8e68c0b54837810a10b07b3ddb0bc78b2e597913b7ae","2026-06-08T17:00:00.000","1","DRIVER","1","2214914",,"LEXUS","ES","IL","2006","UNKNOWN","PASSENGER","PERSONAL","S","STRAIGHT AHEAD",,,"2",,,,,,"Y",,,,,,,,,,,,"REAR",,,,,,,,,,,,,,,,,,,,,,,,,,,,,,,,,
"2322300","b96207e401e13da346d1b4469311b42b078fee2f51a52c0f27212161376c56c81ba4df7e7849116513ca8e68c0b54837810a10b07b3ddb0bc78b2e597913b7ae","2026-06-08T17:00:00.000","2","DRIVER",,"2214954",,"VOLKSWAGEN","JETTA","IL",,"UNKNOWN","PASSENGER","PERSONAL","E","STRAIGHT AHEAD",,,"1",,,,,,,,,,,,,,,"Y","Y",,"FRONT",,,,,,,,,,,,,,,,,,,,,,,,,,,,,,,,,
"2322295","fe7837c556cd9bcd7fba7fcf8e5653039a814948bd215931cd22523f3f9b4c4429bb05eed81005288928884b66fc29417191f97b049a2343cbb2464a9de29450","2026-06-08T17:00:00.000","1","DRIVER",,"2214992",,"MITSUBISHI","OUTLANDER","IL","2018","UNKNOWN","PASSENGER","PERSONAL","E","STRAIGHT AHEAD",,,"1",,,,,"Y",,,,,,,,,,"Y","Y",,"FRONT",,,,,,,,,,,,,,,,,,,,,,,,,,,,,,,,,
"2322296","fe7837c556cd9bcd7fba7fcf8e5653039a814948bd215931cd22523f3f9b4c4429bb05eed81005288928884b66fc29417191f97b049a2343cbb2464a9de29450","2026-06-08T17:00:00.000","2","DRIVER",,"2214897",,"CHEVROLET","OTHER (EXPLAIN IN NARRATIVE)","IL","2014","UNKNOWN","PASSENGER","PERSONAL","N","STRAIGHT AHEAD",,,"1",,,,,"N",,,,,,,,"Y","Y","Y","N",,"SIDE-LEFT",,,,,,,,,,,,,,,,,,,,,,,,,,,,,,,,,
"2322336","4c1270922a792e9eed1e4e6bd3dc9815a2fefa513b61366b3cbfa85c2813c95e05c8fe747e5bc704f8170cdf9b574f939f1d59400ef14df9b5cdeed70733a439","2026-06-08T16:50:00.000","1","DRIVER",,"2214926",,"FORD","FUSION","IL","2010","UNKNOWN","PASSENGER","PERSONAL","E","STRAIGHT AHEAD",,,"1",,,,,,,,,,,,,,,,,"Y","UNKNOWN",,,,,,,,,,,,,,,,,,,,,,,,,,,,,,,,,
"2322337","4c1270922a792e9eed1e4e6bd3dc9815a2fefa513b61366b3cbfa85c2813c95e05c8fe747e5bc704f8170cdf9b574f939f1d59400ef14df9b5cdeed70733a439","2026-06-08T16:50:00.000","2","DRIVER","2","2214940",,"NISSAN","SENTRA","IL","2025","NONE","PASSENGER","PERSONAL","E","SLOW/STOP IN TRAFFIC",,,"3",,,,,,,,,,"Y",,,,,,,,"REAR",,,,,,,,,,,,,,,,,,,,,,,,,,,,,,,,,
"2322220","e3973c68d9be5657c07adef6b3af3620b344999b5dab16d52b221b69a8ab3a86b5917006612e3c010b9d0ca73bf4296df48ba99740a069faab6c02cc25cb9dce","2026-06-08T16:44:00.000","1","DRIVER",,"2214833",,"KIA","TELLURIDE","IL","2020","UNKNOWN","PASSENGER","PERSONAL","UNKNOWN","U-TURN",,,"1",,,,,"Y",,,,,,,,,,"Y","Y",,"FRONT",,,,,,,,,,,,,,,,,,,,,,,,,,,,,,,,,
"2322221","e3973c68d9be5657c07adef6b3af3620b344999b5dab16d52b221b69a8ab3a86b5917006612e3c010b9d0ca73bf4296df48ba99740a069faab6c02cc25cb9dce","2026-06-08T16:44:00.000","2","DRIVER",,"2214838",,"LEXUS","NX","IL","2019","UNKNOWN","PASSENGER","PERSONAL","E","UNKNOWN/NA",,,"1",,,,,"N",,,,,,,,"N","N","Y",,,"SIDE-LEFT-FRONT",,,,,,,,,,,,,,,,,,,,,,,,,,,,,,,,,
"2322316","e34a5eec40f391051339a16de398a9644b3593e3b9faf80cb7ba7046b178ad7c2c6861883e3050c5401f5df812291b6fd7a39e43e6006034a3602bf421bbc41f","2026-06-08T16:42:00.000","1","DRIVER",,"2214924",,"MAZDA","MAZDA2","IL","2012","UNKNOWN","PASSENGER","UNKNOWN/NA","E","STRAIGHT AHEAD",,,"1",,,,,"Y",,,,,,"N",,,,"Y","Y",,"FRONT",,,,,,,,,,,,,,,,,,,,,,,,,,,,,,,,,
"2322317","e34a5eec40f391051339a16de398a9644b3593e3b9faf80cb7ba7046b178ad7c2c6861883e3050c5401f5df812291b6fd7a39e43e6006034a3602bf421bbc41f","2026-06-08T16:42:00.000","2","DRIVER",,"2214936",,"CHEVROLET","EQUINOX","IL","2026","UNKNOWN","SPORT UTILITY VEHICLE (SUV)","UNKNOWN/NA","E","SLOW/STOP IN TRAFFIC",,,"1",,,,,,,,,"Y","Y","Y",,,,,,,"REAR",,,,,,,,,,,,,,,,,,,,,,,,,,,,,,,,,
"2322226","e02f285a74d0add6ab978de4f5b6737e9d65fe802336341a90954ced5b3047f7a6671022586d0cfbab1435c89901fe0203b437a1170638c74ad3b4bb31b54816","2026-06-08T16:40:00.000","1","DRIVER",,"2214830",,"UNKNOWN","OTHER (EXPLAIN IN NARRATIVE)",,,"UNKNOWN","UNKNOWN/NA","UNKNOWN/NA","W","STRAIGHT AHEAD",,,"1",,,,,,,,,,,,,,,,,"Y","UNKNOWN",,,,,,,,,,,,,,,,,,,,,,,,,,,,,,,,,
"2322227","e02f285a74d0add6ab978de4f5b6737e9d65fe802336341a90954ced5b3047f7a6671022586d0cfbab1435c89901fe0203b437a1170638c74ad3b4bb31b54816","2026-06-08T16:40:00.000","2","DRIVER",,"2214839",,"MAZDA","OTHER (EXPLAIN IN NARRATIVE)","IL","2021","NONE","PASSENGER","PERSONAL","W","STRAIGHT AHEAD",,,"1",,,,,"Y",,,,,,"Y","Y",,,"Y","Y",,"REAR-LEFT-CORNER",,,,,,,,,,,,,,,,,,,,,,,,,,,,,,,,,
"2322228","e02f285a74d0add6ab978de4f5b6737e9d65fe802336341a90954ced5b3047f7a6671022586d0cfbab1435c89901fe0203b437a1170638c74ad3b4bb31b54816","2026-06-08T16:40:00.000","3","PARKED",,"2214843",,"HONDA","CIVIC","IL","2009","NONE","PASSENGER","PERSONAL","W","PARKED",,,"0",,,,,"Y",,,,,,"Y","Y",,,"Y","Y",,"REAR-LEFT-CORNER",,,,,,,,,,,,,,,,,,,,,,,,,,,,,,,,,
"2322229","e02f285a74d0add6ab978de4f5b6737e9d65fe802336341a90954ced5b3047f7a6671022586d0cfbab1435c89901fe0203b437a1170638c74ad3b4bb31b54816","2026-06-08T16:40:00.000","4","PARKED",,"2214880",,"INFINITI","OTHER (EXPLAIN IN NARRATIVE)","IL","2015","NONE","PASSENGER","PERSONAL","W","PARKED",,,"0",,,,,,,,,"Y","Y","Y",,,,,,,"REAR",,,,,,,,,,,,,,,,,,,,,,,,,,,,,,,,,
"2322361","9eaaf98fca594f4839d041df522b8b689d9c1b1308d11a3660c9509f41f58420c0beca3eb9383435e61f45ed8ddf83eb8b362c2f6d29b22849089d8b13f60cdb","2026-06-08T16:37:00.000","1","DRIVER",,"2214967",,"HYUNDAI","TUCSON","IL","2016","UNKNOWN","SPORT UTILITY VEHICLE (SUV)","UNKNOWN/NA","UNKNOWN","UNKNOWN/NA",,,"1",,,,,,,,,,,,,,,,,"Y","UNKNOWN",,,,,,,,,,,,,,,,,,,,,,,,,,,,,,,,,
"2322362","9eaaf98fca594f4839d041df522b8b689d9c1b1308d11a3660c9509f41f58420c0beca3eb9383435e61f45ed8ddf83eb8b362c2f6d29b22849089d8b13f60cdb","2026-06-08T16:37:00.000","2","DRIVERLESS",,"2214975",,"VOLKSWAGEN","ATLAS","IL","2026","UNKNOWN","SPORT UTILITY VEHICLE (SUV)","UNKNOWN/NA","UNKNOWN","PARKED",,,"0",,,,,,,,,,,,"Y","Y","Y",,,,"SIDE-LEFT",,,,,,,,,,,,,,,,,,,,,,,,,,,,,,,,,
"2322306","d7e7b8a6b6808ebe6e616d0c02ded9105662586aa20e4d195e7f790a50629f219d5b2fbfbb35bed3a7eed266050752f0e2b5420cbf37cf353e5f87c4efbaced6","2026-06-08T16:36:00.000","1","DRIVER",,"2214904",,"NISSAN","ROGUE","IL","2018","UNKNOWN","PASSENGER","PERSONAL","UNKNOWN","STRAIGHT AHEAD",,,"1",,,,,"Y",,,,,,,,,,"Y","Y",,"FRONT",,,,,,,,,,,,,,,,,,,,,,,,,,,,,,,,,
"2322307","d7e7b8a6b6808ebe6e616d0c02ded9105662586aa20e4d195e7f790a50629f219d5b2fbfbb35bed3a7eed266050752f0e2b5420cbf37cf353e5f87c4efbaced6","2026-06-08T16:36:00.000","2","DRIVER",,"2214910",,"TOYOTA","PRIUS","IL","2021","NONE","PASSENGER","PERSONAL","UNKNOWN","STRAIGHT AHEAD",,,"1",,,,,,,,,,,"Y","Y","Y","Y",,,,"SIDE-LEFT",,,,,,,,,,,,,,,,,,,,,,,,,,,,,,,,,
"2322289","26d2847369538752476d11f76d4e1f71917a79246b9d8ced97257bc81dd14022d350961d336c160f9b94af6fca81cbb193f135ebdf05dcda3c9471009e0d9acb","2026-06-08T16:30:00.000","1","DRIVER",,"2214923",,"HYUNDAI","ELANTRA",,"2016","NONE","PASSENGER","PERSONAL","N","STRAIGHT AHEAD",,,"1",,,,,,,,,,,,,,,"Y",,,"FRONT-LEFT-CORNER",,,,,,,,,,,,,,,,,,,,,,,,,,,,,,,,,
"2322290","26d2847369538752476d11f76d4e1f71917a79246b9d8ced97257bc81dd14022d350961d336c160f9b94af6fca81cbb193f135ebdf05dcda3c9471009e0d9acb","2026-06-08T16:30:00.000","2","DRIVER",,"2214943",,"CHEVROLET","CONFEDERATE","IL","2024","NONE","PICKUP","PERSONAL","S","STRAIGHT AHEAD",,,"1",,,,,"N",,,,,,,,,,"Y","Y",,"FRONT-LEFT-CORNER",,,,,,,,,,,,,,,,,,,,,,,,,,,,,,,,,
"2322243","7edade390e5e5e9c405ddc9a1d371b8dab3465cd8d34e0429597400c91dae85c1725c810655df088ccf4de7f7cd0dbe7abf503993d832b388240bae368ba22f9","2026-06-08T16:30:00.000","1","DRIVER",,"2214850",,"UNKNOWN","OTHER (EXPLAIN IN NARRATIVE)","IL",,"UNKNOWN","UNKNOWN/NA","UNKNOWN/NA","UNKNOWN","UNKNOWN/NA",,,"1",,,,,,,,,,,,,,,,,,"UNKNOWN",,,,,,,,,,,,,,,,,,,,,,,,,,,,,,,,,
"2322244","7edade390e5e5e9c405ddc9a1d371b8dab3465cd8d34e0429597400c91dae85c1725c810655df088ccf4de7f7cd0dbe7abf503993d832b388240bae368ba22f9","2026-06-08T16:30:00.000","2","PARKED",,"2214852",,"MERCEDES-BENZ","OTHER (EXPLAIN IN NARRATIVE)","IL","2017","NONE","PASSENGER","PERSONAL","N","PARKED",,,"0",,,,,"Y","Y","Y",,,,,,,,,,,"REAR",,,,,,,,,,,,,,,,,,,,,,,,,,,,,,,,,
"2322367","99d86f320982015039a963cf88129d800937c567054898a726ee9c762d01bcceccd0cb00368f1e3dc64dc552b73ad651096a92848935357a67e2bd49dd7a260e","2026-06-08T16:30:00.000","1","DRIVER",,"2214981",,"CHEVROLET","SILVERADO","IL","2024","NONE","PICKUP","PERSONAL","W","ENTERING TRAFFIC LANE FROM PARKING",,,"1",,,,,,,,,,,,,,,,,"Y","FRONT-LEFT-CORNER",,,,,,,,,,,,,,,,,,,,,,,,,,,,,,,,,
"2322380","99d86f320982015039a963cf88129d800937c567054898a726ee9c762d01bcceccd0cb00368f1e3dc64dc552b73ad651096a92848935357a67e2bd49dd7a260e","2026-06-08T16:30:00.000","2","DRIVER","4","2214984",,"HYUNDAI","ELANTRA","IL","2016","NONE","PASSENGER","PERSONAL","W","STRAIGHT AHEAD",,,"5",,,,,"Y","Y",,,,,,,,,,,,"FRONT-RIGHT-CORNER",,,,,,,,,,,,,,,,,,,,,,,,,,,,,,,,,
"2322271","6ce424e99c292c7a4615ea99ce6cf847845eaaa731e53a7baec2bbf6a8745e10eb54b0b6d5e07ed7709f85b6c6a47f790b7a9fc383e8bd5c97decefd7dc50666","2026-06-08T16:29:00.000","1","DRIVER",,"2214877",,"HONDA","CR-V","IL","2021","UNKNOWN","PASSENGER","PERSONAL","S","CHANGING LANES","Y",,"1",,"INTENT TO TOW","UNK",,,,,,,,,,"Y","Y","Y","N",,"SIDE-LEFT-FRONT",,,,,,,,,,,,,,,,,,,,,,,,,,,,,,,,,
"2322272","6ce424e99c292c7a4615ea99ce6cf847845eaaa731e53a7baec2bbf6a8745e10eb54b0b6d5e07ed7709f85b6c6a47f790b7a9fc383e8bd5c97decefd7dc50666","2026-06-08T16:29:00.000","2","DRIVER",,"2214884",,"TESLA","MODEL Y","IL","2021","UNKNOWN","PASSENGER","PERSONAL","S","STRAIGHT AHEAD","Y",,"1",,"INTENT TO TOW","UNK",,"Y","Y","Y",,,,,,,,,,,"SIDE-RIGHT-FRONT",,,,,,,,,,,,,,,,,,,,,,,,,,,,,,,,,
"2322218","fb1168ead7f60873f0f952fcd60928f0bd84faad8acdd147dcab1c9c84baccadd61efb3f6a457637650f68f59c992bde6d496cbb9d2623aef7cb1b4913b95c99","2026-06-08T16:23:00.000","1","DRIVER",,"2214840",,"HYUNDAI","TUCSON","IL","2013","UNKNOWN","SPORT UTILITY VEHICLE (SUV)","PERSONAL","N","STRAIGHT AHEAD",,,"1",,,,,"Y",,,,,,,,,,"Y","Y",,"FRONT",,,,,,,,,,,,,,,,,,,,,,,,,,,,,,,,,
"2322219","fb1168ead7f60873f0f952fcd60928f0bd84faad8acdd147dcab1c9c84baccadd61efb3f6a457637650f68f59c992bde6d496cbb9d2623aef7cb1b4913b95c99","2026-06-08T16:23:00.000","2","DRIVER",,"2214832",,"TOYOTA","RAV4","IL","2026","NONE","SPORT UTILITY VEHICLE (SUV)","PERSONAL","E","STRAIGHT AHEAD",,,"1",,,,,,,,,,,,"Y","Y","Y","Y",,,"SIDE-LEFT",,,,,,,,,,,,,,,,,,,,,,,,,,,,,,,,,
"2322285","4d8442af1223c1becc28298ded9f9799f536b7506ee4c5d2ae9230639bdf23a92445dd014cafae43d5fb4bb3000955f512df748616000e128e47f296e1e1e296","2026-06-08T16:15:00.000","1","DRIVER",,"2214909",,"UNKNOWN","OTHER (EXPLAIN IN NARRATIVE)",,,"UNKNOWN","UNKNOWN/NA","UNKNOWN/NA","UNKNOWN","UNKNOWN/NA",,,"1",,,,,,,,,,,,,,,,,"Y","UNKNOWN",,,,,,,,,,,,,,,,,,,,,,,,,,,,,,,,,
"2322286","4d8442af1223c1becc28298ded9f9799f536b7506ee4c5d2ae9230639bdf23a92445dd014cafae43d5fb4bb3000955f512df748616000e128e47f296e1e1e296","2026-06-08T16:15:00.000","2","PARKED",,"2214912",,"LEXUS","LS","IL","2005","UNKNOWN","PASSENGER","NOT IN USE","UNKNOWN","PARKED",,,"0",,,,,,,"Y","Y","Y",,,,,,,,,"SIDE-RIGHT-REAR",,,,,,,,,,,,,,,,,,,,,,,,,,,,,,,,,
"2322436","facd1e2d5799ff9ca1a1667581e6f6bd05c2ca2c4233bafec493047db1502f221684d8598c14cfd4974ee3383229be17454484ed683a3a5f1f68633ac373f7b9","2026-06-08T16:15:00.000","1","DRIVER",,"2215045",,"HONDA","ODYSSEY","IL","2006","NONE","SPORT UTILITY VEHICLE (SUV)","UNKNOWN/NA","E","SLOW/STOP IN TRAFFIC",,,"1",,,,,,,,,,,,,,,,"Y",,"FRONT",,,,,,,,,,,,,,,,,,,,,,,,,,,,,,,,,
"2322437","facd1e2d5799ff9ca1a1667581e6f6bd05c2ca2c4233bafec493047db1502f221684d8598c14cfd4974ee3383229be17454484ed683a3a5f1f68633ac373f7b9","2026-06-08T16:15:00.000","2","DRIVER",,"2215049",,"NISSAN","ROGUE","IL","2016","NONE","SPORT UTILITY VEHICLE (SUV)","PERSONAL","E","SLOW/STOP IN TRAFFIC",,,"1",,,,,,,,,"Y","Y",,,,,,,,"REAR",,,,,,,,,,,,,,,,,,,,,,,,,,,,,,,,,
"2322318","fae5c12ac36f5b5a092964cb555eb75b24a8508b62803692b65fdcb5f0da4c5e717ab1e31a1b1b227aa1bda493b0c8edb294bb53c069da772554d441609d4701","2026-06-08T16:15:00.000","1","DRIVER",,"2214922",,"HONDA","OTHER (EXPLAIN IN NARRATIVE)","IL","2012","UNKNOWN","PASSENGER","UNKNOWN/NA","S","STRAIGHT AHEAD",,,"1",,,,,"Y",,,,,,"N",,,,"Y","Y",,"FRONT",,,,,,,,,,,,,,,,,,,,,,,,,,,,,,,,,
"2322319","fae5c12ac36f5b5a092964cb555eb75b24a8508b62803692b65fdcb5f0da4c5e717ab1e31a1b1b227aa1bda493b0c8edb294bb53c069da772554d441609d4701","2026-06-08T16:15:00.000","2","DRIVER",,"2214941",,"HONDA","OTHER (EXPLAIN IN NARRATIVE)","IL","2008","UNKNOWN","PASSENGER","UNKNOWN/NA","S","UNKNOWN/NA",,,"1",,,,,"Y",,,,"Y","Y","Y",,,,"Y","Y",,"REAR",,,,,,,,,,,,,,,,,,,,,,,,,,,,,,,,,
"2322320","fae5c12ac36f5b5a092964cb555eb75b24a8508b62803692b65fdcb5f0da4c5e717ab1e31a1b1b227aa1bda493b0c8edb294bb53c069da772554d441609d4701","2026-06-08T16:15:00.000","3","DRIVER",,"2214968",,"TOYOTA","RAV4","IL","2022","NONE","PASSENGER","PERSONAL","S","SLOW/STOP IN TRAFFIC",,,"1",,,,,,,,,"Y","Y","Y",,,,,,,"REAR",,,,,,,,,,,,,,,,,,,,,,,,,,,,,,,,,
"2322205","4999d2e4950489a3e080d81558dd002b98acc20e8d1c57653a875495f9d48eaf4ac526bcd57559503c534dc29ecff9a6db908cbd77554822ffa0b17f872a4eb2","2026-06-08T16:08:00.000","1","DRIVER",,"2214829",,"AUDI","Q5","IL","2023","UNKNOWN","PASSENGER","PERSONAL","E","STRAIGHT AHEAD",,,"1",,,,,,,,,,,,,,,"Y","Y",,"FRONT-LEFT-CORNER",,,,,,,,,,,,,,,,,,,,,,,,,,,,,,,,,
"2322206","4999d2e4950489a3e080d81558dd002b98acc20e8d1c57653a875495f9d48eaf4ac526bcd57559503c534dc29ecff9a6db908cbd77554822ffa0b17f872a4eb2","2026-06-08T16:08:00.000","2","DRIVER",,"2214842",,"AUDI","S5","IL","2019","UNKNOWN","PASSENGER","PERSONAL","E","STRAIGHT AHEAD",,,"1",,,,,,,,,"Y","Y","Y",,,,,,,"REAR",,,,,,,,,,,,,,,,,,,,,,,,,,,,,,,,,
"2322207","d75c7b7f63f95343daa84242e61b48f4a26e48a8201b1edaccc75118e4fdc2838c0ac628912be59db6d122f08cc8c6711eb52aa38322c4a4b1491c90544d435e","2026-06-08T16:00:00.000","1","DRIVER",,"2214816",,"FORD","FOCUS","TX","2017","UNKNOWN","UNKNOWN/NA","UNKNOWN/NA","E","BACKING",,,"1",,,,,,,,,,,,,,,,,"Y","REAR",,,,,,,,,,,,,,,,,,,,,,,,,,,,,,,,,
"2322208","d75c7b7f63f95343daa84242e61b48f4a26e48a8201b1edaccc75118e4fdc2838c0ac628912be59db6d122f08cc8c6711eb52aa38322c4a4b1491c90544d435e","2026-06-08T16:00:00.000","2","DRIVER",,"2214822",,"LEXUS","RX450H","IL","2015","UNKNOWN","UNKNOWN/NA","UNKNOWN/NA","W","SLOW/STOP IN TRAFFIC",,,"1",,,,,,,,,,,,,,,,"Y",,"FRONT",,,,,,,,,,,,,,,,,,,,,,,,,,,,,,,,,
"2322215","471035bcfde16c3f4a0ca82680941fe7849351e945c2bdcf087364016208c9ef551f47c1d8d25c0a4525d7e02af3024f64e0b3d7b0ca931dfba7549ff4292eb8","2026-06-08T15:58:00.000","1","DRIVER",,"2214821",,"UNKNOWN","OTHER (EXPLAIN IN NARRATIVE)","IL",,"UNKNOWN","UNKNOWN/NA","UNKNOWN/NA","UNKNOWN","UNKNOWN/NA",,,"1",,,,,,,,,,,,,,,,,,"UNKNOWN",,,,,,,,,,,,,,,,,,,,,,,,,,,,,,,,,
"2322216","471035bcfde16c3f4a0ca82680941fe7849351e945c2bdcf087364016208c9ef551f47c1d8d25c0a4525d7e02af3024f64e0b3d7b0ca931dfba7549ff4292eb8","2026-06-08T15:58:00.000","2","DRIVER",,"2214826",,"HONDA","CR-V","IL","2012","UNKNOWN","PASSENGER","PERSONAL","N","STRAIGHT AHEAD",,,"1",,,,,,,,,,,,,,,,,,"REAR-RIGHT-CORNER",,,,,,,,,,,,,,,,,,,,,,,,,,,,,,,,,
"2322256","751601221d12366cd86c5c7896dcd9d0e17ed7c262989c9fd7b65a98f7a64931c4f852636a58f87d4b3979927f60dd3dacd46c5d9845284190707299461871c0","2026-06-08T15:57:00.000","1","PARKED","1","2214854",,"GENERAL MOTORS CORPORATION (GMC)","TERRAIN","MI","2021","NONE","PASSENGER","PERSONAL","W","PARKED",,,"1",,,,,,,,,,,,,,"Y",,,,"SIDE-LEFT",,,,,,,,,,,,,,,,,,,,,,,,,,,,,,,,,
"2322257","751601221d12366cd86c5c7896dcd9d0e17ed7c262989c9fd7b65a98f7a64931c4f852636a58f87d4b3979927f60dd3dacd46c5d9845284190707299461871c0","2026-06-08T15:57:00.000","2","BICYCLE",,,,,,,,,,,,,,,,,,,,,,,,,,,,,,,,,,,,,,,,,,,,,,,,,,,,,,,,,,,,,,,,,,
"2322245","d5ac811c84335f096f47d4ebfc8fba98fc19c10000e301548f748ecaf200fdaac86a04639280d1c4cb001417218303de36f68ecf582abd566276bce8e46943bd","2026-06-08T15:55:00.000","1","DRIVER","1","2214866",,"CHEVROLET","CRUZE","IL","2012","UNKNOWN","UNKNOWN/NA","UNKNOWN/NA","UNKNOWN","STRAIGHT AHEAD",,,"2",,,,,,,"N",,,,,,"Y","Y","Y",,,"SIDE-LEFT-FRONT",,,,,,,,,,,,,,,,,,,,,,,,,,,,,,,,,
"2322246","d5ac811c84335f096f47d4ebfc8fba98fc19c10000e301548f748ecaf200fdaac86a04639280d1c4cb001417218303de36f68ecf582abd566276bce8e46943bd","2026-06-08T15:55:00.000","2","DRIVER",,"2214887",,"HONDA","CR-V","IL","2026","UNKNOWN","UNKNOWN/NA","PERSONAL","W","STRAIGHT AHEAD",,,"1",,,,,,,,,,,,,,,,"Y",,"FRONT",,,,,,,,,,,,,,,,,,,,,,,,,,,,,,,,,
"2322522","b10cb9fed75c50239df3889f391329617a8060ee0e0a44b57754696a7fc2bbeb64e6c36adca1a6b0abe9e3576998a06c4fbbf15aecf54e5eecede4c6a71f0180","2026-06-08T15:52:00.000","1","DRIVER",,"2215123",,"CHEVROLET","COLORADO","IL","2018","NONE","TRUCK - SINGLE UNIT","PERSONAL","S","STRAIGHT AHEAD",,,"1",,,,,"Y","Y","Y","Y",,,,,,,,,,"FRONT-RIGHT-CORNER",,,,,,,,,,,,,,,,,,,,,,,,,,,,,,,,,
"2322523","b10cb9fed75c50239df3889f391329617a8060ee0e0a44b57754696a7fc2bbeb64e6c36adca1a6b0abe9e3576998a06c4fbbf15aecf54e5eecede4c6a71f0180","2026-06-08T15:52:00.000","2","DRIVER",,"2215121",,"GENERAL MOTORS CORPORATION (GMC)","ACADIA","IL","2023","NONE","SPORT UTILITY VEHICLE (SUV)","PERSONAL","S","STRAIGHT AHEAD",,,"1",,,,,,,,,,,,,,"Y","Y",,,"FRONT-LEFT-CORNER",,,,,,,,,,,,,,,,,,,,,,,,,,,,,,,,,
"2322305","d14d5b0b26ffc578abb407b502bc4819144bcb9cddda3c3c6d22f091566d367564531454ebef2a04c960dacd8aa66f887217d30983d3dfc30d21d44f8c29e234","2026-06-08T15:45:00.000","1","DRIVER","1","2214905",,"CADILLAC","XT4","IL","2019","UNKNOWN","PASSENGER","PERSONAL","W","STRAIGHT AHEAD","Y",,"2",,"Private tow","447 e 111th st",,"Y",,,,,,,,,"Y","Y","Y",,"FRONT-LEFT-CORNER",,,,,,,,,,,,,,,,,,,,,,,,,,,,,,,,,
"2322233","80124bf94ea01272cf45e8b54e4bebc107cc6075359bf0640a5f9efc36611617c3d977755f0dfcbfac05e3321412807c58667f1bf355521a0c8110c659b2c8eb","2026-06-08T15:40:00.000","1","DRIVER",,"2214841",,"MERCEDES-BENZ","GLC","IL","2012","NONE","PASSENGER","PERSONAL","S","TURNING RIGHT",,,"1",,,,,,,,,,,,,,,,"N","Y","UNKNOWN",,,,,,,,,,,,,,,,,,,,,,,,,,,,,,,,,
"2322234","80124bf94ea01272cf45e8b54e4bebc107cc6075359bf0640a5f9efc36611617c3d977755f0dfcbfac05e3321412807c58667f1bf355521a0c8110c659b2c8eb","2026-06-08T15:40:00.000","2","DRIVER","1","2214846",,"BUICK","ENCORE","WI","2021","NONE","SPORT UTILITY VEHICLE (SUV)","PERSONAL","E","STRAIGHT AHEAD","Y",,"2",,"unknown","unknown",,,,,,,,"Y","Y","Y",,,,,"REAR-LEFT-CORNER",,,,,,,,,,,,,,,,,,,,,,,,,,,,,,,,,
"2322192","b86ce06c6fb17eede1575553167780836f13c319d38bbaf7f6fb5c50e3f04bfe9b233b6235f008d72a1cc5f88f4a5ea4c363c6f68ca0b004a80e19348fdc2cb2","2026-06-08T15:39:00.000","1","DRIVER",,"2214803",,"TOYOTA","RAV4","IL","2025","UNKNOWN","SPORT UTILITY VEHICLE (SUV)","PERSONAL","S","OTHER",,,"1",,,,,,,,,,,,,"Y","Y",,,,"SIDE-LEFT",,,,,,,,,,,,,,,,,,,,,,,,,,,,,,,,,
"2322193","b86ce06c6fb17eede1575553167780836f13c319d38bbaf7f6fb5c50e3f04bfe9b233b6235f008d72a1cc5f88f4a5ea4c363c6f68ca0b004a80e19348fdc2cb2","2026-06-08T15:39:00.000","2","BICYCLE",,,,,,,,,,,,,,,,,,,,,,,,,,,,,,,,,,,,,,,,,,,,,,,,,,,,,,,,,,,,,,,,,,
"2322281","2d09ee82701080df426a670d269d16ee30365bdbaaa12c95580e583abbf32da730213bdff812b034fbd966858214ad7fb9a0331c034f05e4b780fa54ebdeed04","2026-06-08T15:37:00.000","1","DRIVER",,"2214886",,"SUBARU","CROSSTREK","IL","2014","NONE","PASSENGER","PERSONAL","NW","TURNING LEFT",,,"1",,,,,"Y",,,,,,,,"Y","Y","Y","Y",,"TOTAL (ALL AREAS)",,,,,,,,,,,,,,,,,,,,,,,,,,,,,,,,,
"2322282","2d09ee82701080df426a670d269d16ee30365bdbaaa12c95580e583abbf32da730213bdff812b034fbd966858214ad7fb9a0331c034f05e4b780fa54ebdeed04","2026-06-08T15:37:00.000","2","DRIVER",,"2214890",,"TOYOTA","HIGHLANDER","IL","2004","NONE","PASSENGER","PERSONAL","E","STRAIGHT AHEAD",,,"1",,,,,"Y","Y",,,,,,,,"Y","Y","Y",,"TOTAL (ALL AREAS)",,,,,,,,,,,,,,,,,,,,,,,,,,,,,,,,,
"2322194","9660d97323b1f08db1ea63bc1f1a3d1c3ab0a4b49516c0db92c59037e36f22d8de85523c26441bbfbaab9f86d11750a4ebf9edc65a1555344671b9aab58c603d","2026-06-08T15:37:00.000","1","DRIVER","1","2214813",,"CHEVROLET","EXPRESS","IL","1997","UNKNOWN","VAN/MINI-VAN","COMMERCIAL - SINGLE UNIT","N","PASSING/OVERTAKING",,,"2",,,,,,"Y","Y","Y","Y",,,,,,,,,"SIDE-RIGHT",,,,,,,,,,,,,,,,,,,,,,,,,,,,,,,,,
"2322195","9660d97323b1f08db1ea63bc1f1a3d1c3ab0a4b49516c0db92c59037e36f22d8de85523c26441bbfbaab9f86d11750a4ebf9edc65a1555344671b9aab58c603d","2026-06-08T15:37:00.000","2","DRIVERLESS",,"2214824",,"HOGER (MANUFACTURED BY SUNDOWNER TRAILER COMPANY)","HOGER (MFD. BY SUNDOWNER TRAILER CO.)","IN",,"UNKNOWN","OTHER","COMMERCIAL - SINGLE UNIT","N","PARKED",,,"0",,,,,,,,,,,"Y","Y","Y","Y",,,,"SIDE-LEFT",,,,,,,,,,,,,,,,,,,,,,,,,,,,,,,,,
"2322188","5ffa75d84d92760e9413061fbcb2ea348b8fe860b7948de68b2eac013d066ab7066305c954d3377f9b4bafd5776a1d235070fc07b9e8674d0609524b117ff265","2026-06-08T15:30:00.000","1","DRIVER",,"2214806",,"BUICK","ENCORE",,"2021","UNKNOWN","PASSENGER","PERSONAL","UNKNOWN","PASSING/OVERTAKING",,,"1",,,,,,,,,,,,,,,,,"Y","UNKNOWN",,,,,,,,,,,,,,,,,,,,,,,,,,,,,,,,,
"2322189","5ffa75d84d92760e9413061fbcb2ea348b8fe860b7948de68b2eac013d066ab7066305c954d3377f9b4bafd5776a1d235070fc07b9e8674d0609524b117ff265","2026-06-08T15:30:00.000","2","DRIVER",,"2214818",,"MERCEDES-BENZ","GLS","IL","2012","NONE","PASSENGER","PERSONAL","W","STRAIGHT AHEAD",,,"1",,,,,,,,,,,,,,"Y","Y","Y",,"SIDE-LEFT",,,,,,,,,,,,,,,,,,,,,,,,,,,,,,,,,
"2322196","f0879177c651b91339d52a4075f03131ce8de39154b01c4330388d059febd66b3e1d3fbde56666136c7ab870a7d764e594daa3164bec71bfb492d433bf27ca00","2026-06-08T15:29:00.000","1","DRIVER",,"2214807",,"UNKNOWN","OTHER (EXPLAIN IN NARRATIVE)",,,"UNKNOWN","UNKNOWN/NA","UNKNOWN/NA","W","ENTER FROM DRIVE/ALLEY",,,"1",,,,,,,,,,,,,,,,,"Y","FRONT",,,,,,,,,,,,,,,,,,,,,,,,,,,,,,,,,
"2322197","f0879177c651b91339d52a4075f03131ce8de39154b01c4330388d059febd66b3e1d3fbde56666136c7ab870a7d764e594daa3164bec71bfb492d433bf27ca00","2026-06-08T15:29:00.000","2","DRIVER",,"2214812",,"KIA","OPTIMA / K5","IL","2013","UNKNOWN","PASSENGER","PERSONAL","S","STRAIGHT AHEAD",,,"1",,,,,"Y",,,,,,,,,,"Y","Y",,"FRONT",,,,,,,,,,,,,,,,,,,,,,,,,,,,,,,,,
"2322222","2ede42391025da423901cf0d008530489922c2f768e4a8794ef485d57b3e27a2dbff34316b0b2f73be17efe2f690996ee8ec3241664157168003d8b915389f70","2026-06-08T15:15:00.000","1","DRIVER",,"2214837",,"INFINITI","OTHER (EXPLAIN IN NARRATIVE)","IL","2011","UNKNOWN","SPORT UTILITY VEHICLE (SUV)","UNKNOWN/NA","E","STRAIGHT AHEAD",,,"1",,,,,,,,,,,,,,,,,"Y","FRONT",,,,,,,,,,,,,,,,,,,,,,,,,,,,,,,,,
"2322223","2ede42391025da423901cf0d008530489922c2f768e4a8794ef485d57b3e27a2dbff34316b0b2f73be17efe2f690996ee8ec3241664157168003d8b915389f70","2026-06-08T15:15:00.000","2","DRIVER","2","2214845",,"TOYOTA","CAMRY","IL","2004","NONE","PASSENGER","UNKNOWN/NA","E","SLOW/STOP IN TRAFFIC",,,"3",,,,,,,,,,"Y",,,,,,,,"REAR",,,,,,,,,,,,,,,,,,,,,,,,,,,,,,,,,
"2322376","47e5323c4b7a9b3e7ad3639f590e2a58a6138bca5e64d152b756845f6a7aa477bff5854ac34897f25a1a23d32d4d25d7d6fa65bed7e52f09ce49f575e195cd00","2026-06-08T15:15:00.000","1","DRIVER",,"2214983",,"GREAT DANE TRAILERS INC.","GREAT DANE TRAILERS INC.","IN","1982","UNKNOWN","TRACTOR W/ SEMI-TRAILER","COMMERCIAL - SINGLE UNIT","W","BACKING",,,"1",,,,,,,,,,"Y","Y","Y","Y",,,,,"REAR-LEFT-CORNER",,,,,,,,,,,,,,,,,,,,,,,,,,,,,,,,,
"2322377","47e5323c4b7a9b3e7ad3639f590e2a58a6138bca5e64d152b756845f6a7aa477bff5854ac34897f25a1a23d32d4d25d7d6fa65bed7e52f09ce49f575e195cd00","2026-06-08T15:15:00.000","2","PARKED",,"2214986",,"GENERAL MOTORS CORPORATION (GMC)","ACADIA","IL","2017","UNKNOWN","PASSENGER","PERSONAL","W","PARKED",,,"0",,,,,"Y","Y","Y","Y","Y",,,,,,"N",,,"SIDE-RIGHT",,,,,,,,,,,,,,,,,,,,,,,,,,,,,,,,,
"2322170","414d13c561b67532cc953079c083316ba8a0b7bea53a178c38287458bf8f858f5fac89d58097a03f96bf2567feb0a10e51bc2ee03cf3c202cc58b247114960d5","2026-06-08T15:10:00.000","1","DRIVER",,"2214782",,"CHEVROLET","EQUINOX","IL","2021","UNKNOWN","SPORT UTILITY VEHICLE (SUV)","PERSONAL","E","TURNING RIGHT",,,"1",,,,,"Y","Y","Y","Y",,,,,,,,,,"FRONT-RIGHT-CORNER",,,,,,,,,,,,,,,,,,,,,,,,,,,,,,,,,
"2322171","414d13c561b67532cc953079c083316ba8a0b7bea53a178c38287458bf8f858f5fac89d58097a03f96bf2567feb0a10e51bc2ee03cf3c202cc58b247114960d5","2026-06-08T15:10:00.000","2","DRIVER",,"2214790",,"NEW FLYER","OTHER (EXPLAIN IN NARRATIVE)","IL","2006","NONE","BUS OVER 15 PASS.","CTA","E","STRAIGHT AHEAD",,,"1",,,,,,,,,,,,,,,"Y",,,"FRONT-LEFT-CORNER",,,,,,,,,,,,,,,,,,,,,,,,,,,,,,,,,
"2322371","3a6e8a31bcfc6099b5e9bbd6913bb5bf48cbc993213ecc5fc1d1c34cd06b36f73d5c1ac0f4322fca72befa0cb148e0fdae81160456556c718797deda97530fe1","2026-06-08T15:05:00.000","1","DRIVER",,"2214979",,"HYUNDAI","OTHER (EXPLAIN IN NARRATIVE)","IL",,"UNKNOWN","UNKNOWN/NA","UNKNOWN/NA","UNKNOWN","UNKNOWN/NA",,,"1",,,,,,,,,,,,,,,,,"Y","FRONT-RIGHT-CORNER",,,,,,,,,,,,,,,,,,,,,,,,,,,,,,,,,
"2322239","fd492999a242d2512489c1db0cd102e885dfbb6304cf20145c692e1199c92c272aa22dba49fda1b5dd43f705e30eed9a45acb7f96033cac3880411fa2896977f","2026-06-08T15:05:00.000","2","DRIVER",,"2214919",,"NISSAN","ROGUE","IL","2023","NONE","PASSENGER","OTHER","E","STRAIGHT AHEAD",,,"1",,,,,,,,,"Y","Y","Y",,,,,,,"REAR",,,,,,,,,,,,,,,,,,,,,,,,,,,,,,,,,
"2322240","fd492999a242d2512489c1db0cd102e885dfbb6304cf20145c692e1199c92c272aa22dba49fda1b5dd43f705e30eed9a45acb7f96033cac3880411fa2896977f","2026-06-08T15:05:00.000","1","DRIVER","1","2214867",,"TOYOTA","C-HR","IL","2019","NONE","SPORT UTILITY VEHICLE (SUV)","PERSONAL","E","STRAIGHT AHEAD",,,"2",,,,,"Y",,,,,,,,,,"Y","Y",,"FRONT",,,,,,,,,,,,,,,,,,,,,,,,,,,,,,,,,
"2322293","081dc9c6e0010c25acff1cb70066d0f569966e0e9f3fdd3e46c3377ef7723198dddea779ba9f8f4830d442a88a0321c59f0bdcc0d8b3ef2aaac16285ade25886","2026-06-08T15:00:00.000","1","DRIVER",,"2214896",,"JEEP","CHEROKEE","IL","2014","UNKNOWN","SPORT UTILITY VEHICLE (SUV)","PERSONAL","N","STRAIGHT AHEAD",,,"1",,,,,,,,,,,,,,"Y","Y","N",,"FRONT-LEFT-CORNER",,,,,,,,,,,,,,,,,,,,,,,,,,,,,,,,,
"2322294","081dc9c6e0010c25acff1cb70066d0f569966e0e9f3fdd3e46c3377ef7723198dddea779ba9f8f4830d442a88a0321c59f0bdcc0d8b3ef2aaac16285ade25886","2026-06-08T15:00:00.000","2","DRIVER",,"2214932",,"NISSAN","SENTRA","IL","2024","NONE","PASSENGER","PERSONAL","N","STARTING IN TRAFFIC",,,"1",,,,,"Y","Y","Y","Y","Y",,,,,,,,,"SIDE-RIGHT-REAR",,,,,,,,,,,,,,,,,,,,,,,,,,,,,,,,,
"2322148","5c240a4159e33fb6a6bebde98320269a05faf15a869884dabbb8b7655b148c118d9f15cd66935ce75c4bf2770dd16ea3123d2587d5e2763856bc1a5376894050","2026-06-08T15:00:00.000","1","DRIVER",,"2214759",,"HYUNDAI","SANTA FE","IL","2018","NONE","PASSENGER","PERSONAL","W","STRAIGHT AHEAD",,,"1",,,,,,,,,,,,,,,,"Y",,"FRONT",,,,,,,,,,,,,,,,,,,,,,,,,,,,,,,,,
"2322149","5c240a4159e33fb6a6bebde98320269a05faf15a869884dabbb8b7655b148c118d9f15cd66935ce75c4bf2770dd16ea3123d2587d5e2763856bc1a5376894050","2026-06-08T15:00:00.000","2","DRIVER",,"2214761",,"HYUNDAI","SONATA","IL","2023","NONE","PASSENGER","PERSONAL","W","STRAIGHT AHEAD",,,"1",,,,,,,,,,"Y",,,,,,,,"REAR",,,,,,,,,,,,,,,,,,,,,,,,,,,,,,,,,
"2322202","67981894cb9990e91bfd2fd224493cd15a714cccdb87f66513198cc9e43567f8f813a49c96c8e683cfb8c06fcf18ff4fef9be1dde0d111dc1047cdaf78cd7da4","2026-06-08T15:00:00.000","1","DRIVER",,"2214817",,"NISSAN","ALTIMA","IL","2010","UNKNOWN","PASSENGER","PERSONAL","S","STRAIGHT AHEAD","Y",,"1",,"owner","unk",,"Y",,,,,,,,,,"Y","Y",,"FRONT",,,,,,,,,,,,,,,,,,,,,,,,,,,,,,,,,
"2322203","67981894cb9990e91bfd2fd224493cd15a714cccdb87f66513198cc9e43567f8f813a49c96c8e683cfb8c06fcf18ff4fef9be1dde0d111dc1047cdaf78cd7da4","2026-06-08T15:00:00.000","2","DRIVER","2","2214823",,"CHEVROLET","EQUINOX","IL","2014","UNKNOWN","SPORT UTILITY VEHICLE (SUV)","PERSONAL","S","SLOW/STOP IN TRAFFIC",,,"3",,,,,"Y",,,,"Y","Y","Y",,,,"Y","Y",,"REAR",,,,,,,,,,,,,,,,,,,,,,,,,,,,,,,,,
"2322204","67981894cb9990e91bfd2fd224493cd15a714cccdb87f66513198cc9e43567f8f813a49c96c8e683cfb8c06fcf18ff4fef9be1dde0d111dc1047cdaf78cd7da4","2026-06-08T15:00:00.000","3","DRIVER",,"2214836",,"CHEVROLET","CRUZE","IL","2014","UNKNOWN","PASSENGER","PERSONAL","S","SLOW/STOP IN TRAFFIC",,,"1",,,,,,,,,,,,,,,,,"Y","REAR",,,,,,,,,,,,,,,,,,,,,,,,,,,,,,,,,
"2322217","7a50ff3deed1f44d810300106dc23d835b172056a39fe18b8b577235c48c6ee96d8ef7715a133e90adb7e39f578d211137437daad0b08fcc425102768230f75e","2026-06-08T15:00:00.000","1","DRIVER",,"2214827",,"CHRYSLER","PACIFICA","IL","2018","UNKNOWN","PASSENGER","PERSONAL","E","STRAIGHT AHEAD","Y",,"1",,"private tow","unk",,"Y",,,,,,,,,,"Y","Y",,"FRONT",,,,,,,,,,,,,,,,,,,,,,,,,,,,,,,,,
"2322230","f3ab84018e4b4516c5e10fbe05cb57af1124695bbcd18ab773848fce2e55189a7d975452bfcc4184af39e1363c361aa25efc3b0ccd23c7604473754bc2260cd3","2026-06-08T15:00:00.000","1","DRIVER","1","2214882",,"TOYOTA","SIENNA","IL","2010","NONE","PASSENGER","PERSONAL","N","STRAIGHT AHEAD",,,"2",,,,"Y",,,,,,,,,,,,,,"FRONT",,,,,,,,,,,,,,,,,,,,,,,,,,,,,,,,,
"2322231","f3ab84018e4b4516c5e10fbe05cb57af1124695bbcd18ab773848fce2e55189a7d975452bfcc4184af39e1363c361aa25efc3b0ccd23c7604473754bc2260cd3","2026-06-08T15:00:00.000","2","DRIVER",,"2214895",,"TOYOTA","RAV4","IL","2024","NONE","PICKUP","PERSONAL","N","SLOW/STOP IN TRAFFIC",,,"1",,,,,,,,,,"Y",,,,,,,,"REAR",,,,,,,,,,,,,,,,,,,,,,,,,,,,,,,,,
"2322154","256bc341b461e3b91a90523f570f54f6e038111512b3b75f3ba30f4af8dc9a1f01c352da71d29ff39f8f944513afaf44aedfde421eb277de10b135561a3f2a3d","2026-06-08T14:58:00.000","1","DRIVER",,"2214767",,"DODGE","RAM 1500 PU","IL","2015","NONE","PICKUP","PERSONAL","N","BACKING",,,"1",,,,"Y",,,,,,,,,,,,,,"REAR",,,,,,,,,,,,,,,,,,,,,,,,,,,,,,,,,
"2322155","256bc341b461e3b91a90523f570f54f6e038111512b3b75f3ba30f4af8dc9a1f01c352da71d29ff39f8f944513afaf44aedfde421eb277de10b135561a3f2a3d","2026-06-08T14:58:00.000","2","DRIVER",,"2214771",,"BMW","328I","IL","2011","NONE","PASSENGER","PERSONAL","S","OTHER",,,"1",,,,,,,,,,,,,,,,"Y",,"FRONT",,,,,,,,,,,,,,,,,,,,,,,,,,,,,,,,,
"2322178","2f9a065f7496a5a7174fc792017de8801d7370ed75ffde1d6742683b660437d53bb231072b233f9a5209ac26c3a99ef4818229221fc9706839f05327d293cd52","2026-06-08T14:50:00.000","1","DRIVER",,"2214793","N","CHEVROLET","C/K 2500","IL","2005","UNKNOWN","PICKUP","CONSTRUCTION/MAINTENANCE","E","STRAIGHT AHEAD",,,"1",,,,"Y",,,,,,,,,,,,,,"OTHER",,,,,,,,,,,,,,,,,,,,,,,,,,,,,,,,,
"2322179","2f9a065f7496a5a7174fc792017de8801d7370ed75ffde1d6742683b660437d53bb231072b233f9a5209ac26c3a99ef4818229221fc9706839f05327d293cd52","2026-06-08T14:50:00.000","2","DRIVER",,"2214797","Y","NOVA BUS","OTHER (EXPLAIN IN NARRATIVE)","IL","2016","UNKNOWN","BUS OVER 15 PASS.","CTA","E","STRAIGHT AHEAD",,,"1",,,,,,,,,,,,,,,"Y",,,"OTHER","23636",,,,,"3","CHICAGO TRANSIT AUTHORITY",,,,,,,,,,,,,,,,,,,,,"BUS","BUS","OTHER",,,
"2322390","6e02f47ffc6aae5dd707a13b806d8d3b41426ca68d2b3c2f7bca96f8be5a256d6fce6511795fc90ea860ef6c177b704241b378ad777124f85eecbede21d97512","2026-06-08T14:50:00.000","1","DRIVER",,"2214994",,"CHEVROLET","MALIBU","IL","2015","OTHER","PASSENGER","PERSONAL","E","STRAIGHT AHEAD",,,"1",,,,,"Y",,,,,,,,,,"Y","Y",,"FRONT",,,,,,,,,,,,,,,,,,,,,,,,,,,,,,,,,
"2322391","6e02f47ffc6aae5dd707a13b806d8d3b41426ca68d2b3c2f7bca96f8be5a256d6fce6511795fc90ea860ef6c177b704241b378ad777124f85eecbede21d97512","2026-06-08T14:50:00.000","2","DRIVER",,"2215001",,"JEEP","CHEROKEE","IL","2025","UNKNOWN","PASSENGER","PERSONAL","E","SLOW/STOP IN TRAFFIC",,,"1",,,,,,,,,"Y","Y","Y",,,,,,,"REAR",,,,,,,,,,,,,,,,,,,,,,,,,,,,,,,,,
"2322241","291e1fd167a09cbc3bfb49801da13a0e49703cb7e5aac77ab30e83d905dbda9f253e1056bc89d2d2ff1f6caad24da7f83ddad574fd1520e079c42b5b5416ba7a","2026-06-08T14:35:00.000","1","DRIVER",,"2214891",,"HONDA","CR-V","IL","2024","UNKNOWN","PASSENGER","PERSONAL","UNKNOWN","STRAIGHT AHEAD",,,"1",,,,,,,"Y","Y",,,,,,,,,,"SIDE-RIGHT",,,,,,,,,,,,,,,,,,,,,,,,,,,,,,,,,
"2322242","291e1fd167a09cbc3bfb49801da13a0e49703cb7e5aac77ab30e83d905dbda9f253e1056bc89d2d2ff1f6caad24da7f83ddad574fd1520e079c42b5b5416ba7a","2026-06-08T14:35:00.000","2","DRIVER",,"2214898",,"HONDA","ACCORD","IL","2015","UNKNOWN","PASSENGER","UNKNOWN/NA","UNKNOWN","STRAIGHT AHEAD",,,"1",,,,,,,,,,"Y",,,,,,,,"REAR",,,,,,,,,,,,,,,,,,,,,,,,,,,,,,,,,
"2322279","57a7c702a080232e44e2043c00b8255a1ac639989bc845e25ce0f8fc72ebb5aa74e9edd8764239465208fbd2b13783793a0bf2d1ebda1118b9f34af3bedaf60c","2026-06-08T14:30:00.000","1","DRIVER",,"2214889",,"TOYOTA","SIENNA","IL","2005","OTHER","VAN/MINI-VAN","UNKNOWN/NA","S","CHANGING LANES",,,"1",,,,,,,,,,"Y",,,,,,,,"REAR-LEFT-CORNER",,,,,,,,,,,,,,,,,,,,,,,,,,,,,,,,,
"2322280","57a7c702a080232e44e2043c00b8255a1ac639989bc845e25ce0f8fc72ebb5aa74e9edd8764239465208fbd2b13783793a0bf2d1ebda1118b9f34af3bedaf60c","2026-06-08T14:30:00.000","2","DRIVER",,"2214901",,"TOYOTA","HIGHLANDER","IL","2014","NONE","SPORT UTILITY VEHICLE (SUV)","PERSONAL","S","STRAIGHT AHEAD",,,"1",,,,,"Y","Y",,,,,,,,,,,,"SIDE-RIGHT-FRONT",,,,,,,,,,,,,,,,,,,,,,,,,,,,,,,,,
"2322224","c3ab2c4091d5378bccb1db84bd6bea68580d4d5035c03acf720b239b4b7d7f9ef2b78804e91446b54f5de0d097870e52eca1e90079a434adba3e004422da9a31","2026-06-08T14:30:00.000","1","DRIVER",,"2214831",,"LINCOLN","OTHER (EXPLAIN IN NARRATIVE)",,,"UNKNOWN","SPORT UTILITY VEHICLE (SUV)","PERSONAL","S","ENTERING TRAFFIC LANE FROM PARKING",,,"1",,,,,,,,,,,,,,,,,"Y","UNKNOWN",,,,,,,,,,,,,,,,,,,,,,,,,,,,,,,,,
"2322225","c3ab2c4091d5378bccb1db84bd6bea68580d4d5035c03acf720b239b4b7d7f9ef2b78804e91446b54f5de0d097870e52eca1e90079a434adba3e004422da9a31","2026-06-08T14:30:00.000","2","DRIVER",,"2214835",,"NISSAN","ROGUE","IL","2023","UNKNOWN","SPORT UTILITY VEHICLE (SUV)","PERSONAL","S","STRAIGHT AHEAD",,,"1",,,,,"Y",,,,,,,,,,,,,"SIDE-RIGHT-FRONT",,,,,,,,,,,,,,,,,,,,,,,,,,,,,,,,,
"2322182","bd210d8f8aee1fc354b0a18f47c76d03a38cba1b1449efc743c01b677d887e54a1be55db73d6d45120f444dd14809dcc5b1a62e8fb83917d7b5f4f12fc2423c3","2026-06-08T14:25:00.000","1","DRIVER",,"2214795",,"JEEP","LIBERTY","IL","2012","NONE","SPORT UTILITY VEHICLE (SUV)","UNKNOWN/NA","N","STRAIGHT AHEAD",,,"1",,,,,"Y",,,,,,,,,,,,,"FRONT",,,,,,,,,,,,,,,,,,,,,,,,,,,,,,,,,
"2322183","bd210d8f8aee1fc354b0a18f47c76d03a38cba1b1449efc743c01b677d887e54a1be55db73d6d45120f444dd14809dcc5b1a62e8fb83917d7b5f4f12fc2423c3","2026-06-08T14:25:00.000","2","DRIVER",,"2214804",,"HONDA","CIVIC","IL","2009","NONE","PASSENGER","UNKNOWN/NA","N","SLOW/STOP IN TRAFFIC",,,"1",,,,,,,,,,"Y",,,,,,,,"REAR",,,,,,,,,,,,,,,,,,,,,,,,,,,,,,,,,
"2322121","33ba259bec9a95615d8cf2433def29e1ddce9befed377cc77692b9003e30ae2af527b50260a08502438f29c4b0003ffa33cbfdaecd2fb709789938cb6004f424","2026-06-08T14:20:00.000","1","DRIVER",,"2214739",,"TOYOTA","HIGHLANDER","IL","2014","NONE","SPORT UTILITY VEHICLE (SUV)","PERSONAL","S","LEAVING TRAFFIC LANE TO PARK",,,"1",,,,,,,,,,,,,,,,,,"FRONT",,,,,,,,,,,,,,,,,,,,,,,,,,,,,,,,,
"2322122","33ba259bec9a95615d8cf2433def29e1ddce9befed377cc77692b9003e30ae2af527b50260a08502438f29c4b0003ffa33cbfdaecd2fb709789938cb6004f424","2026-06-08T14:20:00.000","2","DRIVER",,"2214731",,"TOYOTA","SIENNA","IL","2005","NONE","VAN/MINI-VAN","PERSONAL","S","SLOW/STOP IN TRAFFIC",,,"1",,,,,,,,,,,,,,,,,,"REAR-LEFT-CORNER",,,,,,,,,,,,,,,,,,,,,,,,,,,,,,,,,
"2322158","46a6e6dadfbfd64368932482c38b849cc0bb8747934429a27ae5bc3ca62e7ff59bb1bfa0001938de4b2af0a965f99ec3fd0a98fb3967fe8accc8829185c5d9a6","2026-06-08T14:15:00.000","1","DRIVER",,"2214768",,"CHEVROLET","OTHER (EXPLAIN IN NARRATIVE)","IL","2013","UNKNOWN","PASSENGER","UNKNOWN/NA","N","UNKNOWN/NA",,,"1",,,,,"N","Y",,,,,,,,,,,,"UNKNOWN",,,,,,,,,,,,,,,,,,,,,,,,,,,,,,,,,
"2322159","46a6e6dadfbfd64368932482c38b849cc0bb8747934429a27ae5bc3ca62e7ff59bb1bfa0001938de4b2af0a965f99ec3fd0a98fb3967fe8accc8829185c5d9a6","2026-06-08T14:15:00.000","2","DRIVER",,"2214778",,"DODGE","CARAVAN","IL","2019","UNKNOWN","VAN/MINI-VAN","UNKNOWN/NA","N","UNKNOWN/NA",,,"1",,,,,,,,,,,,,,"Y","N",,,"FRONT-LEFT-CORNER",,,,,,,,,,,,,,,,,,,,,,,,,,,,,,,,,
"2322176","355ee79a73a490759456df9c0162b9cb541c5fd0303130c042aa96e1a1d908f4067ff2292719a116fbf575207016ff58dd45e1f0e82bac60dd20e71a395f95be","2026-06-08T14:08:00.000","1","DRIVER",,"2214787",,"TOYOTA","TACOMA","IL","2018","UNKNOWN","PICKUP","PERSONAL","NW","STRAIGHT AHEAD",,,"1",,,,,"Y",,,,,,,,,,"Y","Y",,"FRONT",,,,,,,,,,,,,,,,,,,,,,,,,,,,,,,,,
"2322177","355ee79a73a490759456df9c0162b9cb541c5fd0303130c042aa96e1a1d908f4067ff2292719a116fbf575207016ff58dd45e1f0e82bac60dd20e71a395f95be","2026-06-08T14:08:00.000","2","PEDESTRIAN",,,,,,,,,,,,,,,,,,,,,,,,,,,,,,,,,,,,,,,,,,,,,,,,,,,,,,,,,,,,,,,,,,
"2322138","3a5a4b96567cd03b48ead5dd28131879cbc9fd4108a7c9cef3e34c05a8bfb9594e1e9f08b8a94a5ad2a74fca3b252fd895db61a4b4cc2931de73bbd1497cbb82","2026-06-08T14:05:00.000","1","DRIVER",,"2214751",,"ACURA","RL","IL","2016","UNKNOWN","PASSENGER","TAXI/FOR HIRE","E","ENTERING TRAFFIC LANE FROM PARKING",,,"1",,,,,,,,,,,,,,,"Y",,,"SIDE-LEFT-FRONT",,,,,,,,,,,,,,,,,,,,,,,,,,,,,,,,,
"2322139","3a5a4b96567cd03b48ead5dd28131879cbc9fd4108a7c9cef3e34c05a8bfb9594e1e9f08b8a94a5ad2a74fca3b252fd895db61a4b4cc2931de73bbd1497cbb82","2026-06-08T14:05:00.000","2","DRIVER",,"2214758",,"CHEVROLET","MALIBU","IL","2016","UNKNOWN","PASSENGER","PERSONAL","E","CHANGING LANES",,,"1",,,,,,"Y",,,,,,,,,,,,"SIDE-RIGHT",,,,,,,,,,,,,,,,,,,,,,,,,,,,,,,,,
"2322190","27df93912a95dc7808e933d4370e68d17407652420a10dbdf25d6536f5bb28453a751a87ecbdcf67990e846e3d1019fee67c4f259afd1849747c992a54fa364f","2026-06-08T14:00:00.000","1","DRIVER",,"2214801",,"JEEP","COMPASS","IL","2022","UNKNOWN","SPORT UTILITY VEHICLE (SUV)","UNKNOWN/NA","E","STRAIGHT AHEAD",,,"1",,,,,,,,,,,,,,,,,"Y","UNKNOWN",,,,,,,,,,,,,,,,,,,,,,,,,,,,,,,,,
"2322191","27df93912a95dc7808e933d4370e68d17407652420a10dbdf25d6536f5bb28453a751a87ecbdcf67990e846e3d1019fee67c4f259afd1849747c992a54fa364f","2026-06-08T14:00:00.000","2","PARKED",,"2214805",,"CHEVROLET","BLAZER","IL","2021","UNKNOWN","SPORT UTILITY VEHICLE (SUV)","UNKNOWN/NA","E","PARKED",,,"0",,,,,,,,,,,,,,,,,,"SIDE-LEFT-REAR",,,,,,,,,,,,,,,,,,,,,,,,,,,,,,,,,
"2322150","5ac03452a149ba294156d37f8a31bf13c72aa70c433cf75916dc73c6110690278b7fdfce3951100c0f4a56f73ce5fe0edd1c8af7df340483b49369d20167997e","2026-06-08T14:00:00.000","1","DRIVER",,"2214763",,"CHEVROLET","EQUINOX","IL","2020","UNKNOWN","SPORT UTILITY VEHICLE (SUV)","UNKNOWN/NA","SW","TURNING RIGHT",,,"1",,,,,,,,,,,,,,,,,"Y","FRONT-LEFT-CORNER",,,,,,,,,,,,,,,,,,,,,,,,,,,,,,,,,
"2322151","5ac03452a149ba294156d37f8a31bf13c72aa70c433cf75916dc73c6110690278b7fdfce3951100c0f4a56f73ce5fe0edd1c8af7df340483b49369d20167997e","2026-06-08T14:00:00.000","2","DRIVER",,"2214770",,"MITSUBISHI","OUTLANDER","IL","2010","NONE","SPORT UTILITY VEHICLE (SUV)","UNKNOWN/NA","E","SLOW/STOP IN TRAFFIC",,,"1",,,,,,,,,,,,,,"Y","Y",,,"SIDE-LEFT-FRONT",,,,,,,,,,,,,,,,,,,,,,,,,,,,,,,,,
"2322259","a31399af4ce60dcf7cdba46dfc0b31e05c2aa1b2e772f8d5c61cdb1eaa472add74669f76d0fa0d28035ca02fada5294e95318ac79617aabbf93ad8f197b80e3e","2026-06-08T14:00:00.000","1","DRIVER",,"2214861",,"UNKNOWN","OTHER (EXPLAIN IN NARRATIVE)","IL",,"UNKNOWN","PASSENGER","UNKNOWN/NA","S","BACKING",,,"1",,,,,,,,,,,,,,,,,"Y","REAR",,,,,,,,,,,,,,,,,,,,,,,,,,,,,,,,,
"2322260","a31399af4ce60dcf7cdba46dfc0b31e05c2aa1b2e772f8d5c61cdb1eaa472add74669f76d0fa0d28035ca02fada5294e95318ac79617aabbf93ad8f197b80e3e","2026-06-08T14:00:00.000","2","DRIVER","1","2214874",,"JEEP","CHEROKEE","IL","2019","NONE","SPORT UTILITY VEHICLE (SUV)","PERSONAL","N","SLOW/STOP IN TRAFFIC",,,"2",,,,,"Y",,,,,,,,,,"Y","Y",,"FRONT",,,,,,,,,,,,,,,,,,,,,,,,,,,,,,,,,
"2322096","fa31ddeecfbe2127a5dd08bb31ea73f31940e06a236ea75d36acde2c4709164869c34ca8e475fcc8253db7c30bcd1d4f004dfc8006a0d09deb60f7502f12e0b0","2026-06-08T13:50:00.000","1","DRIVER",,"2214708",,"NISSAN","ROGUE","IL","2016","NONE","PASSENGER","PERSONAL","W","STRAIGHT AHEAD",,,"1",,,,,,,,,,,,,,,,"Y",,"FRONT",,,,,,,,,,,,,,,,,,,,,,,,,,,,,,,,,
"2322097","fa31ddeecfbe2127a5dd08bb31ea73f31940e06a236ea75d36acde2c4709164869c34ca8e475fcc8253db7c30bcd1d4f004dfc8006a0d09deb60f7502f12e0b0","2026-06-08T13:50:00.000","2","DRIVER",,"2214713",,"NISSAN","MAXIMA",,"2012","NONE","PASSENGER","PERSONAL","W","SLOW/STOP IN TRAFFIC",,,"1",,,,,,,,,,"Y",,,,,,,,"REAR",,,,,,,,,,,,,,,,,,,,,,,,,,,,,,,,,
"2322117","037fbd30ef049a9cf0dad9cacb4b976edf92f252a7e47f85d85ed47d9172e68f82b87ca29a3dc78e2c615351e606fbf1b0a144fa33859c74b9b066db9d045d2f","2026-06-08T13:45:00.000","1","DRIVER",,"2214728","N","NOVA BUS","LFS","IL","2023","UNKNOWN","BUS OVER 15 PASS.","OTHER","N","CHANGING LANES",,,"1",,,,,,,,,,,,,,"Y","Y",,,"FRONT-LEFT-CORNER",,,,,,,,,,,,,,,,,,,,,,,,,,,,,,,,,
"2322118","037fbd30ef049a9cf0dad9cacb4b976edf92f252a7e47f85d85ed47d9172e68f82b87ca29a3dc78e2c615351e606fbf1b0a144fa33859c74b9b066db9d045d2f","2026-06-08T13:45:00.000","2","DRIVER",,"2214743",,"NOVA BUS","LFS","WI","2024","UNKNOWN","BUS OVER 15 PASS.","CTA","N","STRAIGHT AHEAD",,,"1",,,,,"Y","Y",,,,,,,,,,,,"FRONT-RIGHT-CORNER",,,,,,,,,,,,,,,,,,,,,,,,,,,,,,,,,
"2322172","f6f4895f4be7385100a278756e40649bf020bb4327cb74a92bc58f22ae4a7d0be104fcb8626ecb6347b649f76000129df29081713a48f95100b9431916fe7d03","2026-06-08T13:40:00.000","1","DRIVER",,"2214783",,"UNKNOWN","MOTORIZED",,,"UNKNOWN","PASSENGER","PERSONAL","E","PASSING/OVERTAKING",,,"1",,,,,,,,,,,,,,,,,,"UNKNOWN",,,,,,,,,,,,,,,,,,,,,,,,,,,,,,,,,
"2322173","f6f4895f4be7385100a278756e40649bf020bb4327cb74a92bc58f22ae4a7d0be104fcb8626ecb6347b649f76000129df29081713a48f95100b9431916fe7d03","2026-06-08T13:40:00.000","2","DRIVER","2","2214791",,"INFINITI","QX50","IL","2020","UNKNOWN","PASSENGER","PERSONAL","E","STRAIGHT AHEAD",,,"3",,,,,,,,,,,,,"Y","Y","Y","Y",,"SIDE-LEFT",,,,,,,,,,,,,,,,,,,,,,,,,,,,,,,,,
"2322232","1d09d7fd055ea783824d6bc4cc7baf5304deabc3a69acf39f78ea75e7672fe9e535f74f0c7957d8b10109f94a9964c0d19edcb7e1b14140fa84a921d5695e3b3","2026-06-08T13:32:00.000","1","DRIVER",,"2214847",,"HONDA","PILOT","IL","2005","NONE","PASSENGER","PERSONAL","W","BACKING",,,"1",,,,,,,,,,,"Y",,,,,,,"REAR-LEFT-CORNER",,,,,,,,,,,,,,,,,,,,,,,,,,,,,,,,,
"2322255","1d09d7fd055ea783824d6bc4cc7baf5304deabc3a69acf39f78ea75e7672fe9e535f74f0c7957d8b10109f94a9964c0d19edcb7e1b14140fa84a921d5695e3b3","2026-06-08T13:32:00.000","2","DRIVER",,"2214853",,"TOYOTA","SEQUOIA","IL","2005","NONE","PASSENGER","UNKNOWN/NA","UNKNOWN","UNKNOWN/NA",,,"1",,,,,,"Y",,,,,,,,,,,,"FRONT-RIGHT-CORNER",,,,,,,,,,,,,,,,,,,,,,,,,,,,,,,,,
"2322115","34f87b8c45eae3d7c655df077354e916f9369b007b6c19535a90ae5664472f9da918ef68aaa282a3644e4e60b11bd6b982c42cedeede7760639ec960730f326e","2026-06-08T13:32:00.000","1","DRIVER",,"2214741",,"VOLKSWAGEN","PASSAT","IL","2016","UNKNOWN","PASSENGER","PERSONAL","E","BACKING",,,"1",,,,,,,,,,,"Y",,,,,,,"REAR-LEFT-CORNER",,,,,,,,,,,,,,,,,,,,,,,,,,,,,,,,,
"2322116","34f87b8c45eae3d7c655df077354e916f9369b007b6c19535a90ae5664472f9da918ef68aaa282a3644e4e60b11bd6b982c42cedeede7760639ec960730f326e","2026-06-08T13:32:00.000","2","DRIVER","1","2214746",,"AUDI","Q7","IL","2018","UNKNOWN","SPORT UTILITY VEHICLE (SUV)","PERSONAL","S","STRAIGHT AHEAD",,,"2",,,,,"Y","Y",,,,,,,,,,,,"SIDE-RIGHT-FRONT",,,,,,,,,,,,,,,,,,,,,,,,,,,,,,,,,
"2322198","cf898fbfcd21f35af98e67ceee9d5929ef77bd292b35f02951289ebe5cba9dae5752592f255b57eeb8c5aa0421a279cdd8509e84cd032767bd3f90d7f42b342d","2026-06-08T13:30:00.000","1","DRIVER",,"2214811",,"HONDA","OTHER (EXPLAIN IN NARRATIVE)","IL","2009","NONE","PASSENGER","PERSONAL","N","STRAIGHT AHEAD",,,"1",,,,,,,,,,,,,,,,,"Y","UNKNOWN",,,,,,,,,,,,,,,,,,,,,,,,,,,,,,,,,
"2322199","cf898fbfcd21f35af98e67ceee9d5929ef77bd292b35f02951289ebe5cba9dae5752592f255b57eeb8c5aa0421a279cdd8509e84cd032767bd3f90d7f42b342d","2026-06-08T13:30:00.000","2","DRIVER",,"2214810",,"CHEVROLET","MALIBU","IL","2015","NONE","PASSENGER","PERSONAL","N","STRAIGHT AHEAD",,,"1",,,,,,,,,,"Y",,,,,,,,"REAR",,,,,,,,,,,,,,,,,,,,,,,,,,,,,,,,,
"2322107","234f6bca7098ec31fcb6eeacc6f550d9917e688d8a387d9cf8c9583b54127b3e2bb7c68c0de29291efb2f2bf617fe97382e30403f3779fb892ec497af8c58729","2026-06-08T13:15:00.000","1","DRIVER",,"2214921",,"NISSAN","ROGUE","WI","2021","NONE","SPORT UTILITY VEHICLE (SUV)","PERSONAL","W","ENTERING TRAFFIC LANE FROM PARKING",,,"1",,,,,,,,,,,,,,,"Y",,,"FRONT-LEFT-CORNER",,,,,,,,,,,,,,,,,,,,,,,,,,,,,,,,,
"2322108","234f6bca7098ec31fcb6eeacc6f550d9917e688d8a387d9cf8c9583b54127b3e2bb7c68c0de29291efb2f2bf617fe97382e30403f3779fb892ec497af8c58729","2026-06-08T13:15:00.000","2","DRIVER",,"2214980",,"TOYOTA","PRIUS","IL","2010","NONE","PASSENGER","PERSONAL","W","STRAIGHT AHEAD",,,"1",,,,,"Y","Y","Y","Y",,,,,,,,,,"SIDE-RIGHT",,,,,,,,,,,,,,,,,,,,,,,,,,,,,,,,,
"2322085","b4f0dc13ecc79d612f5e50ee30372b3641cf807a6a4493ac921d6cff03d00933b1356d81bc3dc2181f870625ab21abe9101eb3f2d282d41d18b0b4ec737f89e1","2026-06-08T13:15:00.000","1","DRIVER",,"2214704",,"HYUNDAI","TUCSON","IL","2022","NONE","PASSENGER","PERSONAL","E","BACKING",,,"1",,,,,"Y","Y",,,,,,,,,,,,"FRONT-RIGHT-CORNER",,,,,,,,,,,,,,,,,,,,,,,,,,,,,,,,,
"2322086","b4f0dc13ecc79d612f5e50ee30372b3641cf807a6a4493ac921d6cff03d00933b1356d81bc3dc2181f870625ab21abe9101eb3f2d282d41d18b0b4ec737f89e1","2026-06-08T13:15:00.000","2","PARKED",,"2214711",,"NISSAN","PATHFINDER","IL","2018","NONE","PASSENGER","PERSONAL","E","PARKED",,,"0",,,,,,,,,,,,"Y","Y","Y","Y",,,"SIDE-LEFT",,,,,,,,,,,,,,,,,,,,,,,,,,,,,,,,,
"2322092","b7002c6658033b5debc2084b11c45fc12443e04be97ba2402ae12c14a6b7cec5e3a56b6304acb7c84bdd352729050e36259ddb720febc9c2ce67f3f54a21e481","2026-06-08T13:15:00.000","1","DRIVER",,"2214712",,"UNKNOWN","OTHER (EXPLAIN IN NARRATIVE)",,,"UNKNOWN","UNKNOWN/NA","UNKNOWN/NA","UNKNOWN","UNKNOWN/NA",,,"1",,,,,,,,,,,,,,,,,,"UNKNOWN",,,,,,,,,,,,,,,,,,,,,,,,,,,,,,,,,
"2322093","b7002c6658033b5debc2084b11c45fc12443e04be97ba2402ae12c14a6b7cec5e3a56b6304acb7c84bdd352729050e36259ddb720febc9c2ce67f3f54a21e481","2026-06-08T13:15:00.000","2","PARKED",,"2214715",,"HONDA","CIVIC","IL","2007","NONE","PASSENGER","NOT IN USE","UNKNOWN","PARKED",,,"0",,,,,"Y","Y","Y",,,,,,,,,,,"SIDE-RIGHT",,,,,,,,,,,,,,,,,,,,,,,,,,,,,,,,,
"2322077","09a9673891e5dea5540d92758e0f38c3eb2b05d8f194298ac84ff9457a9db448271ff6a46dd96e1c50aefad4079624f8550a6a142c11ec434ea3db9aea5619cc","2026-06-08T13:00:00.000","1","DRIVER","1","2214691",,"CHEVROLET","BOLT","IL","2023","NONE","PASSENGER","PERSONAL","E","STRAIGHT AHEAD",,,"2",,,,,"Y",,,,,,,,,,"Y","Y",,"FRONT",,,,,,,,,,,,,,,,,,,,,,,,,,,,,,,,,
"2322078","09a9673891e5dea5540d92758e0f38c3eb2b05d8f194298ac84ff9457a9db448271ff6a46dd96e1c50aefad4079624f8550a6a142c11ec434ea3db9aea5619cc","2026-06-08T13:00:00.000","2","DRIVER",,"2214696",,"CHEVROLET","EQUINOX","IL","2023","NONE","SPORT UTILITY VEHICLE (SUV)","PERSONAL","S","STRAIGHT AHEAD","Y",,"1",,"PRIVATE","UNK",,"Y","Y","Y","Y",,,,,,,,,,"SIDE-RIGHT",,,,,,,,,,,,,,,,,,,,,,,,,,,,,,,,,
"2322090","107c3b260b5b56f168b3084e960a04c1f4fceddc58c7c57f1954624e1fc7928c63536f015d302a561a647b4a04ac6918b4b27c669dc1ad95417b5c86b3dc2df5","2026-06-08T12:50:00.000","1","DRIVER",,"2214703",,"UNKNOWN","OTHER (EXPLAIN IN NARRATIVE)",,,"UNKNOWN","PASSENGER","UNKNOWN/NA","S","CHANGING LANES",,,"1",,,,,,,,,,,"Y","Y","Y","Y","Y",,,"SIDE-LEFT",,,,,,,,,,,,,,,,,,,,,,,,,,,,,,,,,
"2322091","107c3b260b5b56f168b3084e960a04c1f4fceddc58c7c57f1954624e1fc7928c63536f015d302a561a647b4a04ac6918b4b27c669dc1ad95417b5c86b3dc2df5","2026-06-08T12:50:00.000","2","DRIVER",,"2214707",,"CHEVROLET","SILVERADO","IL","2016","UNKNOWN","PICKUP","COMMERCIAL - SINGLE UNIT","S","STRAIGHT AHEAD",,,"1",,,,,"Y","Y",,,,,,,,,,,,"SIDE-RIGHT",,,,,,,,,,,,,,,,,,,,,,,,,,,,,,,,,
"2322035","a648562e4d0e32faa272c7920af5650037c46c35a096f818f5279fd42ff604172c44f26fd8b818ee55b8b638b1afed4d462a62bd193bd1800aa5e698f070eec0","2026-06-08T12:30:00.000","1","DRIVER",,"2214667",,"SUBARU","FORESTER","IL","2015","UNKNOWN","PASSENGER","PERSONAL","N","STRAIGHT AHEAD","Y",,"1",,"chicago towing","RESIDENCE",,"Y","Y",,,,,,,,,"Y","Y",,"FRONT",,,,,,,,,,,,,,,,,,,,,,,,,,,,,,,,,
"2322072","cefcabdb7764a48d7449f06f7865a1875726336f29596a6070df03d62638702e8985891c925c3ea16b8d3ecdcaf5d3f446bcb2b4c37e9c058b0998c8f1f417fa","2026-06-08T12:28:00.000","1","DRIVER",,"2214694",,"CAT","CAT","IL",,"UNKNOWN","OTHER","CONSTRUCTION/MAINTENANCE","N","BACKING",,,"1",,,,,,,,,"Y","Y","Y",,,,,,,"REAR",,,,,,,,,,,,,,,,,,,,,,,,,,,,,,,,,
"2322073","cefcabdb7764a48d7449f06f7865a1875726336f29596a6070df03d62638702e8985891c925c3ea16b8d3ecdcaf5d3f446bcb2b4c37e9c058b0998c8f1f417fa","2026-06-08T12:28:00.000","2","DRIVER",,"2214699",,"CHEVROLET","TAHOE","IL","2015","NONE","PASSENGER","PERSONAL","UNKNOWN","SLOW/STOP IN TRAFFIC",,,"1",,,,,"Y",,,,,,,,,,"Y","Y",,"FRONT",,,,,,,,,,,,,,,,,,,,,,,,,,,,,,,,,
"2322055","202a8bb610848f6557e123319c27f5ee811bb8eace10f1706c57179edd1e64cdd3c6a063c1a3b76328c6d32748ba1b3b0bfab5235c64cb45cb9cee2d958455fe","2026-06-08T12:25:00.000","1","DRIVER",,"2214675",,"FREIGHTLINER CORPORATION","FREIGHTLINER CORP.","IL",,"NONE","OTHER VEHICLE WITH TRAILER","COMMERCIAL - MULTI-UNIT","S","STRAIGHT AHEAD",,,"1",,,,,,,"Y","Y","Y",,,,,,,,,"SIDE-RIGHT",,,,,,,,,,,,,,,,,,,,,,,,,,,,,,,,,
"2322056","202a8bb610848f6557e123319c27f5ee811bb8eace10f1706c57179edd1e64cdd3c6a063c1a3b76328c6d32748ba1b3b0bfab5235c64cb45cb9cee2d958455fe","2026-06-08T12:25:00.000","2","PARKED",,"2214685",,"CHEVROLET","EQUINOX","IL","2020","NONE","PASSENGER","PERSONAL","S","PARKED","Y","N","0",,"MIKES TOWING","UNKNOWN",,,,,,,,,"Y","Y","Y","Y",,,"SIDE-LEFT",,,,,,,,,,,,,,,,,,,,,,,,,,,,,,,,,
"2322061","2f5d16ba2c187dd5a15c66da0c28675ce9f52f4cca0609641d04b41834501ac5a1d11644bc659cceceda40f5833986f272c0ee888d681b99d3d1fb8099976917","2026-06-08T12:20:00.000","1","DRIVER",,"2214689",,"FORD","ESCAPE","IL","2024","NONE","OTHER","POLICE","S","STRAIGHT AHEAD",,,"1",,,,,,,,,,,,,,"Y","Y",,,"FRONT-LEFT-CORNER",,,,,,,,,,,,,,,,,,,,,,,,,,,,,,,,,
"2322062","2f5d16ba2c187dd5a15c66da0c28675ce9f52f4cca0609641d04b41834501ac5a1d11644bc659cceceda40f5833986f272c0ee888d681b99d3d1fb8099976917","2026-06-08T12:20:00.000","2","PARKED","1","2214676",,"TOYOTA","HIGHLANDER","IL","2020","NONE","OTHER","POLICE","N","PARKED",,,"1",,,,,,,,,,,,,,"Y","Y",,,"FRONT-LEFT-CORNER",,,,,,,,,,,,,,,,,,,,,,,,,,,,,,,,,
"2322039","005cc45045a45204515f0f399b1fac3b1be9172cde4fac87faf9beec12a4f17eb306a48b4a4125cff6a5a2389b7a05060aa089351c1e2e3481638736ce7c4bb2","2026-06-08T12:15:00.000","1","DRIVER","1","2214657",,"TOYOTA","PRIUS","IL","2015","NONE","PASSENGER","PERSONAL","E","STRAIGHT AHEAD","Y",,"2",,"private",,,"Y",,,,,,,,,,"Y","Y",,"FRONT",,,,,,,,,,,,,,,,,,,,,,,,,,,,,,,,,
"2322040","005cc45045a45204515f0f399b1fac3b1be9172cde4fac87faf9beec12a4f17eb306a48b4a4125cff6a5a2389b7a05060aa089351c1e2e3481638736ce7c4bb2","2026-06-08T12:15:00.000","2","DRIVER",,"2214660",,"HONDA","CIVIC","IL","2016","NONE","PASSENGER","PERSONAL","N","STRAIGHT AHEAD",,,"1",,,,,,,,,,,,"Y","Y","Y",,,,"SIDE-LEFT",,,,,,,,,,,,,,,,,,,,,,,,,,,,,,,,,
"2322136","d623bc0be173549ab635b20a7483c85f49bacc240ba39535d210d29304fbf6c5266548c1b0f21e1e683bab0bdecb2eb0ee53d40ee76ad80989365a056b567e0d","2026-06-08T12:00:00.000","1","DRIVER",,"2214765",,"HONDA","CIVIC","IL","2014","UNKNOWN","PASSENGER","PERSONAL","E","UNKNOWN/NA",,,"1",,,,,,,,,,,,,,,"N","Y","N","FRONT",,,,,,,,,,,,,,,,,,,,,,,,,,,,,,,,,
"2322137","d623bc0be173549ab635b20a7483c85f49bacc240ba39535d210d29304fbf6c5266548c1b0f21e1e683bab0bdecb2eb0ee53d40ee76ad80989365a056b567e0d","2026-06-08T12:00:00.000","2","PARKED",,"2214784",,"FORD","ESCAPE","IL","2014","NONE","SPORT UTILITY VEHICLE (SUV)","PERSONAL","E","PARKED",,,"0",,,,,,,,,,"Y",,,,,,,,"REAR",,,,,,,,,,,,,,,,,,,,,,,,,,,,,,,,,
"2322036","549abf54afc0a888d322288ebf2a4fcbbf2763fe712c6a31d2e13e9b90ab26967bd83609d95970d8af1f15d50a51d4fcc79d7b9747e332ed468f9069ee967f7a","2026-06-08T11:45:00.000","1","DRIVER",,"2214654",,"INFINITI","G37","IL","2009","UNKNOWN","PASSENGER","UNKNOWN/NA","W","TURNING RIGHT",,,"1",,,,,,,,,,,,,,,,,"Y","SIDE-LEFT",,,,,,,,,,,,,,,,,,,,,,,,,,,,,,,,,
"2322044","549abf54afc0a888d322288ebf2a4fcbbf2763fe712c6a31d2e13e9b90ab26967bd83609d95970d8af1f15d50a51d4fcc79d7b9747e332ed468f9069ee967f7a","2026-06-08T11:45:00.000","2","PEDESTRIAN",,,,,,,,,,,,,,,,,,,,,,,,,,,,,,,,,,,,,,,,,,,,,,,,,,,,,,,,,,,,,,,,,,
"2322028","18b556e51c2aeac73cdccf3ff76b9479628eee4eaa2d6858de42a4fe0c9be37d418d429bba80493bc6441448e40d229b19f850282bd8ac1c0882be10535a1f4d","2026-06-08T11:40:00.000","1","DRIVER",,"2214656",,"NISSAN","VERSA","IL","2011","UNKNOWN","PASSENGER","PERSONAL","N","STRAIGHT AHEAD","Y",,"1",,,,,,,,,,,,,,,,"Y",,"FRONT",,,,,,,,,,,,,,,,,,,,,,,,,,,,,,,,,
"2322029","18b556e51c2aeac73cdccf3ff76b9479628eee4eaa2d6858de42a4fe0c9be37d418d429bba80493bc6441448e40d229b19f850282bd8ac1c0882be10535a1f4d","2026-06-08T11:40:00.000","2","DRIVER",,"2214659",,"NISSAN","ALTIMA","IL","2014","UNKNOWN","PASSENGER","PERSONAL","E","STRAIGHT AHEAD",,,"1",,,,,,,,"Y",,,,,,,,,,"SIDE-RIGHT",,,,,,,,,,,,,,,,,,,,,,,,,,,,,,,,,
"2322074","f79cd0fe2f309a21f495d1ead8668253ae3a87e36fd51aa86428606ca1cd23ef2cebc8509113d7ea36195798626115eb3fc0fd9ea6a9988e76e0755d471bff6e","2026-06-08T11:35:00.000","1","DRIVER",,"2214702",,"FORD","MUSTANG","IL","2016","UNKNOWN","PASSENGER","UNKNOWN/NA","UNKNOWN","UNKNOWN/NA","Y",,"1",,"CHICAGO AUTO POUND","POUND #2",,"N","N","N",,,,"N","N","N","N","N","N",,"UNKNOWN",,,,,,,,,,,,,,,,,,,,,,,,,,,,,,,,,
"2322470","5145d2b8575601abf39cacc1aff7e27e9d00abde93e5cbc7474a2ed0672c7d70f564bf09d4564b28065acee6540d6300c8e9e7acd1d69d3d4a10d4e10b611923","2026-06-08T11:30:00.000","1","DRIVER",,"2215092",,"NISSAN","FRONTIER","IL","2016","NONE","PICKUP","PERSONAL","E","STRAIGHT AHEAD",,,"1",,,,,"Y",,,,,,,,,,,"Y",,"FRONT-RIGHT-CORNER",,,,,,,,,,,,,,,,,,,,,,,,,,,,,,,,,
"2322471","5145d2b8575601abf39cacc1aff7e27e9d00abde93e5cbc7474a2ed0672c7d70f564bf09d4564b28065acee6540d6300c8e9e7acd1d69d3d4a10d4e10b611923","2026-06-08T11:30:00.000","2","DRIVER",,"2215094",,"FORD","TRANSIT","IL","2015","NONE","VAN/MINI-VAN","PERSONAL","E","SLOW/STOP IN TRAFFIC",,,"1",,,,,,,,,,"Y","Y",,,,,,,"REAR-LEFT-CORNER",,,,,,,,,,,,,,,,,,,,,,,,,,,,,,,,,
"2322142","59cbe8e27c7caf557560e266f4f3e24179ad79a2863f750ba3cfc74cf03c4ed5115933df4b7fd7534ea0961ef08385d188524ab29a74312c253ab0ac0a062fed","2026-06-08T11:30:00.000","1","DRIVER",,"2214754",,"TOYOTA","CAMRY","IL","2004","UNKNOWN","PASSENGER","UNKNOWN/NA","UNKNOWN","BACKING",,,"1",,,,,,,,,,,,,,,,,,"REAR",,,,,,,,,,,,,,,,,,,,,,,,,,,,,,,,,
"2322143","59cbe8e27c7caf557560e266f4f3e24179ad79a2863f750ba3cfc74cf03c4ed5115933df4b7fd7534ea0961ef08385d188524ab29a74312c253ab0ac0a062fed","2026-06-08T11:30:00.000","2","PARKED",,"2214757",,"NISSAN","ROGUE","IL","2016","UNKNOWN","SPORT UTILITY VEHICLE (SUV)","UNKNOWN/NA","UNKNOWN","PARKED",,,"0",,,,,,,,,,,,,,,,,,"FRONT",,,,,,,,,,,,,,,,,,,,,,,,,,,,,,,,,
"2322006","ca6edb89f7f3ad13e61d7eed154bb8df05d30dbfc409b4de23e39bbc23f11bb2dfcd52f849355086326d1bad659cac42ea55ebc19454bcafd002170a00238987","2026-06-08T11:30:00.000","1","DRIVER",,"2214638",,"ACURA","ZDX","IL","2008","NONE","SPORT UTILITY VEHICLE (SUV)","PERSONAL","N","STRAIGHT AHEAD",,,"1",,,,,"Y","Y",,,,,,,,,,,,"REAR-RIGHT-CORNER",,,,,,,,,,,,,,,,,,,,,,,,,,,,,,,,,
"2322007","ca6edb89f7f3ad13e61d7eed154bb8df05d30dbfc409b4de23e39bbc23f11bb2dfcd52f849355086326d1bad659cac42ea55ebc19454bcafd002170a00238987","2026-06-08T11:30:00.000","2","DRIVER",,"2214651",,"FORD","TRANSIT","IL","2022","NONE","PICKUP","UNKNOWN/NA","N","STRAIGHT AHEAD",,,"1",,,,,,,,,,,"Y",,,,,,,"REAR-LEFT-CORNER",,,,,,,,,,,,,,,,,,,,,,,,,,,,,,,,,
"2322049","fc4837191fdee7d0e263f334f7eaa44cfafc733cc313c22af688bfff3ecfc23e9860a5c8fdb893602463a82e94c72b4eed271ee6e8e7bc4516d8187c15e3166d","2026-06-08T11:30:00.000","1","DRIVER",,"2214666",,"VAN ART, INC.","VAN ART, INC.","IL",,"UNKNOWN","VAN/MINI-VAN","UNKNOWN/NA","E","CHANGING LANES",,,"1",,,,,,,,,,"Y","Y",,,,,,,"REAR-LEFT-CORNER",,,,,,,,,,,,,,,,,,,,,,,,,,,,,,,,,
"2322050","fc4837191fdee7d0e263f334f7eaa44cfafc733cc313c22af688bfff3ecfc23e9860a5c8fdb893602463a82e94c72b4eed271ee6e8e7bc4516d8187c15e3166d","2026-06-08T11:30:00.000","2","DRIVER",,"2214669",,"NISSAN","FRONTIER","IL","2016","UNKNOWN","PICKUP","UNKNOWN/NA","E","SLOW/STOP IN TRAFFIC",,,"1",,,,,"Y",,,,,,,,,,,"Y",,"FRONT-RIGHT-CORNER",,,,,,,,,,,,,,,,,,,,,,,,,,,,,,,,,
"2322016","5bb5ad8b2cdb6e22c75587d896fc0fb45b9928b6ca3a7bea7bf75f55fb17ba012a8aed35d8e90dc311a5c116d225d9c3ab9c05c6d17f011926c7a3181c06f3fc","2026-06-08T11:20:00.000","1","DRIVER",,"2214635",,"FORD","EXPLORER","IL",,"UNKNOWN","SPORT UTILITY VEHICLE (SUV)","UNKNOWN/NA","W","STRAIGHT AHEAD",,,"1",,,,,,"Y","Y",,,,,,,,,,"N","SIDE-RIGHT",,,,,,,,,,,,,,,,,,,,,,,,,,,,,,,,,
"2322017","5bb5ad8b2cdb6e22c75587d896fc0fb45b9928b6ca3a7bea7bf75f55fb17ba012a8aed35d8e90dc311a5c116d225d9c3ab9c05c6d17f011926c7a3181c06f3fc","2026-06-08T11:20:00.000","2","PEDESTRIAN",,,,,,,,,,,,,,,,,,,,,,,,,,,,,,,,,,,,,,,,,,,,,,,,,,,,,,,,,,,,,,,,,,
"2322002","7d8edcc5652ab4dc79018cad8e36f2cc6bb0b2a2a503835eea2d4fa5c434731fcf07767caadaf48a9fdd1552699e9e32d2b827c315984299fe4ca739cb74a461","2026-06-08T11:20:00.000","1","DRIVER",,"2214626",,"CHRYSLER","TOWN & COUNTRY","MI","2012","NONE","VAN/MINI-VAN","PERSONAL","N","CHANGING LANES",,,"1",,,,,"Y","Y",,,,,,,,,,,,"FRONT-RIGHT-CORNER",,,,,,,,,,,,,,,,,,,,,,,,,,,,,,,,,
"2322003","7d8edcc5652ab4dc79018cad8e36f2cc6bb0b2a2a503835eea2d4fa5c434731fcf07767caadaf48a9fdd1552699e9e32d2b827c315984299fe4ca739cb74a461","2026-06-08T11:20:00.000","2","DRIVER",,"2214628",,"TOYOTA","RAV4","IL","2024","NONE","SPORT UTILITY VEHICLE (SUV)","TAXI/FOR HIRE","N","STRAIGHT AHEAD",,,"1",,,,,,,,,,,"Y","Y","Y","Y","Y",,,"SIDE-LEFT",,,,,,,,,,,,,,,,,,,,,,,,,,,,,,,,,
"2322261","c919eef247c8a8b769581d249ffa4e55f44a0aca6cdfcf2b93fac5c4b32913400259f420dc14d320ca63b2fb0b27de364312bd32717afdfd3c95304e7266a9ce","2026-06-08T11:15:00.000","1","DRIVER",,"2214873",,"TOYOTA","OTHER (EXPLAIN IN NARRATIVE)","IL","2018","UNKNOWN","PASSENGER","PERSONAL","E","UNKNOWN/NA",,,"1",,,,,,,,,,,,,,,,,"Y","UNKNOWN",,,,,,,,,,,,,,,,,,,,,,,,,,,,,,,,,
"2322262","c919eef247c8a8b769581d249ffa4e55f44a0aca6cdfcf2b93fac5c4b32913400259f420dc14d320ca63b2fb0b27de364312bd32717afdfd3c95304e7266a9ce","2026-06-08T11:15:00.000","2","PARKED",,"2214865",,"SUBARU","LEGACY","IL","2005","NONE","PASSENGER","NOT IN USE","E","PARKED",,,"0",,,,,,,,,,,"Y","Y",,,,,,"SIDE-LEFT-REAR",,,,,,,,,,,,,,,,,,,,,,,,,,,,,,,,,
"2321999","280d1db2c343fb74758f766230322091c6eaa282da75d72d22258340cddce11cc111371642b2c2ca5f7423de2e0710eeeddadb069e70481df358fe28be5398a2","2026-06-08T11:10:00.000","1","DRIVER",,"2214624",,"CHEVROLET","MALIBU","IN","2016","UNKNOWN","PASSENGER","UNKNOWN/NA","W","STRAIGHT AHEAD",,,"1",,,,,,,,,,,,,,,,,"Y","UNKNOWN",,,,,,,,,,,,,,,,,,,,,,,,,,,,,,,,,
"2322000","280d1db2c343fb74758f766230322091c6eaa282da75d72d22258340cddce11cc111371642b2c2ca5f7423de2e0710eeeddadb069e70481df358fe28be5398a2","2026-06-08T11:10:00.000","2","DRIVER","1","2214630",,"FORD","F150","IL","2017","NONE","PICKUP","UNKNOWN/NA","W","STRAIGHT AHEAD",,,"2",,,,,"Y","Y",,,,,,,,,,,,"SIDE-RIGHT",,,,,,,,,,,,,,,,,,,,,,,,,,,,,,,,,
"2322069","97bce17e2d70cbc8fbfac8d8ed5ec43d3844b2a7dda4822a9fa2e0480ab09b5b1410c65907e3c034fb7f072722bc26e127511a3d1db639de7f8c3bdf28051b9f","2026-06-08T11:00:00.000","1","DRIVER",,"2214686",,"BUICK","ENCLAVE","WI","2026","NONE","SPORT UTILITY VEHICLE (SUV)","PERSONAL","SE","ENTERING TRAFFIC LANE FROM PARKING",,,"1",,,,,,,,,,,,,,"Y",,,,"SIDE-LEFT",,,,,,,,,,,,,,,,,,,,,,,,,,,,,,,,,
"2322031","3dc1de06c89c4cf12d898405554d30a779e9e21168da4d9b868797afd4b8f4979b6de04c0f3e7f5babfd66804e6b709d1a4b93c0113469b67aaecb505900370f","2026-06-08T10:59:00.000","1","DRIVER",,"2214661","Y","MACK TRUCKS, INC.","MACK TRUCKS, INC.","IL","2004","LIGHTS","SINGLE UNIT TRUCK WITH TRAILER","CONSTRUCTION/MAINTENANCE","NE","BACKING",,,"1",,,,,,,,,,,"Y",,,,,,,"REAR-LEFT-CORNER","23633",,,,,,"PULIDO TRUCKING INC","IL","BURBANK",,,,"N","N",,"N",,"N","N",,,,,,,,,,,,"N","N",
"2322032","3dc1de06c89c4cf12d898405554d30a779e9e21168da4d9b868797afd4b8f4979b6de04c0f3e7f5babfd66804e6b709d1a4b93c0113469b67aaecb505900370f","2026-06-08T10:59:00.000","2","DRIVER",,"2214671","Y","FORD","TRANSIT","IL","2024","NONE","VAN/MINI-VAN","CONSTRUCTION/MAINTENANCE","S","STRAIGHT AHEAD",,,"1",,,,,,"Y","Y","Y",,,,,,,,,,"SIDE-RIGHT","23634",,,,,,"JCDECAUX NORTH AMERICA INC","IL","CHICAGO",,,,"N","N",,"N",,"N","N",,,,,,,,,,,,"N","N",
"2322012","c580d361c7956fdea01a9b045269cc60c945b21854e798788080202d675df44ed96b6a6df2ea48cc270a98d461815744a1ca403d18f0399b4dd2edf18e0eda8d","2026-06-08T10:58:00.000","1","DRIVER",,"2214645",,"LEXUS","ES330","IL","2005","NONE","PASSENGER","PERSONAL","S","STRAIGHT AHEAD",,,"1",,,,,"Y","Y","N",,,,,,,,,"Y",,"FRONT-RIGHT-CORNER",,,,,,,,,,,,,,,,,,,,,,,,,,,,,,,,,
"2322013","c580d361c7956fdea01a9b045269cc60c945b21854e798788080202d675df44ed96b6a6df2ea48cc270a98d461815744a1ca403d18f0399b4dd2edf18e0eda8d","2026-06-08T10:58:00.000","2","PARKED",,"2214655",,"VOLKSWAGEN","JETTA","IL","2020","NONE","PASSENGER","NOT IN USE","S","PARKED",,,"0",,,,,,,,,,"Y","Y","Y","Y",,,,,"REAR-LEFT-CORNER",,,,,,,,,,,,,,,,,,,,,,,,,,,,,,,,,
"2322075","7094664674c24313279184e3da7410da3993824ccd61e1934af9660d6c7811121317dd5e55b27b076191a942b18b7c0cc403883ae17522797348c3d1fd110fbc","2026-06-08T10:53:00.000","1","DRIVER","1","2214695",,"DODGE","GRAND CARAVAN","IL","2007","UNKNOWN","VAN/MINI-VAN","PERSONAL","N","UNKNOWN/NA","Y",,"2",,"CHICAGO POLICE DEPARTMENT","POUND#2",,"Y",,,,,,,,,,"Y","Y",,"FRONT",,,,,,,,,,,,,,,,,,,,,,,,,,,,,,,,,
"2322076","7094664674c24313279184e3da7410da3993824ccd61e1934af9660d6c7811121317dd5e55b27b076191a942b18b7c0cc403883ae17522797348c3d1fd110fbc","2026-06-08T10:53:00.000","2","PARKED",,"2214701",,"DODGE","RAM 1500 PU","IL","2003","UNKNOWN","PICKUP","NOT IN USE","W","PARKED",,,"0",,,,,,,,,,,,"Y","Y","Y",,,,"SIDE-LEFT-FRONT",,,,,,,,,,,,,,,,,,,,,,,,,,,,,,,,,
"2322008","8759792ab43675213985667e263e0b362c5b4e94b11546c602c5ef9d9362b25eb48bdf6d65f66ccc1d9cee3fdf015bd931395ac329c1f93b8eee3d2ca49d21d4","2026-06-08T10:43:00.000","1","DRIVER",,"2214631",,"FORD","EXPEDITION","WV",,"UNKNOWN","PASSENGER","UNKNOWN/NA","S","TURNING LEFT",,,"1",,,,,,,,,,,,,,,,,,"UNKNOWN",,,,,,,,,,,,,,,,,,,,,,,,,,,,,,,,,
"2322009","8759792ab43675213985667e263e0b362c5b4e94b11546c602c5ef9d9362b25eb48bdf6d65f66ccc1d9cee3fdf015bd931395ac329c1f93b8eee3d2ca49d21d4","2026-06-08T10:43:00.000","2","PEDESTRIAN",,,,,,,,,,,,,,,,,,,,,,,,,,,,,,,,,,,,,,,,,,,,,,,,,,,,,,,,,,,,,,,,,,
"2322438","c08bd0b379a13a3a461caa405d5db3f6d6aa7ec70f10e53f946ce10e9ef4a805c9d7809ff5c6a94e6fa7f4a08172edd806049a37968a2a87b505ee6a5dc096bb","2026-06-08T10:41:00.000","1","DRIVER",,"2215046",,"MERCEDES-BENZ","GLA","IL","2021","UNKNOWN","PASSENGER","PERSONAL","N","ENTERING TRAFFIC LANE FROM PARKING",,,"1",,,,,,,,,,,,,,,,,"Y","FRONT",,,,,,,,,,,,,,,,,,,,,,,,,,,,,,,,,
"2322439","c08bd0b379a13a3a461caa405d5db3f6d6aa7ec70f10e53f946ce10e9ef4a805c9d7809ff5c6a94e6fa7f4a08172edd806049a37968a2a87b505ee6a5dc096bb","2026-06-08T10:41:00.000","2","DRIVERLESS",,"2215050",,"CHEVROLET","OTHER (EXPLAIN IN NARRATIVE)","IL","2016","UNKNOWN","PASSENGER","PERSONAL","N","PARKED IN TRAFFIC LANE",,,"0",,,,,,,,,,,"Y",,,,,,,"REAR-LEFT-CORNER",,,,,,,,,,,,,,,,,,,,,,,,,,,,,,,,,
"2321963","060649f401af5da6b9d91c54fb846926185e4a4fb5df557a699c4891b2c5987983c4e60ff2a7feb4e8347f80023867d906d2ed9d59780b2059df661c18054c15","2026-06-08T10:15:00.000","1","DRIVER",,"2214583",,"BUICK","LACROSSE","IL","2011","UNKNOWN","PASSENGER","PERSONAL","E","STRAIGHT AHEAD",,,"1",,,,,"Y","Y",,,,,,,,,,"Y",,"FRONT-RIGHT-CORNER",,,,,,,,,,,,,,,,,,,,,,,,,,,,,,,,,
"2321964","060649f401af5da6b9d91c54fb846926185e4a4fb5df557a699c4891b2c5987983c4e60ff2a7feb4e8347f80023867d906d2ed9d59780b2059df661c18054c15","2026-06-08T10:15:00.000","2","DRIVER",,"2214595",,"JEEP","CHEROKEE","IL","2015","NONE","SPORT UTILITY VEHICLE (SUV)","PERSONAL","E","STARTING IN TRAFFIC","Y",,"1",,,,,,,,,,,,,"Y","Y","N",,,"SIDE-LEFT-FRONT",,,,,,,,,,,,,,,,,,,,,,,,,,,,,,,,,
"2322111","24d1de679ac3cc4bee13f40256db4e1d90371d0c07c8479ebeadc28d0d53f36473413f33125133261a66e50a8d4e0e5a6c9ea4f1d485d4cb19c150c3e519f023","2026-06-08T10:15:00.000","1","DRIVER",,"2214729",,"DODGE","RAM 1500 VAN","IL","2016","UNKNOWN","VAN/MINI-VAN","UNKNOWN/NA","E","STRAIGHT AHEAD",,,"1",,,,,,,,,,,,,,,,,"Y","FRONT",,,,,,,,,,,,,,,,,,,,,,,,,,,,,,,,,
"2322112","24d1de679ac3cc4bee13f40256db4e1d90371d0c07c8479ebeadc28d0d53f36473413f33125133261a66e50a8d4e0e5a6c9ea4f1d485d4cb19c150c3e519f023","2026-06-08T10:15:00.000","2","DRIVER","1","2214737",,"HONDA","PILOT","IL","2008","NONE","SPORT UTILITY VEHICLE (SUV)","UNKNOWN/NA","E","SLOW/STOP IN TRAFFIC",,,"2",,,,,,,,,,"Y",,,,,,,,"REAR",,,,,,,,,,,,,,,,,,,,,,,,,,,,,,,,,
"2321958","21a322a18e717d383a1e2cddaf4b8e638a9fbf38c35f4f366da3c3b1ae1b58448f3aa5d880d0b1f3b2da4fbc1d06331067f89b196c4cbb55fbe16c03f01cf74d","2026-06-08T10:10:00.000","1","DRIVER",,"2214579",,"UNKNOWN","OTHER (EXPLAIN IN NARRATIVE)","IL",,"NONE","PASSENGER","PERSONAL","S","BACKING",,,"1",,,,,,,,,,,,,,,,,"Y","REAR",,,,,,,,,,,,,,,,,,,,,,,,,,,,,,,,,
"2321959","21a322a18e717d383a1e2cddaf4b8e638a9fbf38c35f4f366da3c3b1ae1b58448f3aa5d880d0b1f3b2da4fbc1d06331067f89b196c4cbb55fbe16c03f01cf74d","2026-06-08T10:10:00.000","2","PARKED",,"2214581",,"HYUNDAI","OTHER (EXPLAIN IN NARRATIVE)","IL","2007","NONE","PASSENGER","NOT IN USE","S","PARKED",,,"0",,,,,,,,,,,,,,,,"Y",,"FRONT",,,,,,,,,,,,,,,,,,,,,,,,,,,,,,,,,
"2321934","cd936e98944de10fd38fd058834ae4ddece21a4ad6434ff2b5e12a312986274201c0d70fd7a541e23f204f36c270beeacad3b1d1ac8c1e47f3edd1cf76249a39","2026-06-08T10:10:00.000","1","DRIVER",,"2214563",,"HONDA","ACCORD","IL","2010","NONE","PASSENGER","PERSONAL","S","STRAIGHT AHEAD",,,"1",,,,,"Y",,,,,,,,,,"Y","Y",,"FRONT",,,,,,,,,,,,,,,,,,,,,,,,,,,,,,,,,
"2321935","cd936e98944de10fd38fd058834ae4ddece21a4ad6434ff2b5e12a312986274201c0d70fd7a541e23f204f36c270beeacad3b1d1ac8c1e47f3edd1cf76249a39","2026-06-08T10:10:00.000","2","DRIVER",,"2214565",,"FORD","ESCAPE","IL","2013","NONE","PASSENGER","PERSONAL","S","STRAIGHT AHEAD",,,"1",,,,,,,,,"Y","Y","Y",,,,,,,"REAR",,,,,,,,,,,,,,,,,,,,,,,,,,,,,,,,,
"2322022","168c7152bdae3829cc319ad1c8f371d8ab3a0d404bdb1b989a220b30b0863959060ee4444ad883036c0c8e4b8f2d52e27fdfe6ca0fd281260efb836b1e850365","2026-06-08T10:05:00.000","1",,,,,,,,,,,,,,,,,,,,,,,,,,,,,,,,,,,,,,,,,,,,,,,,,,,,,,,,,,,,,,,,,,,
"2322023","168c7152bdae3829cc319ad1c8f371d8ab3a0d404bdb1b989a220b30b0863959060ee4444ad883036c0c8e4b8f2d52e27fdfe6ca0fd281260efb836b1e850365","2026-06-08T10:05:00.000","1","DRIVER",,"2214644",,"NISSAN","MURANO","IL","2015","UNKNOWN","PASSENGER","PERSONAL","N","UNKNOWN/NA","Y",,"1",,,,,"Y","Y","Y",,,,,,"Y","Y","Y","Y",,"UNKNOWN",,,,,,,,,,,,,,,,,,,,,,,,,,,,,,,,,
"2321936","60da9536058a02579bfa5cd25f50fee2bee06cd1cdc04753ab91c4d2c394f8e567ff55466ef0e8f55f9c8af763d542a62f463455175496f53ae1342dc984bdfe","2026-06-08T10:05:00.000","1","DRIVER",,"2214564",,"HONDA","ODYSSEY","IL","2024","NONE","PASSENGER","PERSONAL","W","TURNING RIGHT",,,"1",,,,,"Y",,,,,,,,,,"Y","Y",,"FRONT",,,,,,,,,,,,,,,,,,,,,,,,,,,,,,,,,
"2321937","60da9536058a02579bfa5cd25f50fee2bee06cd1cdc04753ab91c4d2c394f8e567ff55466ef0e8f55f9c8af763d542a62f463455175496f53ae1342dc984bdfe","2026-06-08T10:05:00.000","2","DRIVER",,"2214593",,"PETERBILT MOTORS COMPANY (DIVISION OF PACCAR, INC.)","PETERBILT MOTORS CO., DIVISION PACCAR, INC.","IL","2019","NONE","TRUCK - SINGLE UNIT","COMMERCIAL - SINGLE UNIT","W","STRAIGHT AHEAD",,,"1",,,,"Y",,,,,"N","N","N",,,,,,,"UNKNOWN",,,,,,,,,,,,,,,,,,,,,,,,,,,,,,,,,
"2321930","779d34fbe925e924aa229c3970c6bf05f723ac09925a3004feb0f21bda59dc146539c80db1c2613fe70045420178384ecc63773c2c2ea1c0c67722bddd847f1e","2026-06-08T10:02:00.000","1","DRIVER",,"2214554",,"FORD","ESCAPE",,,"UNKNOWN","UNKNOWN/NA","UNKNOWN/NA","E","STRAIGHT AHEAD",,,"1",,,,,,,,,,,,,,,,"Y",,"FRONT",,,,,,,,,,,,,,,,,,,,,,,,,,,,,,,,,
"2321931","779d34fbe925e924aa229c3970c6bf05f723ac09925a3004feb0f21bda59dc146539c80db1c2613fe70045420178384ecc63773c2c2ea1c0c67722bddd847f1e","2026-06-08T10:02:00.000","2","DRIVER",,"2214572",,"MERCEDES-BENZ","C160","IL","2020","NONE","PASSENGER","PERSONAL","E","STRAIGHT AHEAD",,,"1",,,,,,,,,,"Y",,,,,,,,"REAR",,,,,,,,,,,,,,,,,,,,,,,,,,,,,,,,,
"2322014","702f41b5ad6ff9387bca810d3c35876b38557e0af12b76486bc0dcdf58c0fb600d2e00503d9072a8977bf0f2c897cb8c950270c2adf5af31f22137612496e872","2026-06-08T10:00:00.000","1","DRIVER","1","2214643",,"CHEVROLET","EXPRESS","TX",,"UNKNOWN","VAN/MINI-VAN","PERSONAL","S","STRAIGHT AHEAD","Y",,"2",,"owner private tow",,,"Y","Y",,,,,,,,,,,,"UNKNOWN",,,,,,,,,,,,,,,,,,,,,,,,,,,,,,,,,
"2322015","702f41b5ad6ff9387bca810d3c35876b38557e0af12b76486bc0dcdf58c0fb600d2e00503d9072a8977bf0f2c897cb8c950270c2adf5af31f22137612496e872","2026-06-08T10:00:00.000","2","DRIVER",,"2214646",,"FORD","MUSTANG","WI",,"UNKNOWN","PASSENGER","PERSONAL","E","STRAIGHT AHEAD","Y",,"1",,"1 of 1 towing",,,"Y","Y",,,,,,,,"Y","Y","Y",,"UNKNOWN",,,,,,,,,,,,,,,,,,,,,,,,,,,,,,,,,
"2321965","cfa4cf35c9967879b8eb575691c9d7a3b078b8e2226350001300979d9efde72de4251e1b58c2c328be6b7ce30f69e7a15655de1d449260f5d8e2e2e3628fb2ce","2026-06-08T09:59:00.000","1","DRIVER",,"2214589",,"FORD","EXPEDITION","IL","2023","NONE","SPORT UTILITY VEHICLE (SUV)","RIDESHARE SERVICE","S","STRAIGHT AHEAD",,,"1",,,,,"Y",,,,,,,,,,"Y","Y",,"FRONT",,,,,,,,,,,,,,,,,,,,,,,,,,,,,,,,,
"2321966","cfa4cf35c9967879b8eb575691c9d7a3b078b8e2226350001300979d9efde72de4251e1b58c2c328be6b7ce30f69e7a15655de1d449260f5d8e2e2e3628fb2ce","2026-06-08T09:59:00.000","2","DRIVER",,"2214601",,"LINCOLN","AVIATOR","IL","2023","NONE","SPORT UTILITY VEHICLE (SUV)","RIDESHARE SERVICE","S","SLOW/STOP IN TRAFFIC","Y",,"1",,"OWNER","UNKNOWN",,,,,,"Y","Y","Y",,,,,,,"REAR",,,,,,,,,,,,,,,,,,,,,,,,,,,,,,,,,
"2321978","9617a75bd5d932a4501249f18c25b74b72c0f1078618cda6cc283dc1772b6cdb069114471b6e51b906e24d13fd1150da6dc5a428c2bb9c5ebceb755c6dcdc3d9","2026-06-08T09:55:00.000","1","DRIVER","3","2214607",,"HONDA","ODYSSEY","FL","2008","UNKNOWN","VAN/MINI-VAN","UNKNOWN/NA","N","PASSING/OVERTAKING",,,"4",,,,,"Y","Y",,,,,,,,,,,,"FRONT-RIGHT-CORNER",,,,,,,,,,,,,,,,,,,,,,,,,,,,,,,,,
"2321979","9617a75bd5d932a4501249f18c25b74b72c0f1078618cda6cc283dc1772b6cdb069114471b6e51b906e24d13fd1150da6dc5a428c2bb9c5ebceb755c6dcdc3d9","2026-06-08T09:55:00.000","2","DRIVER",,"2214610",,"JEEP","CHEROKEE","IL","2004","UNKNOWN","SPORT UTILITY VEHICLE (SUV)","UNKNOWN/NA","N","TURNING LEFT",,,"1",,,,,,,,,,,,"Y","Y","Y","Y",,,"SIDE-LEFT",,,,,,,,,,,,,,,,,,,,,,,,,,,,,,,,,
"2321951","3e822834356312e7bf57437394a03ef2b984eda312819a09da42fe244f547de4a9811da0b09e8da0fd1703a5429bac1509b322328c65edb7efa99270100079bd","2026-06-08T09:54:00.000","2","PARKED","1","2214603","Y","FORD","TRANSIT","IL","2024","NONE","BUS UP TO 15 PASS.","COMMERCIAL - SINGLE UNIT","UNKNOWN","PARKED",,,"1",,,,,,,,,,,,,,"Y",,,,"SIDE-LEFT","23632","3882106",,,"DRIVER",,"RENAISSANCE CHICAGO O'HARE SUITES HOTEL","IL","CHICAGO",,,,"N","N",,"N",,"N","N",,,,,,,,,"SINGLE UNIT TRUCK, 2 AXLES, 6 TIRES","VAN/ENCLOSED BOX","OTHER","N","N",
"2321957","3e822834356312e7bf57437394a03ef2b984eda312819a09da42fe244f547de4a9811da0b09e8da0fd1703a5429bac1509b322328c65edb7efa99270100079bd","2026-06-08T09:54:00.000","1","DRIVER",,"2214582","Y","FORD","OTHER (EXPLAIN IN NARRATIVE)","IL","2024","NONE","TRUCK - SINGLE UNIT","COMMERCIAL - SINGLE UNIT","UNKNOWN","CHANGING LANES",,,"1",,,,"Y",,,,,"Y",,,,,,,,,"REAR-RIGHT-CORNER","23631",,,,"DRIVER","2","LOEWS HOTELS HOLDING CORPORATION","IL","ROSEMONT",,,,"N","N",,"N",,"N","N",,,,,,,,,"SINGLE UNIT TRUCK, 2 AXLES, 6 TIRES","VAN/ENCLOSED BOX","OTHER","N","N",
"2321920","d5e40bb3d450fff2e2f0dd226cd2f4e828e086459aabab880628e0bb090d7dabffe1a1b4397ed528ef6d277188759fc825b598147f57a164e9c0d74101db585d","2026-06-08T09:45:00.000","1","DRIVER",,"2214551",,"FORD","EXPLORER","IL","2025","NONE","SPORT UTILITY VEHICLE (SUV)","POLICE","E","BACKING",,,"1",,,,,,,,,,"Y",,,,,,,,"REAR",,,,,,,,,,,,,,,,,,,,,,,,,,,,,,,,,
"2321921","d5e40bb3d450fff2e2f0dd226cd2f4e828e086459aabab880628e0bb090d7dabffe1a1b4397ed528ef6d277188759fc825b598147f57a164e9c0d74101db585d","2026-06-08T09:45:00.000","2","DRIVER",,"2214560",,"TOYOTA","CAMRY","IL","2025","NONE","PASSENGER","PERSONAL","W","STRAIGHT AHEAD",,,"1",,,,,,,,,,,,,,,,"Y",,"FRONT",,,,,,,,,,,,,,,,,,,,,,,,,,,,,,,,,
"2321916","b38ff6a5d36bda4ceb55cb12cf2e413014d275d7ee6d6b637172bab742c41fd7779930f9baa2e9c7dd1170175cc7914ac73ffdad61b6aff9e26dc1d5c2c3da03","2026-06-08T09:43:00.000","1","DRIVER",,"2214545",,"ICL CARGO TRAILER","ICL CARGO TRAILER","IL","2015","NONE","BUS OVER 15 PASS.","SCHOOL BUS","E","TURNING LEFT",,,"1",,,,,,,,,"Y",,,,,,,,,"SIDE-RIGHT-REAR",,,,,,,,,,,,,,,,,,,,,,,,,,,,,,,,,
"2321917","b38ff6a5d36bda4ceb55cb12cf2e413014d275d7ee6d6b637172bab742c41fd7779930f9baa2e9c7dd1170175cc7914ac73ffdad61b6aff9e26dc1d5c2c3da03","2026-06-08T09:43:00.000","2","PARKED","1","2214558",,"FORD","F150","IL","2024","NONE","PICKUP","PERSONAL","E","PARKED",,,"1",,,,,,,,,,,,,,,"Y",,,"SIDE-LEFT-FRONT",,,,,,,,,,,,,,,,,,,,,,,,,,,,,,,,,
"2321960","3ed26e4faff6fd3d3f9972944a8155288e3a3e4c4e6f8bb81117ebffdbef931a4c2773070d646a7dc6c22564fd89d3a9f48f5bbccb4a86af5d75a7fe45b26493","2026-06-08T09:38:00.000","1","DRIVER",,"2214584",,"DODGE","CHARGER","IL","2018","UNKNOWN","UNKNOWN/NA","UNKNOWN/NA","S","STRAIGHT AHEAD",,,"1",,,,,,,,,,,,,,,"Y","Y",,"FRONT-LEFT-CORNER",,,,,,,,,,,,,,,,,,,,,,,,,,,,,,,,,
"2321961","3ed26e4faff6fd3d3f9972944a8155288e3a3e4c4e6f8bb81117ebffdbef931a4c2773070d646a7dc6c22564fd89d3a9f48f5bbccb4a86af5d75a7fe45b26493","2026-06-08T09:38:00.000","2","DRIVER",,"2214590",,"HYUNDAI","ELANTRA","IL","2024","UNKNOWN","PASSENGER","PERSONAL","S","STRAIGHT AHEAD",,,"1",,,,,"Y",,,,"Y","Y",,,,,"Y","Y",,"REAR-RIGHT-CORNER",,,,,,,,,,,,,,,,,,,,,,,,,,,,,,,,,
"2321962","3ed26e4faff6fd3d3f9972944a8155288e3a3e4c4e6f8bb81117ebffdbef931a4c2773070d646a7dc6c22564fd89d3a9f48f5bbccb4a86af5d75a7fe45b26493","2026-06-08T09:38:00.000","3","DRIVER",,"2214594",,"UNKNOWN","OTHER (EXPLAIN IN NARRATIVE)",,,"UNKNOWN","UNKNOWN/NA","UNKNOWN/NA","S","UNKNOWN/NA",,,"1",,,,,,,,,"Y",,"N",,,,,,,"REAR-RIGHT-CORNER",,,,,,,,,,,,,,,,,,,,,,,,,,,,,,,,,
"2321984","7b96e35dc596c9f2542ed064ba1202e896fc1080d5d6d827ced56a9b84bb3019ae58d44f5c981172b4cfc3366eed516c7fcbe939053a1a4aa86f48fc10e40629","2026-06-08T09:36:00.000","1","DRIVER",,"2214609",,"UNKNOWN","OTHER (EXPLAIN IN NARRATIVE)",,,"NONE","OTHER","PERSONAL","S","STRAIGHT AHEAD",,,"1",,,,,,,,,,,,,,,,,"Y","FRONT",,,,,,,,,,,,,,,,,,,,,,,,,,,,,,,,,
"2321985","7b96e35dc596c9f2542ed064ba1202e896fc1080d5d6d827ced56a9b84bb3019ae58d44f5c981172b4cfc3366eed516c7fcbe939053a1a4aa86f48fc10e40629","2026-06-08T09:36:00.000","2","PARKED",,"2214613",,"JEEP","GRAND CHEROKEE","IL","2019","NONE","SPORT UTILITY VEHICLE (SUV)","PERSONAL","S","PARKED","Y",,"0",,"private tow",,,,,,,,,,,"Y","Y",,,,"SIDE-LEFT",,,,,,,,,,,,,,,,,,,,,,,,,,,,,,,,,
"2321942","acc2bfb3604855b0be18bfcc7c3d960fe717f3e01618915d1c87af94e8ade484423791165f4b6a9d3f37b36c56670b2d4a3e81c64b5c86d201716a6962d72d51","2026-06-08T09:33:00.000","1","DRIVER",,"2214571",,"CHEVROLET","MALIBU","IL","2024","UNKNOWN","PASSENGER","RIDESHARE SERVICE","E","CHANGING LANES","Y",,"1",,"PERSONAL TOW",,,,,,,,,"Y","Y","Y",,,,,"SIDE-LEFT-REAR",,,,,,,,,,,,,,,,,,,,,,,,,,,,,,,,,
"2321943","acc2bfb3604855b0be18bfcc7c3d960fe717f3e01618915d1c87af94e8ade484423791165f4b6a9d3f37b36c56670b2d4a3e81c64b5c86d201716a6962d72d51","2026-06-08T09:33:00.000","2","DRIVER",,"2214576",,"TOYOTA","CAMRY","IL","2017","UNKNOWN","PASSENGER","TAXI/FOR HIRE","E","STRAIGHT AHEAD",,,"1",,,,,"Y",,,,,,,,,,"Y","Y",,"FRONT",,,,,,,,,,,,,,,,,,,,,,,,,,,,,,,,,
"2321946","0fe181c3fbc458282cc2a6005c564182ed0a9259e42c1cd72937529c8a09c71df8108d243bcc395f014bded1ea0275dfca658f462a6e8364c7860a2930c57f70","2026-06-08T09:30:00.000","1","DRIVER",,"2214580",,"ISUZU","OTHER (EXPLAIN IN NARRATIVE)","IL","2005","NONE","TRUCK - SINGLE UNIT","UNKNOWN/NA","E","STRAIGHT AHEAD",,,"1",,,,,,,,,,,,,,,,,"Y","UNKNOWN",,,,,,,,,,,,,,,,,,,,,,,,,,,,,,,,,
"2321947","0fe181c3fbc458282cc2a6005c564182ed0a9259e42c1cd72937529c8a09c71df8108d243bcc395f014bded1ea0275dfca658f462a6e8364c7860a2930c57f70","2026-06-08T09:30:00.000","2","DRIVER",,"2214588",,"CHEVROLET","TAHOE","IL","2016","NONE","PASSENGER","PERSONAL","E","STRAIGHT AHEAD",,,"1",,,,,,,,,,,,,,"Y","N",,,"FRONT-LEFT-CORNER",,,,,,,,,,,,,,,,,,,,,,,,,,,,,,,,,
"2322010","1cbab235377ac268762fe330bbcedb6a5e00e9a91cfca9499d9f7542d89e7d49bcfd6b14927689ec3bbe89a935cb005bf10286238a82e4fea6471d6aafcb0171","2026-06-08T09:30:00.000","1","DRIVER",,"2214632",,"UNKNOWN","OTHER (EXPLAIN IN NARRATIVE)","XX",,"UNKNOWN","UNKNOWN/NA","UNKNOWN/NA","S","STRAIGHT AHEAD",,,"1",,,,,"Y",,,,,,,,,,,,,"FRONT-RIGHT-CORNER",,,,,,,,,,,,,,,,,,,,,,,,,,,,,,,,,
"2322011","1cbab235377ac268762fe330bbcedb6a5e00e9a91cfca9499d9f7542d89e7d49bcfd6b14927689ec3bbe89a935cb005bf10286238a82e4fea6471d6aafcb0171","2026-06-08T09:30:00.000","2","PARKED",,"2214636",,"AUDI","A4","IL","2010","UNKNOWN","PASSENGER","NOT IN USE","S","PARKED",,,"0",,,,,,,,,,"Y","Y",,,,,,,"REAR-LEFT-CORNER",,,,,,,,,,,,,,,,,,,,,,,,,,,,,,,,,
"2322001","d721271a0993e0458fd35892c7f0e4cb4fc9434abd95976bd9c3e1bfeed47a5d474705ce22618ac034d6cbd961d48629eb1e86b605b1a0b6029c85608e0b8966","2026-06-08T09:30:00.000","1","DRIVER",,"2214627",,"FORD","EXPLORER","IL",,"UNKNOWN","PASSENGER","POLICE","W","BACKING",,,"1",,,,,,,,,"Y",,,,,,,,,"FRONT-RIGHT-CORNER",,,,,,,,,,,,,,,,,,,,,,,,,,,,,,,,,
"2321924","7665ebacd0524f47c200315150aa3330b8d3fe7878ad038bcd39343030b24a55357f91ed2f907440a716ae5f23eea576ff87f71483605e6666cc9fe6442c2594","2026-06-08T09:20:00.000","1","DRIVER",,"2214550",,"UNKNOWN","OTHER (EXPLAIN IN NARRATIVE)",,,"UNKNOWN","SPORT UTILITY VEHICLE (SUV)","UNKNOWN/NA","E","PASSING/OVERTAKING",,,"1",,,,,,,,,,,,,,"Y","Y",,,"FRONT-LEFT-CORNER",,,,,,,,,,,,,,,,,,,,,,,,,,,,,,,,,
"2321925","7665ebacd0524f47c200315150aa3330b8d3fe7878ad038bcd39343030b24a55357f91ed2f907440a716ae5f23eea576ff87f71483605e6666cc9fe6442c2594","2026-06-08T09:20:00.000","2","DRIVER",,"2214556",,"FORD","ECONOLINE E350","IL","2020","NONE","BUS UP TO 15 PASS.","COMMERCIAL - SINGLE UNIT","E","STRAIGHT AHEAD",,,"1",,,,,,,,"Y","Y",,,,,,,,,"SIDE-RIGHT-REAR",,,,,,,,,,,,,,,,,,,,,,,,,,,,,,,,,
"2321980","bd9eac2df3571a46a4f4c48b0d09972b2cfddbbc562dc998fdc4539e422f2264cfe89500db0e31dc1715e17bba99f2dde4076e1f1fcc3b6f226f6eb669311f69","2026-06-08T09:20:00.000","1","DRIVER",,"2214608",,"JEEP","LIBERTY","IL","2008","UNKNOWN","PASSENGER","PERSONAL","SE","STRAIGHT AHEAD",,,"1",,,,,,,,,,,,,,,,"Y",,"FRONT",,,,,,,,,,,,,,,,,,,,,,,,,,,,,,,,,
"2321981","bd9eac2df3571a46a4f4c48b0d09972b2cfddbbc562dc998fdc4539e422f2264cfe89500db0e31dc1715e17bba99f2dde4076e1f1fcc3b6f226f6eb669311f69","2026-06-08T09:20:00.000","2","DRIVER",,"2214611",,"HONDA","CIVIC","IL","2009","NONE","PASSENGER","PERSONAL","SE","STRAIGHT AHEAD",,,"1",,,,,,,,,,"Y",,,,,,,,"REAR",,,,,,,,,,,,,,,,,,,,,,,,,,,,,,,,,
"2321932","f3fdafc54d2a4d89ee9a0edaffcee570e2056fa0516878d724535a984a8d5f92318200c14ceaebe56c95d94123ca75be8a00b20bb4c9c24de2b20c59855e8eba","2026-06-08T09:20:00.000","1","DRIVER",,"2214559",,"JEEP","JEEP","IL","2023","UNKNOWN","SPORT UTILITY VEHICLE (SUV)","PERSONAL","N","PASSING/OVERTAKING",,,"1",,,,,,,,,,,,,,,,,"Y","FRONT",,,,,,,,,,,,,,,,,,,,,,,,,,,,,,,,,
"2321933","f3fdafc54d2a4d89ee9a0edaffcee570e2056fa0516878d724535a984a8d5f92318200c14ceaebe56c95d94123ca75be8a00b20bb4c9c24de2b20c59855e8eba","2026-06-08T09:20:00.000","2","DRIVER",,"2214568",,"TOYOTA","CORONA","IL","2026","NONE","PASSENGER","PERSONAL","N","STRAIGHT AHEAD",,,"1",,,,,"Y","Y","Y","Y","Y",,,,,,,,,"SIDE-LEFT",,,,,,,,,,,,,,,,,,,,,,,,,,,,,,,,,
"2321975","16e50ddc79d32255599458130948acd73ac2f257848a120288116587d55b9e39cb3bc60f221f6259df1d59e26e8905c07fc9d022c55dda316d14387d87342d47","2026-06-08T09:15:00.000","1","DRIVER",,"2214599",,"UNKNOWN","OTHER (EXPLAIN IN NARRATIVE)",,,"UNKNOWN","UNKNOWN/NA","UNKNOWN/NA","E","STRAIGHT AHEAD",,,"1",,,,,,,,,,,,,,,,,"Y","UNKNOWN",,,,,,,,,,,,,,,,,,,,,,,,,,,,,,,,,
"2321976","16e50ddc79d32255599458130948acd73ac2f257848a120288116587d55b9e39cb3bc60f221f6259df1d59e26e8905c07fc9d022c55dda316d14387d87342d47","2026-06-08T09:15:00.000","2","PARKED",,"2214602",,"FORD","OTHER (EXPLAIN IN NARRATIVE)","IL","2017","UNKNOWN","TRUCK - SINGLE UNIT","UNKNOWN/NA","E","PARKED",,,"0",,,,,,,,,,,,,"Y",,,,,"SIDE-LEFT",,,,,,,,,,,,,,,,,,,,,,,,,,,,,,,,,
"2321938","7d65959b52917fc74e071dbc92f08185814d8a0ba53ba32dc7b753116a38bd3dee9df4208ba12273bd49920b4fb6d461282b8f80863b876a661f8bd28b0f4da5","2026-06-08T09:10:00.000","1","DRIVER",,"2214570",,"DODGE","OTHER (EXPLAIN IN NARRATIVE)","IL","2017","NONE","PASSENGER","PERSONAL","W","PASSING/OVERTAKING","Y",,"1",,"private","unknown",,,,,,,,,,"Y","Y","Y",,,"SIDE-LEFT-FRONT",,,,,,,,,,,,,,,,,,,,,,,,,,,,,,,,,
"2321939","7d65959b52917fc74e071dbc92f08185814d8a0ba53ba32dc7b753116a38bd3dee9df4208ba12273bd49920b4fb6d461282b8f80863b876a661f8bd28b0f4da5","2026-06-08T09:10:00.000","2","DRIVER",,"2214585",,"UNKNOWN","OTHER (EXPLAIN IN NARRATIVE)","IL","2024","NONE","BUS OVER 15 PASS.","OTHER","W","STRAIGHT AHEAD",,,"1",,,,,"Y","Y","Y",,,,,,,,,,,"FRONT-RIGHT-CORNER",,,,,,,,,,,,,,,,,,,,,,,,,,,,,,,,,
"2321904","cb33ee7fd28f034bf60f4a3880fbc626c2dbb370ed515a277d79b98bcf783a69946d5e4c24531a0759d850c45f5c0eb284c7a58634e277eaa1e9f91e38f19e25","2026-06-08T09:08:00.000","1","BICYCLE",,,,,,,,,,,,,,,,,,,,,,,,,,,,,,,,,,,,,,,,,,,,,,,,,,,,,,,,,,,,,,,,,,
"2321905","cb33ee7fd28f034bf60f4a3880fbc626c2dbb370ed515a277d79b98bcf783a69946d5e4c24531a0759d850c45f5c0eb284c7a58634e277eaa1e9f91e38f19e25","2026-06-08T09:08:00.000","2","DRIVER",,"2214538",,"TOYOTA","COROLLA","IL","2010","NONE","PASSENGER","PERSONAL","W","STRAIGHT AHEAD",,,"1",,,,,,,,,,,,,,,,"Y",,"FRONT",,,,,,,,,,,,,,,,,,,,,,,,,,,,,,,,,
"2321922","63a16ce3a6fd1054403ddfcb2489dbd20317dc701c89ae004fd9876bd84bc12496fbd86e0108526a5d7c9674e9e4709dd1383734473916c30d3312c5392bb21c","2026-06-08T09:05:00.000","1","DRIVER",,"2214547",,"HYUNDAI","TUCSON",,,"UNKNOWN","SPORT UTILITY VEHICLE (SUV)","UNKNOWN/NA","N","TURNING RIGHT",,,"1",,,,,,,,,,,,,,"Y","Y",,,"FRONT-LEFT-CORNER",,,,,,,,,,,,,,,,,,,,,,,,,,,,,,,,,
"2321923","63a16ce3a6fd1054403ddfcb2489dbd20317dc701c89ae004fd9876bd84bc12496fbd86e0108526a5d7c9674e9e4709dd1383734473916c30d3312c5392bb21c","2026-06-08T09:05:00.000","2","DRIVER",,"2214567",,"DODGE","RAM 1500 VAN","IL","2024","UNKNOWN","VAN/MINI-VAN","COMMERCIAL - SINGLE UNIT","W","STRAIGHT AHEAD",,,"1",,,,,,,,,,,,"Y","Y","Y","Y",,,"FRONT-LEFT-CORNER",,,,,,,,,,,,,,,,,,,,,,,,,,,,,,,,,
"2321900","c7cd533cb5987632566fe79c807ee45b527834f9b33e5c86bc149f3608e27a3e3963dd005bcad63f5a966f746e8957070a6e25fc6417a121987f7fbd6566d71e","2026-06-08T09:01:00.000","1","DRIVER",,"2214533",,"W.F. MICKEY BODY COMPANY, INC.","W.F. MICKEY BODY CO., INC.","IL","2000","UNKNOWN","TRACTOR W/O SEMI-TRAILER","COMMERCIAL - SINGLE UNIT","S","BACKING",,,"1",,,,,,,,,,,"Y",,,,,,"Y","REAR-LEFT-CORNER",,,,,,,,,,,,,,,,,,,,,,,,,,,,,,,,,
"2321901","c7cd533cb5987632566fe79c807ee45b527834f9b33e5c86bc149f3608e27a3e3963dd005bcad63f5a966f746e8957070a6e25fc6417a121987f7fbd6566d71e","2026-06-08T09:01:00.000","2","PARKED",,"2214534",,"HONDA","CR-V","IL","2018","UNKNOWN","SPORT UTILITY VEHICLE (SUV)","PERSONAL","E","PARKED",,,"0",,,,,,,,"Y","Y",,,,,,,,"Y","SIDE-RIGHT-REAR",,,,,,,,,,,,,,,,,,,,,,,,,,,,,,,,,
"2321912","1d155f18117f7c281a43b1c0ba0a03b01d663bc6fc9bc82937312fe8aa7e0c33835a11c35c2ca0768ebf5207ec83b3a6788b95f867db5599c4716c52e92a9a36","2026-06-08T09:00:00.000","1","DRIVER",,"2214544",,"FORD","RANGER","IL",,"UNKNOWN","PASSENGER","PERSONAL","S","U-TURN",,,"1",,,,"Y",,,,,,,,,,,,,,"UNKNOWN",,,,,,,,,,,,,,,,,,,,,,,,,,,,,,,,,
"2321913","1d155f18117f7c281a43b1c0ba0a03b01d663bc6fc9bc82937312fe8aa7e0c33835a11c35c2ca0768ebf5207ec83b3a6788b95f867db5599c4716c52e92a9a36","2026-06-08T09:00:00.000","2","DRIVER",,"2214562",,"NISSAN","ALTIMA","IL","2015","NONE","PASSENGER","PERSONAL","N","STRAIGHT AHEAD",,,"1",,,,,,,,,"Y",,,,,,,,,"REAR-RIGHT-CORNER",,,,,,,,,,,,,,,,,,,,,,,,,,,,,,,,,
"2321898","4238ad8ed079f52e3a02be52a649d13a4f7e9789b36a3f38a4869d1aa34996fed3021ef7fa30c65d28b46428c881c9be2dae17d4fdccdc224777dedc17ac5971","2026-06-08T09:00:00.000","1","DRIVER",,"2214542",,"HONDA","OTHER (EXPLAIN IN NARRATIVE)","IL","2008","UNKNOWN","SPORT UTILITY VEHICLE (SUV)","PERSONAL","E","STRAIGHT AHEAD",,,"1",,,,,,,,,,,,,,,,"Y","N","FRONT",,,,,,,,,,,,,,,,,,,,,,,,,,,,,,,,,
"2321899","4238ad8ed079f52e3a02be52a649d13a4f7e9789b36a3f38a4869d1aa34996fed3021ef7fa30c65d28b46428c881c9be2dae17d4fdccdc224777dedc17ac5971","2026-06-08T09:00:00.000","2","DRIVER",,"2214535",,"NISSAN","ROGUE","IL","2012","NONE","SPORT UTILITY VEHICLE (SUV)","PERSONAL","E","SLOW/STOP IN TRAFFIC",,,"1",,,,,,,,,,"Y",,,,,,,,"REAR",,,,,,,,,,,,,,,,,,,,,,,,,,,,,,,,,
"2321948","ebd8e2eb89b32ce467b964fe6915afcde0a56582dc472633ce690c00741fecde241a8d909671b7b41e0b923e6a807eef55b50af4e1fb3447d30aa57c1e982bd4","2026-06-08T09:00:00.000","1","DRIVER",,"2214573",,"UNKNOWN","OTHER (EXPLAIN IN NARRATIVE)","IL",,"UNKNOWN","UNKNOWN/NA","UNKNOWN/NA","N","UNKNOWN/NA",,,"1",,,,,,,,,,,,,,,,,,"UNKNOWN",,,,,,,,,,,,,,,,,,,,,,,,,,,,,,,,,
"2321949","ebd8e2eb89b32ce467b964fe6915afcde0a56582dc472633ce690c00741fecde241a8d909671b7b41e0b923e6a807eef55b50af4e1fb3447d30aa57c1e982bd4","2026-06-08T09:00:00.000","2","PARKED",,"2214577",,"FORD","EXPLORER","IL","2018","NONE","PASSENGER","NOT IN USE","N","PARKED",,,"0",,,,,,,,,,"Y","Y",,,,,,,"REAR-LEFT-CORNER",,,,,,,,,,,,,,,,,,,,,,,,,,,,,,,,,
"2321967","f63a697ce975b9bfc91aac3e25ed938d601eae4f0543bdde2135401b6d412a33e0b9b620077c76eafcaa84caf93ffd1265c8eb5a44cf8ba25a8082abc5a8adf2","2026-06-08T09:00:00.000","1","DRIVER",,"2214591",,"HONDA","CR-V","IL","2016","NONE","SPORT UTILITY VEHICLE (SUV)","PERSONAL","N","MERGING",,,"1",,,,,"Y","Y",,,,,,,,,,,,"SIDE-RIGHT-FRONT",,,,,,,,,,,,,,,,,,,,,,,,,,,,,,,,,
"2321968","f63a697ce975b9bfc91aac3e25ed938d601eae4f0543bdde2135401b6d412a33e0b9b620077c76eafcaa84caf93ffd1265c8eb5a44cf8ba25a8082abc5a8adf2","2026-06-08T09:00:00.000","2","DRIVER",,"2214598",,"HONDA","PILOT","IL","2024","NONE","SPORT UTILITY VEHICLE (SUV)","PERSONAL","N","STRAIGHT AHEAD",,,"1",,,,,,,,,,,,,,"Y","Y",,,"SIDE-LEFT-FRONT",,,,,,,,,,,,,,,,,,,,,,,,,,,,,,,,,
"2321906","5ca58a06139433c56937c5c9f33e68f2d45428d63c39c17d9b6e7d02cd610439e8fbc6d60f6368c3c401c3615a9de355d922c55cc1bf37295c547dd6aa72f726","2026-06-08T08:59:00.000","1","DRIVER",,"2214536",,"MERCEDES-BENZ","E-CLASS","IL","2009","UNKNOWN","PASSENGER","PERSONAL","N","SLOW/STOP IN TRAFFIC",,,"1",,,,,,,,,,,,,,,,"Y",,"FRONT",,,,,,,,,,,,,,,,,,,,,,,,,,,,,,,,,
"2321907","5ca58a06139433c56937c5c9f33e68f2d45428d63c39c17d9b6e7d02cd610439e8fbc6d60f6368c3c401c3615a9de355d922c55cc1bf37295c547dd6aa72f726","2026-06-08T08:59:00.000","2","DRIVER","1","2214540",,"HONDA","CR-V","IL","2008","UNKNOWN","PASSENGER","PERSONAL","N","SLOW/STOP IN TRAFFIC",,,"2",,,,,,,,,,"Y",,,,,,,,"REAR",,,,,,,,,,,,,,,,,,,,,,,,,,,,,,,,,
"2322109","c9be1b59075ba8563f96bbf9079eaa2172791b6d281407a7c8ceb73d1e1c5e91f26eefdce033b611718040887c4d756364bdae1fec5d2ef4a5bcd5d6963c1d8b","2026-06-08T08:50:00.000","1","DRIVER",,"2214723",,"CADILLAC","ESCALADE",,,"UNKNOWN","UNKNOWN/NA","UNKNOWN/NA","W","STRAIGHT AHEAD",,,"1",,,,,,,,,,,,,,,,,"Y","UNKNOWN",,,,,,,,,,,,,,,,,,,,,,,,,,,,,,,,,
"2322110","c9be1b59075ba8563f96bbf9079eaa2172791b6d281407a7c8ceb73d1e1c5e91f26eefdce033b611718040887c4d756364bdae1fec5d2ef4a5bcd5d6963c1d8b","2026-06-08T08:50:00.000","2","DRIVER",,"2214727",,"NISSAN","MAXIMA","IL","2016","UNKNOWN","PASSENGER","PERSONAL","W","STRAIGHT AHEAD",,,"1",,,,,,,,,,"Y",,,,,,,,"REAR",,,,,,,,,,,,,,,,,,,,,,,,,,,,,,,,,
"2321886","8aee11ad1d5434f749a572f9163f724cb8972f7a1174f6c929fd99eae976fd499d25f69af9c2028d5d1b13d7eb4ea75a29d92468dc56c4cc903e34f383d21044","2026-06-08T08:30:00.000","1","DRIVER",,"2214520",,"TOYOTA","CAMRY",,"2014","NONE","PASSENGER","PERSONAL","NE","PASSING/OVERTAKING",,,"1",,,,,"Y","Y","Y","Y","Y",,,,,,,,,"SIDE-RIGHT",,,,,,,,,,,,,,,,,,,,,,,,,,,,,,,,,
"2321887","8aee11ad1d5434f749a572f9163f724cb8972f7a1174f6c929fd99eae976fd499d25f69af9c2028d5d1b13d7eb4ea75a29d92468dc56c4cc903e34f383d21044","2026-06-08T08:30:00.000","2","DRIVER",,"2214522",,"TOYOTA","MATRIX","IL","2005","NONE","SPORT UTILITY VEHICLE (SUV)","PERSONAL","NE","PASSING/OVERTAKING",,,"1",,,,,,,,,,,"Y","Y","Y","Y","Y",,,"SIDE-LEFT",,,,,,,,,,,,,,,,,,,,,,,,,,,,,,,,,
"2321991","2fa58b997ad8c8b389b2116b44f284b11e26d26058a2fcbdeb0849eec7d7195c64602fe4ab52784cb6ddb96e7236534a49135b1f54a0aa87239ae0c7e3cd77ec","2026-06-08T08:25:00.000","1","DRIVER","3","2214616",,"VOLKSWAGEN","PASSAT","IL","2015","NONE","PASSENGER","PERSONAL","W","ENTERING TRAFFIC LANE FROM PARKING",,,"4",,,,,,,,,,,,,,"Y","Y",,,"FRONT-LEFT-CORNER",,,,,,,,,,,,,,,,,,,,,,,,,,,,,,,,,
"2321992","2fa58b997ad8c8b389b2116b44f284b11e26d26058a2fcbdeb0849eec7d7195c64602fe4ab52784cb6ddb96e7236534a49135b1f54a0aa87239ae0c7e3cd77ec","2026-06-08T08:25:00.000","2","DRIVER",,"2214622",,"NISSAN","ALTIMA","IL","2012","NONE","PASSENGER","PERSONAL","W","STRAIGHT AHEAD",,,"1",,,,,"Y",,,,,,,,,,,,,"FRONT-RIGHT-CORNER",,,,,,,,,,,,,,,,,,,,,,,,,,,,,,,,,
"2322314","868724bdd99948af5ab3c90760c0b208ebaac7dc9251745367852847dceca7f028409df9a09e60d67294f6813d8079f47481d29bc493f86b2e6020539e86879f","2026-06-08T08:00:00.000","1","DRIVER",,"2214925",,"UNKNOWN","MOTORIZED",,,"NONE","UNKNOWN/NA","UNKNOWN/NA","UNKNOWN","STRAIGHT AHEAD",,,"1",,,,,,,,,,,,,,,,,,"UNKNOWN",,,,,,,,,,,,,,,,,,,,,,,,,,,,,,,,,
"2322315","868724bdd99948af5ab3c90760c0b208ebaac7dc9251745367852847dceca7f028409df9a09e60d67294f6813d8079f47481d29bc493f86b2e6020539e86879f","2026-06-08T08:00:00.000","2","PARKED",,"2214917",,"FORD","ESCAPE","IL","2024","NONE","SPORT UTILITY VEHICLE (SUV)","PERSONAL","N","PARKED",,,"0",,,,,,,,,,,,,,"Y","Y",,,"FRONT-LEFT-CORNER",,,,,,,,,,,,,,,,,,,,,,,,,,,,,,,,,
"2322440","cdb77348f4004ee2b72625251a9e20b5c141b08b20a80dba25d9bd048457287b2d12e97f86d92819790e959680eccec53b28e75e795e556c5629105468892abb","2026-06-08T08:00:00.000","1","DRIVER",,"2215047",,"UNKNOWN","OTHER (EXPLAIN IN NARRATIVE)",,,"UNKNOWN","UNKNOWN/NA","UNKNOWN/NA","W","UNKNOWN/NA",,,"1",,,,,,,,,,,,,,,,,"Y","UNKNOWN",,,,,,,,,,,,,,,,,,,,,,,,,,,,,,,,,
"2322441","cdb77348f4004ee2b72625251a9e20b5c141b08b20a80dba25d9bd048457287b2d12e97f86d92819790e959680eccec53b28e75e795e556c5629105468892abb","2026-06-08T08:00:00.000","2","PARKED",,"2215051",,"TOYOTA","RAV4","IL","2022","UNKNOWN","PASSENGER","PERSONAL","W","PARKED",,,"0",,,,,,,,,,,,"Y",,,,,,"REAR-LEFT-CORNER",,,,,,,,,,,,,,,,,,,,,,,,,,,,,,,,,
"2322328","d8165259fc497024e272567cd59b1a66aed14885404fed74664bee64d9f829f4ff96e66a2eec1184838fd65a9a761efe973cc487b30842fa190837e733aa82f5","2026-06-08T08:00:00.000","1","DRIVER",,"2214944",,"VOLKSWAGEN","JETTA","IL","2022","UNKNOWN","PASSENGER","PERSONAL","E","STRAIGHT AHEAD",,,"1",,,,,,,,,,,,,,"Y","Y",,,"SIDE-LEFT",,,,,,,,,,,,,,,,,,,,,,,,,,,,,,,,,
"2322329","d8165259fc497024e272567cd59b1a66aed14885404fed74664bee64d9f829f4ff96e66a2eec1184838fd65a9a761efe973cc487b30842fa190837e733aa82f5","2026-06-08T08:00:00.000","2","DRIVER",,"2214963",,"KENWORTH MOTOR TRUCK COMPANY","KENWORTH MOTOR TRUCK CO.","IL","2004","NONE","TRACTOR W/ SEMI-TRAILER","OTHER","E","TURNING RIGHT",,,"1",,,,"Y",,,,,,,,,,,,,,"SIDE-RIGHT",,,,,,,,,,,,,,,,,,,,,,,,,,,,,,,,,
"2321926","fea77825f958a4519ee7106829dff4625590bfd7c6cf4c11b20b6aafc040df603f73a0617e6c18c2075f5a5d7c678a88d0ce4466ad523728b0ac0c1a84fddc1c","2026-06-08T07:55:00.000","1","DRIVER",,"2214555",,"ACURA","TLX","IL","2023","NONE","PASSENGER","PERSONAL","E","STRAIGHT AHEAD",,,"1",,,,,,,,,,"Y","Y",,,,,,,"REAR",,,,,,,,,,,,,,,,,,,,,,,,,,,,,,,,,
"2321927","fea77825f958a4519ee7106829dff4625590bfd7c6cf4c11b20b6aafc040df603f73a0617e6c18c2075f5a5d7c678a88d0ce4466ad523728b0ac0c1a84fddc1c","2026-06-08T07:55:00.000","2","DRIVER",,"2214561",,"TOYOTA","HIGHLANDER","IL",,"UNKNOWN","PASSENGER","UNKNOWN/NA","E","STRAIGHT AHEAD",,,"1",,,,,"Y",,,,,,,,,,,"Y",,"FRONT-RIGHT-CORNER",,,,,,,,,,,,,,,,,,,,,,,,,,,,,,,,,
"2321881","d6470da16e8971fcfe4879b7321e8386c1ad04ecb59b71063e7c9f578d45495ef370a0ee34ebfbadf04a62e302522dbe8c890e574e89423040f505acd6dc988d","2026-06-08T07:51:00.000","1","DRIVER",,"2214512",,"HYUNDAI","ACCENT","IL","2023","UNKNOWN","PASSENGER","UNKNOWN/NA","N","STRAIGHT AHEAD",,,"1",,,,,"Y","Y",,,,,,,,,,,"Y","UNKNOWN",,,,,,,,,,,,,,,,,,,,,,,,,,,,,,,,,
"2321882","d6470da16e8971fcfe4879b7321e8386c1ad04ecb59b71063e7c9f578d45495ef370a0ee34ebfbadf04a62e302522dbe8c890e574e89423040f505acd6dc988d","2026-06-08T07:51:00.000","2","DRIVER",,"2214517",,"INFINITI","QX50","IL","2023","UNKNOWN","PASSENGER","PERSONAL","W","STRAIGHT AHEAD",,,"1",,,,,"Y",,,,,,,,,,"Y","Y",,"FRONT",,,,,,,,,,,,,,,,,,,,,,,,,,,,,,,,,
"2321879","5790cb5c11bd3bc58110fdab5279323dc5ec85a7a2a80da1575b5100fdfb6b1dd224ef4f43fb2b88ed491cb0bf59f9ccde0ddb31a7182fd29d65fe6e92036feb","2026-06-08T07:45:00.000","1","DRIVER","2","2214509",,"FORD","F250","IL","2006","UNKNOWN","PICKUP","PERSONAL","N","STRAIGHT AHEAD",,,"3",,,,,,,,,,,,,,,,"Y",,"FRONT",,,,,,,,,,,,,,,,,,,,,,,,,,,,,,,,,
"2321880","5790cb5c11bd3bc58110fdab5279323dc5ec85a7a2a80da1575b5100fdfb6b1dd224ef4f43fb2b88ed491cb0bf59f9ccde0ddb31a7182fd29d65fe6e92036feb","2026-06-08T07:45:00.000","2","DRIVER",,"2214516",,"TOYOTA","TUNDRA","IL","2019","NONE","PICKUP","PERSONAL","N","STRAIGHT AHEAD",,,"1",,,,,,,,,,"Y",,,,,,,,"REAR",,,,,,,,,,,,,,,,,,,,,,,,,,,,,,,,,
"2321914","b638f6eed74a6e1688bd2859a8f46a65fdd0e1e6a4f771d0af0332ee919609c829aee13acad96874d89d39b4a1aae18b67aa8955e5ab7df77b3400d91bb76c9e","2026-06-08T07:29:00.000","1","DRIVER",,"2214543",,"NISSAN","PATHFINDER","IL","2016","UNKNOWN","SPORT UTILITY VEHICLE (SUV)","UNKNOWN/NA","S","UNKNOWN/NA","Y",,"1",,"city of chicago","doty south",,"Y",,,,,,,,,,"Y","Y",,"FRONT-LEFT-CORNER",,,,,,,,,,,,,,,,,,,,,,,,,,,,,,,,,
"2321915","b638f6eed74a6e1688bd2859a8f46a65fdd0e1e6a4f771d0af0332ee919609c829aee13acad96874d89d39b4a1aae18b67aa8955e5ab7df77b3400d91bb76c9e","2026-06-08T07:29:00.000","2","DRIVERLESS",,"2214549",,"CADILLAC","SRX","IL","2012","UNKNOWN","SPORT UTILITY VEHICLE (SUV)","NOT IN USE","N","PARKED","Y",,"0",,"city of chicago","doty south",,"Y",,,,,,,,,,"Y","Y",,"FRONT",,,,,,,,,,,,,,,,,,,,,,,,,,,,,,,,,
"2321910","614bff784d8a2c971876987e3fc51370770789e92cd00e6cce9c98d98c941ba518c303d91adef7e66cd1efbb18cf65bc6273a8976d79a455f51139b2c6849a49","2026-06-08T07:21:00.000","1","DRIVER",,"2214548",,"UNKNOWN","OTHER (EXPLAIN IN NARRATIVE)","IL","2024","UNKNOWN","TRACTOR W/ SEMI-TRAILER","UNKNOWN/NA","W","MERGING",,,"1",,,,"Y",,,,,,,,,,,,,,"NONE",,,,,,,,,,,,,,,,,,,,,,,,,,,,,,,,,
"2321911","614bff784d8a2c971876987e3fc51370770789e92cd00e6cce9c98d98c941ba518c303d91adef7e66cd1efbb18cf65bc6273a8976d79a455f51139b2c6849a49","2026-06-08T07:21:00.000","2","PARKED","1","2214541",,"FORD","FUSION","IL","2015","NONE","PASSENGER","NOT IN USE","UNKNOWN","PARKED",,,"1",,,,,,,,,,,,,,"Y","Y",,,"FRONT-LEFT-CORNER",,,,,,,,,,,,,,,,,,,,,,,,,,,,,,,,,
"2321952","ca3f97ed0bd84996927eafd495667fb48371f825f9656ba2be785b34f6b27af23fd28c7889eccf9f09dabbab7f451beebecbc6eba0a0913b16ae6ba103254798","2026-06-08T07:20:00.000","1","DRIVER","1","2214578",,"BUICK","ENCLAVE","IL","2012","UNKNOWN","SPORT UTILITY VEHICLE (SUV)","PERSONAL","W","STRAIGHT AHEAD","Y",,"2",,"city of chicago","103rd doty",,"Y","Y","Y","Y","Y",,,,,,,,,"FRONT-RIGHT-CORNER",,,,,,,,,,,,,,,,,,,,,,,,,,,,,,,,,
"2321953","ca3f97ed0bd84996927eafd495667fb48371f825f9656ba2be785b34f6b27af23fd28c7889eccf9f09dabbab7f451beebecbc6eba0a0913b16ae6ba103254798","2026-06-08T07:20:00.000","2","PARKED",,"2214600",,"JEEP","CHEROKEE","IL","2012","UNKNOWN","SPORT UTILITY VEHICLE (SUV)","NOT IN USE","UNKNOWN","PARKED",,,"0",,,,,,,,,,,"Y","Y","Y",,,,,"SIDE-LEFT",,,,,,,,,,,,,,,,,,,,,,,,,,,,,,,,,
"2321954","ca3f97ed0bd84996927eafd495667fb48371f825f9656ba2be785b34f6b27af23fd28c7889eccf9f09dabbab7f451beebecbc6eba0a0913b16ae6ba103254798","2026-06-08T07:20:00.000","3","PARKED",,"2214604",,"HYUNDAI","OTHER (EXPLAIN IN NARRATIVE)","IL","2010","UNKNOWN","PASSENGER","NOT IN USE","UNKNOWN","PARKED",,,"0",,,,,,,,,,,"Y","Y","Y",,,,,"SIDE-LEFT",,,,,,,,,,,,,,,,,,,,,,,,,,,,,,,,,
"2321955","ca3f97ed0bd84996927eafd495667fb48371f825f9656ba2be785b34f6b27af23fd28c7889eccf9f09dabbab7f451beebecbc6eba0a0913b16ae6ba103254798","2026-06-08T07:20:00.000","4","PARKED",,"2214605",,"DODGE","OTHER (EXPLAIN IN NARRATIVE)","IL","2011","UNKNOWN","OTHER","NOT IN USE","UNKNOWN","PARKED",,,"0",,,,,,,,,,,"Y","Y","Y",,,,,"SIDE-LEFT",,,,,,,,,,,,,,,,,,,,,,,,,,,,,,,,,
"2321956","ca3f97ed0bd84996927eafd495667fb48371f825f9656ba2be785b34f6b27af23fd28c7889eccf9f09dabbab7f451beebecbc6eba0a0913b16ae6ba103254798","2026-06-08T07:20:00.000","5","PARKED",,"2214606",,"DODGE","OTHER (EXPLAIN IN NARRATIVE)","IL","2011","UNKNOWN","OTHER","NOT IN USE","UNKNOWN","PARKED",,,"0",,,,,,,,,,,"Y","Y","Y",,,,,"SIDE-LEFT",,,,,,,,,,,,,,,,,,,,,,,,,,,,,,,,,
"2321877","ffcce4ddf9f3201dbe377bc95f0e70904142c34246c5ffc03f1c656edbcebbda6129b2179a6dc80a6a322c985ed21c6d81b6d936eea2dd433583fc133611585e","2026-06-08T07:10:00.000","1","DRIVER",,"2214510",,"DODGE","RAM PROMASTER","IL","2015","NONE","VAN/MINI-VAN","PERSONAL","S","STRAIGHT AHEAD",,,"1",,,,,"Y",,,,,,,,,,"Y","Y",,"FRONT",,,,,,,,,,,,,,,,,,,,,,,,,,,,,,,,,
"2321878","ffcce4ddf9f3201dbe377bc95f0e70904142c34246c5ffc03f1c656edbcebbda6129b2179a6dc80a6a322c985ed21c6d81b6d936eea2dd433583fc133611585e","2026-06-08T07:10:00.000","2","DRIVER",,"2214518",,"HONDA","CR-V","IL","2016","NONE","PASSENGER","PERSONAL","S","STRAIGHT AHEAD",,,"1",,,,,,,,,"Y","Y","Y",,,,,,,"REAR",,,,,,,,,,,,,,,,,,,,,,,,,,,,,,,,,
"2321869","18d3262aa6ea0a5d26d610d02a29f596c4dba949c2f68753dcbe0cc37567d0fe01f3e7de377f8ce31a584a30483a2f76ceeaf82b2c8af13538d943c80f13a5b3","2026-06-08T07:00:00.000","1","DRIVER",,"2214508",,"FORD","ECONOLINE E250","IL","2010","NONE","PICKUP","PERSONAL","E","STRAIGHT AHEAD",,,"1",,,,,"Y",,,,,,,,,,"Y","Y",,"FRONT",,,,,,,,,,,,,,,,,,,,,,,,,,,,,,,,,
"2321870","18d3262aa6ea0a5d26d610d02a29f596c4dba949c2f68753dcbe0cc37567d0fe01f3e7de377f8ce31a584a30483a2f76ceeaf82b2c8af13538d943c80f13a5b3","2026-06-08T07:00:00.000","2","DRIVER",,"2214514",,"HONDA","CR-V","IL","2007","NONE","PASSENGER","PERSONAL","E","STRAIGHT AHEAD",,,"1",,,,,"Y",,,,"Y","Y","Y",,,,"Y","Y",,"REAR",,,,,,,,,,,,,,,,,,,,,,,,,,,,,,,,,
"2321871","18d3262aa6ea0a5d26d610d02a29f596c4dba949c2f68753dcbe0cc37567d0fe01f3e7de377f8ce31a584a30483a2f76ceeaf82b2c8af13538d943c80f13a5b3","2026-06-08T07:00:00.000","3","DRIVER",,"2214519",,"HONDA","CR-V","IL","2019","NONE","PASSENGER","PERSONAL","E","STRAIGHT AHEAD",,,"1",,,,,,,,,"Y","Y","Y",,,,,,,"REAR",,,,,,,,,,,,,,,,,,,,,,,,,,,,,,,,,
"2322004","2117e5f1a8439da1b56dfb50383f93c837733e148ebeca93dcbcd7873c06ee69ea29a55674da4ded5c74d3e66f8f3f75a3ace79f3cb10615da639aba1882c919","2026-06-08T07:00:00.000","1","DRIVER",,"2214633",,"UNKNOWN","OTHER (EXPLAIN IN NARRATIVE)","IL",,"UNKNOWN","UNKNOWN/NA","UNKNOWN/NA","E","PASSING/OVERTAKING",,,"1",,,,,,,,,,,,,,,,,"Y","UNKNOWN",,,,,,,,,,,,,,,,,,,,,,,,,,,,,,,,,
"2322005","2117e5f1a8439da1b56dfb50383f93c837733e148ebeca93dcbcd7873c06ee69ea29a55674da4ded5c74d3e66f8f3f75a3ace79f3cb10615da639aba1882c919","2026-06-08T07:00:00.000","2","PARKED",,"2214640",,"JEEP","LIBERTY","IL","2006","UNKNOWN","PASSENGER","PERSONAL","E","PARKED",,,"0",,,,,,,,,,,,,"Y","Y","Y",,,"SIDE-LEFT",,,,,,,,,,,,,,,,,,,,,,,,,,,,,,,,,
"2321858","6e22a9cd05b64cbf817766566fdfb21bd34f0f1faf3937fabd593fe555057722d788b7e3715af655cf7dd30a0c51491757b7e70ef7f21f468f304c84c77bb965","2026-06-08T07:00:00.000","1","DRIVER",,"2214500",,"DODGE","DURANGO","IL","2018","OTHER","SPORT UTILITY VEHICLE (SUV)","PERSONAL","S","OTHER",,,"1",,,,,"Y",,,,,,,,,,"Y","Y",,"FRONT",,,,,,,,,,,,,,,,,,,,,,,,,,,,,,,,,
"2321861","6e22a9cd05b64cbf817766566fdfb21bd34f0f1faf3937fabd593fe555057722d788b7e3715af655cf7dd30a0c51491757b7e70ef7f21f468f304c84c77bb965","2026-06-08T07:00:00.000","2","PARKED",,"2214501",,"HONDA","RIDGELINE","IL","2007","UNKNOWN","PICKUP","PERSONAL","S","PARKED",,,"0",,,,"Y",,,,,,,,,,,,,,"REAR",,,,,,,,,,,,,,,,,,,,,,,,,,,,,,,,,
"2322045","bef831465ad0b8f3b4cdc426cace70098e0c011edb74b6979fbfe638544d245ba27eb536ff30ab599ba8dbc2c58082cbcd9699e5109d4b022c0e8fabc9487008","2026-06-08T07:00:00.000","1","DRIVER",,"2214665",,"LEXUS","RX350","IL","2025","UNKNOWN","SPORT UTILITY VEHICLE (SUV)","UNKNOWN/NA","UNKNOWN","LEAVING TRAFFIC LANE TO PARK",,,"1",,,,,,,,,,,,,,"Y","Y",,,"FRONT-LEFT-CORNER",,,,,,,,,,,,,,,,,,,,,,,,,,,,,,,,,
"2322046","bef831465ad0b8f3b4cdc426cace70098e0c011edb74b6979fbfe638544d245ba27eb536ff30ab599ba8dbc2c58082cbcd9699e5109d4b022c0e8fabc9487008","2026-06-08T07:00:00.000","2","PARKED",,"2214670",,"SCION","XB","IL","2010","UNKNOWN","SPORT UTILITY VEHICLE (SUV)","PERSONAL","UNKNOWN","PARKED",,,"0",,,,,"Y","Y",,,,,,,,,,,,"SIDE-LEFT-FRONT",,,,,,,,,,,,,,,,,,,,,,,,,,,,,,,,,
"2322020","e3c8fc3982fa85b0922522732d946f781cb01250119395eba07f437a7cf628f31abb61b97e4da7f7bb69bedd6f534767bf7091d3cfe98621d6d6f4d6c7886ffb","2026-06-08T07:00:00.000","1","DRIVER",,"2214637",,"UNKNOWN","OTHER (EXPLAIN IN NARRATIVE)",,,"UNKNOWN","UNKNOWN/NA","UNKNOWN/NA","E","UNKNOWN/NA",,,"1",,,,,,,,,,,,,,,,,"Y","UNKNOWN",,,,,,,,,,,,,,,,,,,,,,,,,,,,,,,,,
"2322021","e3c8fc3982fa85b0922522732d946f781cb01250119395eba07f437a7cf628f31abb61b97e4da7f7bb69bedd6f534767bf7091d3cfe98621d6d6f4d6c7886ffb","2026-06-08T07:00:00.000","2","PARKED",,"2214642",,"HONDA","CIVIC","IL","2016","NONE","PASSENGER","NOT IN USE","E","PARKED",,,"0",,,,,,,,,,,"Y","Y",,,,,,"REAR-LEFT-CORNER",,,,,,,,,,,,,,,,,,,,,,,,,,,,,,,,,
"2322174","f1000c5a5cc7f4a575fc120ccd5d7d30f362c29912189a4833f54fb01dc1232bf3215f3d4f0c375cde11ccbdffd3c1a00bac8e80fd4122a3f4d058c3849d6896","2026-06-08T07:00:00.000","1","DRIVER",,"2214785",,"UNKNOWN","OTHER (EXPLAIN IN NARRATIVE)","IL",,"UNKNOWN","UNKNOWN/NA","UNKNOWN/NA","UNKNOWN","UNKNOWN/NA",,,"1",,,,,,,,,,,,,,,,,"Y","UNKNOWN",,,,,,,,,,,,,,,,,,,,,,,,,,,,,,,,,
"2322175","f1000c5a5cc7f4a575fc120ccd5d7d30f362c29912189a4833f54fb01dc1232bf3215f3d4f0c375cde11ccbdffd3c1a00bac8e80fd4122a3f4d058c3849d6896","2026-06-08T07:00:00.000","2","PARKED",,"2214788",,"TOYOTA","COROLLA","IL","2026","NONE","PASSENGER","PERSONAL","UNKNOWN","PARKED",,,"0",,,,,"Y","Y","Y","Y","Y",,,,,,,,,"SIDE-RIGHT",,,,,,,,,,,,,,,,,,,,,,,,,,,,,,,,,
"2321852","f6c374d4c2b06faeef0b2cee670429f33b9387d16e71c9d6ab30a3693b0584f39b751331080a6c489d4be0da673f7484972e2cdaa3ecfc05b628fe1a919ade16","2026-06-08T07:00:00.000","1","DRIVER","4","2214491",,"HONDA","PILOT","MN","2015","UNKNOWN","SPORT UTILITY VEHICLE (SUV)","PERSONAL","S","STRAIGHT AHEAD",,,"5",,,,,,,,,"Y",,,,,,,,,"REAR-RIGHT-CORNER",,,,,,,,,,,,,,,,,,,,,,,,,,,,,,,,,
"2321853","f6c374d4c2b06faeef0b2cee670429f33b9387d16e71c9d6ab30a3693b0584f39b751331080a6c489d4be0da673f7484972e2cdaa3ecfc05b628fe1a919ade16","2026-06-08T07:00:00.000","2","DRIVER",,"2214493",,"LEXUS","RX350","IL","2021","NONE","SPORT UTILITY VEHICLE (SUV)","PERSONAL","N","STRAIGHT AHEAD",,,"1",,,,,,,,,,,,,,,"Y","Y",,"FRONT-LEFT-CORNER",,,,,,,,,,,,,,,,,,,,,,,,,,,,,,,,,
"2322026","63a1d96cc9f16cc18b342932c84b3e52014a2afe674cca1cb2d37d117ce6a384773f6ab58f9414ea44b551dcfbfc0862ee8373b1dbee39abc711136aba33c4db","2026-06-08T06:50:00.000","2","DRIVER",,"2214648",,"HONDA","CR-V",,"2025","NONE","PASSENGER","PERSONAL","E","STRAIGHT AHEAD",,,"1",,,,,,,,,,,,,,,,,,"REAR",,,,,,,,,,,,,,,,,,,,,,,,,,,,,,,,,
"2322027","63a1d96cc9f16cc18b342932c84b3e52014a2afe674cca1cb2d37d117ce6a384773f6ab58f9414ea44b551dcfbfc0862ee8373b1dbee39abc711136aba33c4db","2026-06-08T06:50:00.000","1","DRIVER",,"2214649",,"UNKNOWN","OTHER (EXPLAIN IN NARRATIVE)",,,"UNKNOWN","PASSENGER","PERSONAL","E","STRAIGHT AHEAD",,,"1",,,,,,,,,,,,,,,,,,"FRONT",,,,,,,,,,,,,,,,,,,,,,,,,,,,,,,,,
"2321864","34e4ca3b7e725e026f15096a6f0ed39f4b91c34b6720eebd7a800a5ecc7ccb2ba838391ad5e0320a4240d345d6cfb71879edf66434e372d184cfd64d989266dc","2026-06-08T06:30:00.000","1","DRIVER",,"2214504",,"TOYOTA","PRIUS","IL","2012","NONE","PASSENGER","PERSONAL","N","TURNING LEFT","Y",,"1",,"DRIVER / OWNER","UNK",,"Y",,,,,,,,,,"Y","Y",,"FRONT",,,,,,,,,,,,,,,,,,,,,,,,,,,,,,,,,
"2321865","34e4ca3b7e725e026f15096a6f0ed39f4b91c34b6720eebd7a800a5ecc7ccb2ba838391ad5e0320a4240d345d6cfb71879edf66434e372d184cfd64d989266dc","2026-06-08T06:30:00.000","2","DRIVER",,"2214506",,"HONDA","ACCORD","IL","2017","NONE","PASSENGER","PERSONAL","S","STRAIGHT AHEAD","Y",,"1",,"DRIVER / OWNER","UNK",,"Y",,,,,,,,,,"Y","Y",,"FRONT",,,,,,,,,,,,,,,,,,,,,,,,,,,,,,,,,
"2321866","34e4ca3b7e725e026f15096a6f0ed39f4b91c34b6720eebd7a800a5ecc7ccb2ba838391ad5e0320a4240d345d6cfb71879edf66434e372d184cfd64d989266dc","2026-06-08T06:30:00.000","3","DRIVER",,"2214511",,"TOYOTA","HIGHLANDER","IL","2024","NONE","SPORT UTILITY VEHICLE (SUV)","PERSONAL","E","STRAIGHT AHEAD","Y",,"1",,"DRIVER / OWNER","UNK",,,,,,,,,,"Y","Y","Y","Y",,"SIDE-LEFT",,,,,,,,,,,,,,,,,,,,,,,,,,,,,,,,,
"2321908","5dc241a195aec88e4909be0de59951b6447b0937556260cc8c97f395b25f149d4f75ba9d0cc73d4c2e74656c7a4ffa5e7eaa4f76ed13646f23072846946f66cf","2026-06-08T06:30:00.000","1","DRIVER",,"2214537",,"UNKNOWN","OTHER (EXPLAIN IN NARRATIVE)",,,"UNKNOWN","UNKNOWN/NA","UNKNOWN/NA","S","UNKNOWN/NA",,,"1",,,,,,,,,,,,"Y",,,,,,"UNKNOWN",,,,,,,,,,,,,,,,,,,,,,,,,,,,,,,,,
"2321909","5dc241a195aec88e4909be0de59951b6447b0937556260cc8c97f395b25f149d4f75ba9d0cc73d4c2e74656c7a4ffa5e7eaa4f76ed13646f23072846946f66cf","2026-06-08T06:30:00.000","2","PARKED",,"2214539",,"HONDA","PILOT","IL","2012","NONE","SPORT UTILITY VEHICLE (SUV)","NOT IN USE","S","PARKED","Y",,"0",,,,,,,,,,,,"Y","Y","Y",,,,"SIDE-LEFT-REAR",,,,,,,,,,,,,,,,,,,,,,,,,,,,,,,,,
"2321854","799d845dfba55d7f00295f1fa4e6d3407f3088b94ce0b5ae21f95b24d3d1cf28fce43eaff7b08eab3dd622c341358bea5233be89dd8006b155f0bd35fec0f288","2026-06-08T06:15:00.000","1","DRIVER",,"2214494",,"JEEP","GRAND CHEROKEE","IL","2021","NONE","PASSENGER","PERSONAL","N","STRAIGHT AHEAD","Y",,"1",,"PRIVATE","UNKNOWN",,"Y",,,,,,,,,,"Y","Y",,"FRONT",,,,,,,,,,,,,,,,,,,,,,,,,,,,,,,,,
"2321855","799d845dfba55d7f00295f1fa4e6d3407f3088b94ce0b5ae21f95b24d3d1cf28fce43eaff7b08eab3dd622c341358bea5233be89dd8006b155f0bd35fec0f288","2026-06-08T06:15:00.000","2","DRIVER","2","2214496",,"MERCEDES-BENZ","GLC","IL","2021","NONE","PASSENGER","PERSONAL","S","STRAIGHT AHEAD","Y",,"3",,"PRIVATE","UNKNOWN",,"Y",,,,,,,,,,"Y","Y",,"FRONT",,,,,,,,,,,,,,,,,,,,,,,,,,,,,,,,,
"2321843","b82ca43877f8a6ad7f8ed4718e82a54d259682d3fe2e92649f513eabe0b89424966666cfa73979b0c8c4651fd60b263409dcce111bed7f8744d6e43e728e8d55","2026-06-08T06:05:00.000","1","DRIVER",,"2214484",,"HONDA","ACCORD","IL","2019","NONE","PASSENGER","PERSONAL","N","OTHER",,,"1",,,,,,,,,,,,"Y","Y","Y","Y","Y",,"FRONT-LEFT-CORNER",,,,,,,,,,,,,,,,,,,,,,,,,,,,,,,,,
"2321844","b82ca43877f8a6ad7f8ed4718e82a54d259682d3fe2e92649f513eabe0b89424966666cfa73979b0c8c4651fd60b263409dcce111bed7f8744d6e43e728e8d55","2026-06-08T06:05:00.000","2","DRIVER",,"2214486",,"CHRYSLER","TOWN & COUNTRY","IL","2014","NONE","VAN/MINI-VAN","PERSONAL","E","STRAIGHT AHEAD",,,"1",,,,,"Y","Y","Y","Y",,,,,,,,"Y",,"FRONT-RIGHT-CORNER",,,,,,,,,,,,,,,,,,,,,,,,,,,,,,,,,
"2321876","ceb50003d3110ccefd79b7dd0b9f896b3b23f7327eff96805fc10437a9ae5a13b9ddf14f913f7c13516567841aaba5a4c94b4ec5214108635a4fffb974ad6f22","2026-06-08T06:00:00.000","1",,,,,,,,,,,,,,,,,,,,,,,,,,,,,,,,,,,,,,,,,,,,,,,,,,,,,,,,,,,,,,,,,,,
"2321885","ceb50003d3110ccefd79b7dd0b9f896b3b23f7327eff96805fc10437a9ae5a13b9ddf14f913f7c13516567841aaba5a4c94b4ec5214108635a4fffb974ad6f22","2026-06-08T06:00:00.000","1","DRIVER",,"2214513",,"VOLKSWAGEN","TIGUAN","IL","2024","UNKNOWN","SPORT UTILITY VEHICLE (SUV)","PERSONAL","S","STRAIGHT AHEAD",,,"1",,,,,,,,,,,,,,,"Y","Y",,"FRONT",,,,,,,,,,,,,,,,,,,,,,,,,,,,,,,,,
"2321848","464b177634ecfedf5d659837a6c2917428ac861c53f63422c73ae289011589936e714894704ba2e3d2565bd19b14c73618430481d1fe3838ed5696781f28f3d1","2026-06-08T05:40:00.000","1","DRIVER",,"2214488",,"FORD","TRANSIT","IL","2018","NONE","VAN/MINI-VAN","COMMERCIAL - SINGLE UNIT","E","STRAIGHT AHEAD",,,"1",,,,,,,,,,,,,,,"Y",,,"FRONT-LEFT-CORNER",,,,,,,,,,,,,,,,,,,,,,,,,,,,,,,,,
"2321849","464b177634ecfedf5d659837a6c2917428ac861c53f63422c73ae289011589936e714894704ba2e3d2565bd19b14c73618430481d1fe3838ed5696781f28f3d1","2026-06-08T05:40:00.000","2","DRIVER",,"2214489",,"FORD","ESCAPE","IL","2013","NONE","PASSENGER","PERSONAL","S","TURNING LEFT",,,"1",,,,,,,,,,,,,,,,"Y",,"FRONT",,,,,,,,,,,,,,,,,,,,,,,,,,,,,,,,,
"2322083","b70514b9e2a870ebc224898c626486d039940ae1166ad676f05d654a7ca7aba8e4351e01d1b8e0b0e5befb07ea56d7b364bd4f8e8503abe3b9230ab07818f63a","2026-06-08T05:40:00.000","1","DRIVER",,"2214700",,"DODGE","CHALLENGER","IL","2015","UNKNOWN","PASSENGER","UNKNOWN/NA","N","PASSING/OVERTAKING",,,"1",,,,,,,,,"Y",,,,,,,,,"REAR-RIGHT-CORNER",,,,,,,,,,,,,,,,,,,,,,,,,,,,,,,,,
"2322084","b70514b9e2a870ebc224898c626486d039940ae1166ad676f05d654a7ca7aba8e4351e01d1b8e0b0e5befb07ea56d7b364bd4f8e8503abe3b9230ab07818f63a","2026-06-08T05:40:00.000","2","DRIVER",,"2214697",,"NISSAN","ALTIMA","IL","2011","UNKNOWN","PASSENGER","PERSONAL","N","STRAIGHT AHEAD",,,"1",,,,,,,,,,,"Y",,,,,,,"REAR-LEFT-CORNER",,,,,,,,,,,,,,,,,,,,,,,,,,,,,,,,,
"2321837","5b09da3e3b2a23e201b865eb6871fc79471e163208b3ca28fd7a8038afabeecc1ce57646d81032e1d38d436ded06f60fbfd86dab3674a369cd1926e35f882000","2026-06-08T05:30:00.000","1","DRIVER",,"2214479",,"HYUNDAI","TUCSON","IL","2016","UNKNOWN","PASSENGER","UNKNOWN/NA","N","STRAIGHT AHEAD","Y",,"1",,"CITY OF CHICAGO","DOTY ROAD",,"Y","Y",,,,,,,,"Y","Y","Y",,"FRONT",,,,,,,,,,,,,,,,,,,,,,,,,,,,,,,,,
"2321838","5b09da3e3b2a23e201b865eb6871fc79471e163208b3ca28fd7a8038afabeecc1ce57646d81032e1d38d436ded06f60fbfd86dab3674a369cd1926e35f882000","2026-06-08T05:30:00.000","2","PARKED",,"2214480",,"FORD","ESCAPE","IL","2017","UNKNOWN","PASSENGER","NOT IN USE","N","PARKED",,,"0",,,,,,,,,"Y","Y","Y",,,,,,,"REAR",,,,,,,,,,,,,,,,,,,,,,,,,,,,,,,,,
"2321839","5b09da3e3b2a23e201b865eb6871fc79471e163208b3ca28fd7a8038afabeecc1ce57646d81032e1d38d436ded06f60fbfd86dab3674a369cd1926e35f882000","2026-06-08T05:30:00.000","3","PARKED",,"2214481",,"CHEVROLET","EQUINOX","IL","2007","UNKNOWN","PASSENGER","NOT IN USE","N","PARKED",,,"0",,,,,"Y",,,,"Y","Y","Y",,,,"Y","Y",,"REAR",,,,,,,,,,,,,,,,,,,,,,,,,,,,,,,,,
"2321840","5b09da3e3b2a23e201b865eb6871fc79471e163208b3ca28fd7a8038afabeecc1ce57646d81032e1d38d436ded06f60fbfd86dab3674a369cd1926e35f882000","2026-06-08T05:30:00.000","4","PARKED",,"2214482",,"VOLKSWAGEN","BEETLE","IN","2007","UNKNOWN","PASSENGER","NOT IN USE","N","PARKED",,,"0",,,,,,,,,"Y","Y","Y",,,,,,,"REAR",,,,,,,,,,,,,,,,,,,,,,,,,,,,,,,,,
"2321827","1696c424894961febe112409ff373b4ec3bf9a15c39db4639ef7129fd22b76f3ea8e06dcad8c69edad7498511ebac152236d63e02520d84ddda180fe2cf38c86","2026-06-08T04:01:00.000","1","DRIVER",,"2214466",,"UNKNOWN","OTHER (EXPLAIN IN NARRATIVE)","IL",,"UNKNOWN","SPORT UTILITY VEHICLE (SUV)","UNKNOWN/NA","W","STRAIGHT AHEAD",,,"1",,,,,,,,,,,,,,,,,"Y","UNKNOWN",,,,,,,,,,,,,,,,,,,,,,,,,,,,,,,,,
"2321828","1696c424894961febe112409ff373b4ec3bf9a15c39db4639ef7129fd22b76f3ea8e06dcad8c69edad7498511ebac152236d63e02520d84ddda180fe2cf38c86","2026-06-08T04:01:00.000","2","DRIVER","1","2214469",,"HYUNDAI","SONATA","IL","2018","UNKNOWN","PASSENGER","PERSONAL","W","SLOW/STOP IN TRAFFIC",,,"2",,,,,,,,"Y","Y","Y","Y","Y",,,,,,"REAR",,,,,,,,,,,,,,,,,,,,,,,,,,,,,,,,,
"2321862","5e73fcb175a7b56ce5325cf389eb9b49a97f519eead861c158ee8e40ef03cdf69a68df783eeb4da13ca496ce30f8e291d918083b7c5252cd13c8d82d835244e5","2026-06-08T03:55:00.000","1","DRIVER",,"2214502",,"UNKNOWN","OTHER (EXPLAIN IN NARRATIVE)","IL",,"UNKNOWN","UNKNOWN/NA","UNKNOWN/NA","UNKNOWN","UNKNOWN/NA",,,"1",,,,,,,,,,,,,,,,,"Y","UNKNOWN",,,,,,,,,,,,,,,,,,,,,,,,,,,,,,,,,
"2321863","5e73fcb175a7b56ce5325cf389eb9b49a97f519eead861c158ee8e40ef03cdf69a68df783eeb4da13ca496ce30f8e291d918083b7c5252cd13c8d82d835244e5","2026-06-08T03:55:00.000","2","PARKED",,"2214503",,"DODGE","GRAND CARAVAN","IL",,"NONE","PASSENGER","PERSONAL","UNKNOWN","PARKED",,,"0",,,,,,,,,,,,,,"Y","Y","N",,"FRONT-LEFT-CORNER",,,,,,,,,,,,,,,,,,,,,,,,,,,,,,,,,
"2321829","de140b6a77bb971678618e2c5aed51abf9761283adafe1c6be41372a92da7aa4ac03ea139c7068b6ef72471abe05736d899ff5baca0775844d0e31444e68aace","2026-06-08T03:46:00.000","1","DRIVER",,"2214472",,"UNKNOWN","MOTORIZED","IL",,"UNKNOWN","PASSENGER","PERSONAL","N","STRAIGHT AHEAD",,,"1",,,,,"N","N","N",,,,,,,,,,"Y","UNKNOWN",,,,,,,,,,,,,,,,,,,,,,,,,,,,,,,,,
"2321830","de140b6a77bb971678618e2c5aed51abf9761283adafe1c6be41372a92da7aa4ac03ea139c7068b6ef72471abe05736d899ff5baca0775844d0e31444e68aace","2026-06-08T03:46:00.000","2","DRIVER",,"2214470",,"TOYOTA","CAMRY","IL","2023","NONE","PASSENGER","PERSONAL","N","STRAIGHT AHEAD",,,"1",,,,,,,,,,,"Y","Y","Y",,,,,"SIDE-LEFT",,,,,,,,,,,,,,,,,,,,,,,,,,,,,,,,,
"2321822","ef28d4f67b66aeda1a5e9773c6e1fc49ab07ef26aa3059ae15b82463083c44f0b98061325b16895805051296a349dca0fc5d6156cd413a8644f71104b1c73f8c","2026-06-08T03:00:00.000","1","DRIVER",,"2214462",,"UNKNOWN","OTHER (EXPLAIN IN NARRATIVE)",,,"UNKNOWN","UNKNOWN/NA","UNKNOWN/NA","E","STRAIGHT AHEAD",,,"1",,,,,,,,,,,,,,,,,"Y","FRONT",,,,,,,,,,,,,,,,,,,,,,,,,,,,,,,,,
"2321823","ef28d4f67b66aeda1a5e9773c6e1fc49ab07ef26aa3059ae15b82463083c44f0b98061325b16895805051296a349dca0fc5d6156cd413a8644f71104b1c73f8c","2026-06-08T03:00:00.000","2","PARKED",,"2214463",,"CHEVROLET","TRAIL BLAZER","IL","2021","UNKNOWN","SPORT UTILITY VEHICLE (SUV)","PERSONAL","E","PARKED","Y",,"0",,"PRIVATE TOW",,,,,,,,"Y","Y","Y","Y",,,,,"SIDE-LEFT-REAR",,,,,,,,,,,,,,,,,,,,,,,,,,,,,,,,,
"2321824","ef28d4f67b66aeda1a5e9773c6e1fc49ab07ef26aa3059ae15b82463083c44f0b98061325b16895805051296a349dca0fc5d6156cd413a8644f71104b1c73f8c","2026-06-08T03:00:00.000","3","PARKED",,"2214464",,"CHEVROLET","MALIBU","IL","2024","UNKNOWN","PASSENGER","UNKNOWN/NA","E","PARKED",,,"0",,,,,,,,,"Y","Y","Y",,,,,,,"REAR",,,,,,,,,,,,,,,,,,,,,,,,,,,,,,,,,
"2322156","b72559b33e405440f702a8c77a3e54501c2f8a1a3b1bc99cb9883f19a40b9254604400a4109e2a07e8e4b70f6a6f23c7d2495efc2b1b3bdc59244c92cfa13158","2026-06-08T02:30:00.000","1","DRIVER",,"2214772",,"FORD","BRONCO / BRONCO II","OH","2026","UNKNOWN","UNKNOWN/NA","UNKNOWN/NA","E","STRAIGHT AHEAD",,,"1",,,,,"Y","Y",,,,,,,,,,"Y",,"FRONT-RIGHT-CORNER",,,,,,,,,,,,,,,,,,,,,,,,,,,,,,,,,
"2322157","b72559b33e405440f702a8c77a3e54501c2f8a1a3b1bc99cb9883f19a40b9254604400a4109e2a07e8e4b70f6a6f23c7d2495efc2b1b3bdc59244c92cfa13158","2026-06-08T02:30:00.000","2","DRIVER",,"2214776",,"CHRYSLER","PACIFICA","IL","2021","UNKNOWN","PASSENGER","PERSONAL","E","STRAIGHT AHEAD",,,"1",,,,,,,,,,,,"Y","Y","Y","Y",,,"SIDE-LEFT",,,,,,,,,,,,,,,,,,,,,,,,,,,,,,,,,
"2321816","7be2802ea144a5ea28b198fddc83190e1ad4d12443a9668097306bce115a4dc96e11a9155350e456aa801a91c0f3f606f48f52bdac057c31ca01f39d3dbdd6dd","2026-06-08T02:20:00.000","1","DRIVER",,"2214457",,"CHEVROLET","MALIBU","IL","2020","NONE","PASSENGER","RIDESHARE SERVICE","W","STRAIGHT AHEAD","Y",,"1",,"PRIVATE TOW",,,,,,,,,,,"Y","Y","Y","Y",,"FRONT-LEFT-CORNER",,,,,,,,,,,,,,,,,,,,,,,,,,,,,,,,,
"2321817","7be2802ea144a5ea28b198fddc83190e1ad4d12443a9668097306bce115a4dc96e11a9155350e456aa801a91c0f3f606f48f52bdac057c31ca01f39d3dbdd6dd","2026-06-08T02:20:00.000","2","PARKED",,"2214459",,"HONDA","PILOT","IL","2016","NONE","SPORT UTILITY VEHICLE (SUV)","PERSONAL","E","PARKED",,,"0",,,,,,,,,,,,,"Y","Y","Y","Y",,"FRONT-LEFT-CORNER",,,,,,,,,,,,,,,,,,,,,,,,,,,,,,,,,
"2321820","9c254ff73455b70913d23a13aea3f01ac40a1ed8459c9f8747dff3d2bd696a6b07c230bd073a1b0a51c736d81dfdced70fc32554810f726056820f55a2246487","2026-06-08T02:20:00.000","1","DRIVER",,"2214468",,"UNKNOWN","OTHER (EXPLAIN IN NARRATIVE)","IL",,"UNKNOWN","UNKNOWN/NA","UNKNOWN/NA","S","UNKNOWN/NA",,,"1",,,,,,,,,,,,,,,,,"Y","UNKNOWN",,,,,,,,,,,,,,,,,,,,,,,,,,,,,,,,,
"2321821","9c254ff73455b70913d23a13aea3f01ac40a1ed8459c9f8747dff3d2bd696a6b07c230bd073a1b0a51c736d81dfdced70fc32554810f726056820f55a2246487","2026-06-08T02:20:00.000","2","PARKED",,"2214465",,"HONDA","HR-V","IL","2023","UNKNOWN","PASSENGER","PERSONAL","UNKNOWN","PARKED",,,"0",,,,,"Y",,,,,,"Y","Y","Y","Y","Y","Y",,"REAR-LEFT-CORNER",,,,,,,,,,,,,,,,,,,,,,,,,,,,,,,,,
"2321825","c0f9beac46b1002ba6323994b8ff385a6635e26b7964c5a7f2bce3233f4b7f0d6b6bd41207b578406ca149a8190f4adc4669f880ca6c96f2b518dc043bce5f70","2026-06-08T02:15:00.000","1","DRIVER",,"2214467",,"HYUNDAI","SANTA FE","IL","2013","UNKNOWN","PASSENGER","PERSONAL","E","STRAIGHT AHEAD","Y","N","1",,"STREETS & SANITATION","POUND 6",,,,,,,,,,,,,"Y",,"FRONT",,,,,,,,,,,,,,,,,,,,,,,,,,,,,,,,,
"2321826","c0f9beac46b1002ba6323994b8ff385a6635e26b7964c5a7f2bce3233f4b7f0d6b6bd41207b578406ca149a8190f4adc4669f880ca6c96f2b518dc043bce5f70","2026-06-08T02:15:00.000","2","PARKED",,"2214471",,"FORD","ESCAPE","IL","2014","UNKNOWN","PASSENGER","PERSONAL","W","PARKED",,,"0",,,,,,,,,,,,,,,,"Y",,"FRONT",,,,,,,,,,,,,,,,,,,,,,,,,,,,,,,,,
"2321833","94b62b624d5b36734cbe1b5c7a783e345c6c4c89f920f81daf76fef27aec72ad42b3643925b10d4588696687f9530a5ce4002ade7422f3187ee791d2183e7460","2026-06-08T01:50:00.000","1","DRIVER",,"2214475",,"UNKNOWN","OTHER (EXPLAIN IN NARRATIVE)",,,"UNKNOWN","UNKNOWN/NA","UNKNOWN/NA","UNKNOWN","UNKNOWN/NA",,,"1",,,,,,,,,,,,,,,,,"Y","UNKNOWN",,,,,,,,,,,,,,,,,,,,,,,,,,,,,,,,,
"2321834","94b62b624d5b36734cbe1b5c7a783e345c6c4c89f920f81daf76fef27aec72ad42b3643925b10d4588696687f9530a5ce4002ade7422f3187ee791d2183e7460","2026-06-08T01:50:00.000","2","PARKED",,"2214476",,"MERCEDES-BENZ","GLA","IL","2020","UNKNOWN","PASSENGER","NOT IN USE","N","PARKED","Y",,"0",,"state farm","owner",,,,,,,,,,,,"Y",,,"REAR-LEFT-CORNER",,,,,,,,,,,,,,,,,,,,,,,,,,,,,,,,,
"2321807","aacdaa74c7e5d750a4a83a393b232f10967cc3ddf8365ba2ffb35a82f9a294d1f947647196b6813bc7225409b18d647f59a60e83bf78d3103cc3850f861852f1","2026-06-08T01:45:00.000","1","DRIVER","1","2214445",,"FORD","OTHER (EXPLAIN IN NARRATIVE)","IL","2022","UNKNOWN","OTHER","AMBULANCE","E","BACKING","Y",,"2",,"NO TOW NEEDED","CITY VEHICLE",,,,,"Y","Y",,,,,,,,,"OTHER",,,,,,,,,,,,,,,,,,,,,,,,,,,,,,,,,
"2321812","de8530a9f82a0370274fa95f411e92e188aa08062061c5ca8f9c126ac7ea9ae0f821d037770de0e1afcdec9876768dbcfdbf005ede07e980b30ee7ced5bb99ab","2026-06-08T01:29:00.000","1","DRIVERLESS",,"2214453",,"INFINITI","Q50","IL","2014","NONE","PASSENGER","PERSONAL","W","STRAIGHT AHEAD","Y",,"0",,"city",,,"Y",,,,,,,,,,"Y","Y",,"FRONT",,,,,,,,,,,,,,,,,,,,,,,,,,,,,,,,,
"2321797","81222d43585959db5953df14f793c20a51238ec3dcffe65fa0cdc032b7b36f2413d59d20150b80817f44ce2c5634d9f2d0b6ae3da18ff1aba213aa1d64e86caa","2026-06-08T00:55:00.000","2","DRIVER",,"2214434",,"FORD","EXPEDITION","IL","2023","UNKNOWN","PASSENGER","PERSONAL","E","STRAIGHT AHEAD",,,"1",,,,,,,,,,"Y",,,,,,,,"REAR",,,,,,,,,,,,,,,,,,,,,,,,,,,,,,,,,
"2321798","81222d43585959db5953df14f793c20a51238ec3dcffe65fa0cdc032b7b36f2413d59d20150b80817f44ce2c5634d9f2d0b6ae3da18ff1aba213aa1d64e86caa","2026-06-08T00:55:00.000","1","DRIVER",,"2214436",,"TOYOTA","RAV4","IL","2007","UNKNOWN","PASSENGER","PERSONAL","E","STRAIGHT AHEAD",,,"1",,,,"Y",,,,,,,,,,,,,,"FRONT",,,,,,,,,,,,,,,,,,,,,,,,,,,,,,,,,
"2321803","8fa499679c126fc690d4ecdb5e33d4ade260e0330a9496c052dbb06397e18158636be367813702d30d7b022e57bdded3508f600de7469189c8442f5bcdcf7190","2026-06-08T00:50:00.000","1","DRIVER",,"2214439",,"HONDA","CIVIC","IL","2024","NONE","PASSENGER","PERSONAL","N","STRAIGHT AHEAD","Y",,"1",,"PRIVATE","UNK",,"Y","Y",,,,,,,,,"N",,,"FRONT-RIGHT-CORNER",,,,,,,,,,,,,,,,,,,,,,,,,,,,,,,,,
"2321804","8fa499679c126fc690d4ecdb5e33d4ade260e0330a9496c052dbb06397e18158636be367813702d30d7b022e57bdded3508f600de7469189c8442f5bcdcf7190","2026-06-08T00:50:00.000","2","PARKED",,"2214441",,"HONDA","CR-V","IL","2018","UNKNOWN","PASSENGER","NOT IN USE","UNKNOWN","PARKED",,,"0",,,,,,,,,,,,"Y","Y","Y","Y",,,"SIDE-LEFT-REAR",,,,,,,,,,,,,,,,,,,,,,,,,,,,,,,,,
"2321801","a4e68efe5cdf73e1989b44b03704f0270f70a548eaf42dc5699f05a751c8992b97fd15217afbceefae6f5fe1f45327a4b12977295baaa5daf6828092441b84db","2026-06-08T00:40:00.000","1","DRIVER",,"2214438",,"UNKNOWN","OTHER (EXPLAIN IN NARRATIVE)","XX",,"UNKNOWN","PASSENGER","UNKNOWN/NA","E","CHANGING LANES",,,"1",,,,,"Y","Y","Y",,,,,,,,,,,"FRONT-RIGHT-CORNER",,,,,,,,,,,,,,,,,,,,,,,,,,,,,,,,,
"2321802","a4e68efe5cdf73e1989b44b03704f0270f70a548eaf42dc5699f05a751c8992b97fd15217afbceefae6f5fe1f45327a4b12977295baaa5daf6828092441b84db","2026-06-08T00:40:00.000","2","DRIVER",,"2214446",,"MERCEDES-BENZ","A-CLASS","IL","2020","UNKNOWN","PASSENGER","PERSONAL","E","STRAIGHT AHEAD","Y",,"1",,"OWNER",,,,,,,,,,,"Y","Y","Y","Y",,"FRONT-LEFT-CORNER",,,,,,,,,,,,,,,,,,,,,,,,,,,,,,,,,
"2321814","74a86a2ba1a55417e2d5abcd5f9ee39f0dcdf7f2b74efd34b854e3917045df4a00be531882f9c843a891fb39576f417318da16f809418108731d96c0eda2ac78","2026-06-08T00:05:00.000","1","DRIVER",,"2214456",,"VOLVO","XC60","MI","2012","NONE","PASSENGER","PERSONAL","E","CHANGING LANES",,,"1",,,,,,,,,,,,,,"Y","Y","Y",,"FRONT-LEFT-CORNER",,,,,,,,,,,,,,,,,,,,,,,,,,,,,,,,,
"2321815","74a86a2ba1a55417e2d5abcd5f9ee39f0dcdf7f2b74efd34b854e3917045df4a00be531882f9c843a891fb39576f417318da16f809418108731d96c0eda2ac78","2026-06-08T00:05:00.000","2","DRIVER",,"2214458",,"TOYOTA","MATRIX","IL","2009","TIRES","PASSENGER","PERSONAL","E","STRAIGHT AHEAD",,,"1",,,,,,,,"Y","Y","Y",,,,,,,,"REAR-RIGHT-CORNER",,,,,,,,,,,,,,,,,,,,,,,,,,,,,,,,,
"2321971","3c063ad35cf77c4d16b6bd942093530e75a607c2715000cbd049076eef7b311916cfad502fb3424f5e626c5b9c47dcedf26589596e4ea8d4dbdcc6053f1cef5c","2026-06-08T00:01:00.000","1","DRIVER",,"2214586",,"HONDA","CIVIC","IL","2010","UNKNOWN","PASSENGER","UNKNOWN/NA","E","LEAVING TRAFFIC LANE TO PARK",,,"1",,,,,,,,,,,,,,,,"Y",,"FRONT",,,,,,,,,,,,,,,,,,,,,,,,,,,,,,,,,
"2321972","3c063ad35cf77c4d16b6bd942093530e75a607c2715000cbd049076eef7b311916cfad502fb3424f5e626c5b9c47dcedf26589596e4ea8d4dbdcc6053f1cef5c","2026-06-08T00:01:00.000","2","PARKED",,"2214592",,"TOYOTA","COROLLA","IL","2022","UNKNOWN","PASSENGER","NOT IN USE","E","PARKED",,,"0",,,,,,,,,,"Y",,,,,,,,"REAR",,,,,,,,,,,,,,,,,,,,,,,,,,,,,,,,,
"2322444","6def6b94a9415e4694b95d3eddc61bf3e947b5737fddb88be04cf86b47faa8f8555169bb6e3fac92feb170696c7b558a54b16def1cf226f3ee794ebedbec5176","2026-06-08T00:00:00.000","1","DRIVER",,"2215052",,"UNKNOWN","OTHER (EXPLAIN IN NARRATIVE)",,,"UNKNOWN","UNKNOWN/NA","UNKNOWN/NA","UNKNOWN","UNKNOWN/NA",,,"1",,,,,,,,,,,,,,,,,,"UNKNOWN",,,,,,,,,,,,,,,,,,,,,,,,,,,,,,,,,
"2322445","6def6b94a9415e4694b95d3eddc61bf3e947b5737fddb88be04cf86b47faa8f8555169bb6e3fac92feb170696c7b558a54b16def1cf226f3ee794ebedbec5176","2026-06-08T00:00:00.000","2","PARKED",,"2215054",,"NISSAN","SENTRA","IL","2016","UNKNOWN","PASSENGER","PERSONAL","S","PARKED",,,"0",,,,,,,,,,,,,,,,"Y",,"FRONT",,,,,,,,,,,,,,,,,,,,,,,,,,,,,,,,,
"2321769","8115f2e589edf06b8f1b4c51e7ecd7fc1bb1637949a339e880b708fa02da4972e7f86039f7267d790263e7c760e72e0b4cf1d651060a910e49605e342824c08a","2026-06-08T00:00:00.000","1","DRIVER",,"2214411",,"UNKNOWN","OTHER (EXPLAIN IN NARRATIVE)",,,"UNKNOWN","UNKNOWN/NA","PERSONAL","N","STRAIGHT AHEAD",,,"1",,,,,"Y","Y",,,,,,,,,,"Y",,"FRONT-RIGHT-CORNER",,,,,,,,,,,,,,,,,,,,,,,,,,,,,,,,,
"2321770","8115f2e589edf06b8f1b4c51e7ecd7fc1bb1637949a339e880b708fa02da4972e7f86039f7267d790263e7c760e72e0b4cf1d651060a910e49605e342824c08a","2026-06-08T00:00:00.000","2","PARKED",,"2214413",,"MAZDA","CX-30","IL","2020","NONE","PASSENGER","PERSONAL","N","PARKED",,,"0",,,,,,,,,,,,"Y","Y","Y","Y",,,"SIDE-LEFT",,,,,,,,,,,,,,,,,,,,,,,,,,,,,,,,,
"2321791","5d0132f0d851ca69e90af1537a9303bf701a082d21e9b0cab3eea4ccd3129a2ddf39c816be8d34c1e39d8f91354c2e0416a0d0bef8c0efbd172f3c22634f02bc","2026-06-07T23:45:00.000","1","DRIVER",,"2214435",,"HONDA","CR-V","IL","2004","NONE","PASSENGER","PERSONAL","W","TURNING LEFT",,,"1",,,,,"N",,,,"Y","Y","Y",,,,"N","N",,"FRONT",,,,,,,,,,,,,,,,,,,,,,,,,,,,,,,,,
"2321792","5d0132f0d851ca69e90af1537a9303bf701a082d21e9b0cab3eea4ccd3129a2ddf39c816be8d34c1e39d8f91354c2e0416a0d0bef8c0efbd172f3c22634f02bc","2026-06-07T23:45:00.000","2","DRIVER",,"2214443",,"HONDA","CR-V","IL","2004","UNKNOWN","PASSENGER","PERSONAL","W","TURNING LEFT",,,"1",,,,,"Y",,,,"N","N","N",,,,"Y","Y",,"REAR",,,,,,,,,,,,,,,,,,,,,,,,,,,,,,,,,
"2321771","554c139e856e9d4dbd6fdcc2900990c6b1bfda163b9d4cdfcdca0ae1fe19e52f39f72532967c75e7005a3b6b6827eecb4b2349f875c4a98f49f5b6a158333aeb","2026-06-07T23:40:00.000","1","DRIVER",,"2214414",,"TESLA","MODEL 3","IL","2019","UNKNOWN","PASSENGER","PERSONAL","E","STRAIGHT AHEAD",,,"1",,,,,"Y","Y",,,,,,,,,,"N",,"FRONT-RIGHT-CORNER",,,,,,,,,,,,,,,,,,,,,,,,,,,,,,,,,
"2321772","554c139e856e9d4dbd6fdcc2900990c6b1bfda163b9d4cdfcdca0ae1fe19e52f39f72532967c75e7005a3b6b6827eecb4b2349f875c4a98f49f5b6a158333aeb","2026-06-07T23:40:00.000","2","PARKED",,"2214417",,"LEXUS","RX350","IL","2012","UNKNOWN","PASSENGER","PERSONAL","E","PARKED",,,"0",,,,,,,,,,,"Y","Y",,,,,,"REAR-LEFT-CORNER",,,,,,,,,,,,,,,,,,,,,,,,,,,,,,,,,
"2321773","554c139e856e9d4dbd6fdcc2900990c6b1bfda163b9d4cdfcdca0ae1fe19e52f39f72532967c75e7005a3b6b6827eecb4b2349f875c4a98f49f5b6a158333aeb","2026-06-07T23:40:00.000","3","PARKED",,"2214421",,"TOYOTA","CAMRY","IL","2009","UNKNOWN","PASSENGER","PERSONAL","E","PARKED",,,"0",,,,,,,,,"Y","Y","Y",,,,,,,"REAR",,,,,,,,,,,,,,,,,,,,,,,,,,,,,,,,,
"2321789","28426745b87f9cf9fe7753b4b4a09bf5500da98e9ba97ab3dc83d6f891e21c2e7814305f1ff6729b5f3503b37b6089adff164cd02a0eddd40a0c7ac8c4568cf4","2026-06-07T23:30:00.000","1","DRIVER",,"2214425",,"UNKNOWN","OTHER (EXPLAIN IN NARRATIVE)",,,"UNKNOWN","SPORT UTILITY VEHICLE (SUV)","UNKNOWN/NA","S","UNKNOWN/NA",,,"1",,,,,,,,,,,,,,,,"Y",,"FRONT",,,,,,,,,,,,,,,,,,,,,,,,,,,,,,,,,
"2321790","28426745b87f9cf9fe7753b4b4a09bf5500da98e9ba97ab3dc83d6f891e21c2e7814305f1ff6729b5f3503b37b6089adff164cd02a0eddd40a0c7ac8c4568cf4","2026-06-07T23:30:00.000","2","DRIVER","1","2214431",,"JEEP","RENEGADE","IL","2020","UNKNOWN","SPORT UTILITY VEHICLE (SUV)","UNKNOWN/NA","S","STRAIGHT AHEAD","Y",,"2",,"CITY","400 LOWER WACKER DRIVE",,,,,,,"Y",,,,,"Y","Y",,"REAR",,,,,,,,,,,,,,,,,,,,,,,,,,,,,,,,,
"2321761","7c881e97cb3b4aba35bca5bf1b120f3364fd18789ad38f2885abd25bf38f3ad09107a0ed87d0379f15e2408ce4c9ae42125509b618379906bb220ba0c33b607d","2026-06-07T23:30:00.000","1","DRIVER","2","2214403",,"FORD","ESCAPE","IL","2021","UNKNOWN","SPORT UTILITY VEHICLE (SUV)","PERSONAL","W","PASSING/OVERTAKING",,,"3",,,,"Y","Y","Y",,,,,,,,,,"Y",,"FRONT-RIGHT-CORNER",,,,,,,,,,,,,,,,,,,,,,,,,,,,,,,,,
"2321762","7c881e97cb3b4aba35bca5bf1b120f3364fd18789ad38f2885abd25bf38f3ad09107a0ed87d0379f15e2408ce4c9ae42125509b618379906bb220ba0c33b607d","2026-06-07T23:30:00.000","2","DRIVER",,"2214408",,"VOLKSWAGEN","PASSAT","IL","2013","UNKNOWN","PASSENGER","PERSONAL","W","TURNING LEFT",,,"1",,,,,,,,,,,"Y","Y","Y","Y","N",,,"SIDE-LEFT",,,,,,,,,,,,,,,,,,,,,,,,,,,,,,,,,
"2321918","57baf309554fbb63cb7d2edbf0ae2529dabb6bf066b56c3a05df98c4b62b1e85f0ce6b2d50f782f4afdcf729fd544f3893ae2057d455977feacf57634d7d2b91","2026-06-07T23:00:00.000","1","DRIVER",,"2214546",,"MITSUBISHI","OTHER (EXPLAIN IN NARRATIVE)","IL","2019","UNKNOWN","SPORT UTILITY VEHICLE (SUV)","UNKNOWN/NA","W","STRAIGHT AHEAD",,,"1",,,,,"Y",,,,,,,,,,"Y","Y",,"FRONT",,,,,,,,,,,,,,,,,,,,,,,,,,,,,,,,,
"2321919","57baf309554fbb63cb7d2edbf0ae2529dabb6bf066b56c3a05df98c4b62b1e85f0ce6b2d50f782f4afdcf729fd544f3893ae2057d455977feacf57634d7d2b91","2026-06-07T23:00:00.000","2","DRIVER",,"2214553",,"TOYOTA","OTHER (EXPLAIN IN NARRATIVE)","IL","2023","UNKNOWN","UNKNOWN/NA","OTHER","N","STRAIGHT AHEAD",,,"1",,,,,,"Y","Y","Y",,,,,,,,,,"SIDE-RIGHT",,,,,,,,,,,,,,,,,,,,,,,,,,,,,,,,,
"2321767","ca14abb37a4c7314a53c5463c82e87db8355bae42bda6722074da3cfeed3c4c189fb53e7fee6179f845596c8df6dfbb05a34028806b75ebf09fb76591d6475c4","2026-06-07T22:53:00.000","1","DRIVER",,"2214407",,"TOYOTA","CAMRY","IL","2012","UNKNOWN","PASSENGER","PERSONAL","SE","TURNING LEFT",,,"1",,,,,"Y",,,,,,,,,,"Y","Y",,"FRONT",,,,,,,,,,,,,,,,,,,,,,,,,,,,,,,,,
"2321768","ca14abb37a4c7314a53c5463c82e87db8355bae42bda6722074da3cfeed3c4c189fb53e7fee6179f845596c8df6dfbb05a34028806b75ebf09fb76591d6475c4","2026-06-07T22:53:00.000","2","DRIVER",,"2214410",,"NISSAN","ALTIMA","IL","2011","UNKNOWN","PASSENGER","PERSONAL","N","STRAIGHT AHEAD",,,"1",,,,,,,,,,,,"Y","Y",,,,,"REAR-LEFT-CORNER",,,,,,,,,,,,,,,,,,,,,,,,,,,,,,,,,
"2321783","4237e31f5a8d8e82461a0eaf6920cd5b8e9c38812dd6310f91695a49d8ed1bc537e37bde0d3b60d6b1d04a96143ff413ea03fc2470334b4353ad1ddf7b060a06","2026-06-07T22:40:00.000","1","DRIVER",,"2214420",,"VOLKSWAGEN","JETTA","IL","2023","NONE","PASSENGER","PERSONAL","N","STRAIGHT AHEAD",,,"1",,,,,,,,,,,,,,"Y","Y",,"Y","FRONT-LEFT-CORNER",,,,,,,,,,,,,,,,,,,,,,,,,,,,,,,,,
"2321784","4237e31f5a8d8e82461a0eaf6920cd5b8e9c38812dd6310f91695a49d8ed1bc537e37bde0d3b60d6b1d04a96143ff413ea03fc2470334b4353ad1ddf7b060a06","2026-06-07T22:40:00.000","2","DRIVER",,"2214427",,"VOLKSWAGEN","OTHER (EXPLAIN IN NARRATIVE)","IL","2025","UNKNOWN","SPORT UTILITY VEHICLE (SUV)","PERSONAL","N","STRAIGHT AHEAD",,,"1",,,,,"Y","Y","Y",,,,,,,,,,"Y","SIDE-RIGHT",,,,,,,,,,,,,,,,,,,,,,,,,,,,,,,,,
"2321776","49b12b08860e26f01c63e4b915bd447d7f796491d7a8195b61590022ba7b0245cadf79a5f6d9945e2cd0f6fd517171bb4481d579c849dc475ef64d9433eafb9b","2026-06-07T22:40:00.000","1","DRIVER",,"2214416",,"TOYOTA","COROLLA","MI","2013","UNKNOWN","PASSENGER","PERSONAL","S","BACKING",,,"1",,,,,,,,,,"Y",,,,,,,,"REAR",,,,,,,,,,,,,,,,,,,,,,,,,,,,,,,,,
"2321777","49b12b08860e26f01c63e4b915bd447d7f796491d7a8195b61590022ba7b0245cadf79a5f6d9945e2cd0f6fd517171bb4481d579c849dc475ef64d9433eafb9b","2026-06-07T22:40:00.000","2","DRIVER",,"2214422",,"TOYOTA","RAV4","IL","2024","NONE","SPORT UTILITY VEHICLE (SUV)","PERSONAL","N","SLOW/STOP IN TRAFFIC",,,"1",,,,,,,,,,,,,,,"Y",,,"FRONT-LEFT-CORNER",,,,,,,,,,,,,,,,,,,,,,,,,,,,,,,,,
"2321754","e6f3c45272e19f3e783dbd54a59660f19a5558fcd968977a51e4ec1af75b9640508cb73117e8466e78f3409c7e6bdfd73366e4a5b3df0556936624e7fabf46b5","2026-06-07T22:40:00.000","1","DRIVER",,"2214399",,"VOLKSWAGEN","PASSAT","WI","2018","UNKNOWN","PASSENGER","OTHER","E","SKIDDING/CONTROL LOSS","Y",,"1",,"UNK",,,"Y","Y","Y",,,,,,,,,"Y",,"FRONT-RIGHT-CORNER",,,,,,,,,,,,,,,,,,,,,,,,,,,,,,,,,
"2321799","cb04ebd8427fbfa05a8ce51d5e503a597d2b986c8b29c1749a648a20cb3eb3a36c9d9c90c4477b3e7a5eba72fa202bfad5f4f32501188326785d2ad3ab38bb2f","2026-06-07T22:30:00.000","1","DRIVER",,"2214437",,"UNKNOWN","OTHER (EXPLAIN IN NARRATIVE)",,,"UNKNOWN","PASSENGER","UNKNOWN/NA","W","PASSING/OVERTAKING",,,"1",,,,,,,,,,,,,,,"N",,,"FRONT-LEFT-CORNER",,,,,,,,,,,,,,,,,,,,,,,,,,,,,,,,,
"2321800","cb04ebd8427fbfa05a8ce51d5e503a597d2b986c8b29c1749a648a20cb3eb3a36c9d9c90c4477b3e7a5eba72fa202bfad5f4f32501188326785d2ad3ab38bb2f","2026-06-07T22:30:00.000","2","DRIVER","3","2214440",,"GENERAL MOTORS CORPORATION (GMC)","SAVANNAH","IL","2004","NONE","VAN/MINI-VAN","PERSONAL","W","STRAIGHT AHEAD",,,"4",,,,,"Y","Y",,,,,,,,,,,,"FRONT-RIGHT-CORNER",,,,,,,,,,,,,,,,,,,,,,,,,,,,,,,,,
"2321737","dbaf14cb53d5e26c960f568e993647d1f2d58d05a2f5fb9f96e45e5e9a1a6c35a80bdb33b561d69bdead3aa2490252fb43b9c60cb091b6eacd3412c38ad530f6","2026-06-07T22:20:00.000","1","DRIVER",,"2214374",,"DODGE","RAM 1500 PU","IL","2025","NONE","PICKUP","PERSONAL","E","UNKNOWN/NA",,,"1",,,,,"Y","Y",,,,,,,,,,,,"SIDE-RIGHT-FRONT",,,,,,,,,,,,,,,,,,,,,,,,,,,,,,,,,
"2321738","dbaf14cb53d5e26c960f568e993647d1f2d58d05a2f5fb9f96e45e5e9a1a6c35a80bdb33b561d69bdead3aa2490252fb43b9c60cb091b6eacd3412c38ad530f6","2026-06-07T22:20:00.000","2","DRIVER",,"2214377",,"JEEP","CHEROKEE","IL","2016","NONE","PASSENGER","PERSONAL","E","STRAIGHT AHEAD",,,"1",,,,,"Y","Y","Y","Y","Y",,"Y","Y","Y","Y","Y",,,"SIDE-LEFT",,,,,,,,,,,,,,,,,,,,,,,,,,,,,,,,,
"2321739","dbaf14cb53d5e26c960f568e993647d1f2d58d05a2f5fb9f96e45e5e9a1a6c35a80bdb33b561d69bdead3aa2490252fb43b9c60cb091b6eacd3412c38ad530f6","2026-06-07T22:20:00.000","3","PARKED",,"2214379",,"TOYOTA","HIGHLANDER","IN",,"NONE","PASSENGER","PERSONAL","E","PARKED",,,"0",,,,,,,,,,,,,,,"Y",,,"FRONT-LEFT-CORNER",,,,,,,,,,,,,,,,,,,,,,,,,,,,,,,,,
"2322399","cf70d4a7f2c00a5fe6d3eb3e7a6f93cb7ac27c1085ec8d3ae67fd569580683e20e32772b63d80def38f241fc413f16f42f91124e2c3b3eb9529d3d889f376146","2026-06-07T22:00:00.000","1","DRIVER",,"2215007",,"UNKNOWN","OTHER (EXPLAIN IN NARRATIVE)",,,"UNKNOWN","UNKNOWN/NA","UNKNOWN/NA","UNKNOWN","UNKNOWN/NA",,,"1",,,,,,,,,,,,,,,,,"Y","UNKNOWN",,,,,,,,,,,,,,,,,,,,,,,,,,,,,,,,,
"2322400","cf70d4a7f2c00a5fe6d3eb3e7a6f93cb7ac27c1085ec8d3ae67fd569580683e20e32772b63d80def38f241fc413f16f42f91124e2c3b3eb9529d3d889f376146","2026-06-07T22:00:00.000","2","PARKED",,"2215010",,"BUICK","ENCLAVE","IL","2017","UNKNOWN","PASSENGER","PERSONAL","E","PARKED",,,"0",,,,,,,,,,,,,,"Y","Y","Y",,"FRONT-LEFT-CORNER",,,,,,,,,,,,,,,,,,,,,,,,,,,,,,,,,
"2322113","0609fee554830286df2324c49eb61b717b85cda69f808b672960b71b1ad829cbd5612b42c0cec5c4c017f43aa775e741eda7a85ea88d12608755bc04b0df0a91","2026-06-07T21:55:00.000","1","DRIVER",,"2214724",,"HONDA","CIVIC","IL","2016","UNKNOWN","PASSENGER","PERSONAL","UNKNOWN","CHANGING LANES",,,"1",,,,,,,,,,,,,"Y","Y","Y",,,"SIDE-LEFT",,,,,,,,,,,,,,,,,,,,,,,,,,,,,,,,,
"2322114","0609fee554830286df2324c49eb61b717b85cda69f808b672960b71b1ad829cbd5612b42c0cec5c4c017f43aa775e741eda7a85ea88d12608755bc04b0df0a91","2026-06-07T21:55:00.000","2","DRIVER",,"2214735",,"TOYOTA","COROLLA","IL","2014","UNKNOWN","PASSENGER","PERSONAL","UNKNOWN","STRAIGHT AHEAD",,,"1",,,,,,"Y","Y","Y",,,,,,,,,,"SIDE-RIGHT",,,,,,,,,,,,,,,,,,,,,,,,,,,,,,,,,
"2321787","96d877255266d732be25390e6bb743a680ed768ef4afffba1e7e95a1a50a7a7d4363c620d7d62deb31bad3de2916254f20fcbb4eaf2546c74de38525d0712490","2026-06-07T21:53:00.000","1","DRIVER","1","2214423",,"JEEP","WRANGLER","IL","2015","NONE","SPORT UTILITY VEHICLE (SUV)","PERSONAL","W","STRAIGHT AHEAD",,,"2",,,,,,,,,,,,,,,"Y",,,"FRONT-LEFT-CORNER",,,,,,,,,,,,,,,,,,,,,,,,,,,,,,,,,
"2321788","96d877255266d732be25390e6bb743a680ed768ef4afffba1e7e95a1a50a7a7d4363c620d7d62deb31bad3de2916254f20fcbb4eaf2546c74de38525d0712490","2026-06-07T21:53:00.000","2","DRIVER","1","2214433",,"CHRYSLER","200","IL","2015","NONE","PASSENGER","PERSONAL","S","STRAIGHT AHEAD",,,"2",,,,,,,,"Y","Y",,,,,,,,,"REAR-RIGHT-CORNER",,,,,,,,,,,,,,,,,,,,,,,,,,,,,,,,,
"2321808","2b50bb5e014a3683ab44ea3082e9ed8f9a0ab959018cab6de40b5c4ff2b4f63c7e59e5a4b6acde5fce2840ab556907593c6b7506baeeacf55f680667f1684221","2026-06-07T21:50:00.000","1","DRIVER",,"2214444",,"UNKNOWN","OTHER (EXPLAIN IN NARRATIVE)",,,"UNKNOWN","UNKNOWN/NA","UNKNOWN/NA","N","STRAIGHT AHEAD",,,"1",,,,,,,,,,,,,,,,,"Y","FRONT",,,,,,,,,,,,,,,,,,,,,,,,,,,,,,,,,
"2321809","2b50bb5e014a3683ab44ea3082e9ed8f9a0ab959018cab6de40b5c4ff2b4f63c7e59e5a4b6acde5fce2840ab556907593c6b7506baeeacf55f680667f1684221","2026-06-07T21:50:00.000","2","DRIVER","1","2214449",,"TOYOTA","COROLLA","IL","2002","NONE","PASSENGER","PERSONAL","N","STRAIGHT AHEAD",,,"2",,,,,,,,,,"Y","Y","Y",,,,,,"REAR",,,,,,,,,,,,,,,,,,,,,,,,,,,,,,,,,
"2321805","9f40e7f78aa143bcae06cc47cfec9cae67ae8590e816213a8a5a9ad378636fe4c925482222c43a60d311da69633ffb4a2bbde2119faf2699e9ceabb37f5fa874","2026-06-07T21:50:00.000","1","DRIVER",,"2214442",,"TOYOTA","RAV4","IL","2018","UNKNOWN","PASSENGER","TAXI/FOR HIRE","E","TURNING RIGHT",,,"1",,,,"Y",,,,,,,,,,,,,,"FRONT-LEFT-CORNER",,,,,,,,,,,,,,,,,,,,,,,,,,,,,,,,,
"2321806","9f40e7f78aa143bcae06cc47cfec9cae67ae8590e816213a8a5a9ad378636fe4c925482222c43a60d311da69633ffb4a2bbde2119faf2699e9ceabb37f5fa874","2026-06-07T21:50:00.000","2","PEDESTRIAN",,,,,,,,,,,,,,,,,,,,,,,,,,,,,,,,,,,,,,,,,,,,,,,,,,,,,,,,,,,,,,,,,,
"2321831","3d6782a1f42244046ab8b181bd9ec37bb1afcd570561cd4cfd64ba55ecc679ffa6e60e589d55a128a5df21d252200e097ab1f8dc859a56e93945443329aef2dc","2026-06-07T21:32:00.000","1","DRIVER",,"2214473",,"VOLKSWAGEN","PASSAT","IL","2015","UNKNOWN","PASSENGER","PERSONAL","N","STRAIGHT AHEAD","Y",,"1",,"CITY OF CHICAGO","103/DOTY",,,,,,,,"Y","Y","Y",,,,"Y","REAR-LEFT-CORNER",,,,,,,,,,,,,,,,,,,,,,,,,,,,,,,,,
"2321832","3d6782a1f42244046ab8b181bd9ec37bb1afcd570561cd4cfd64ba55ecc679ffa6e60e589d55a128a5df21d252200e097ab1f8dc859a56e93945443329aef2dc","2026-06-07T21:32:00.000","2","DRIVER",,"2214474",,"MERCEDES-BENZ","CLS","IL","2015","UNKNOWN","PASSENGER","PERSONAL","E","STRAIGHT AHEAD",,,"1",,,,,,,,,,,,,,"Y","Y","Y","Y","FRONT-LEFT-CORNER",,,,,,,,,,,,,,,,,,,,,,,,,,,,,,,,,
"2321721","aab2d16a6991f6221d68ef5fd79fa11e2e9af34870f97f9953c806d6cf0c1a9c70dd84fe0cac609c7f6afc0589831546295a07b50f61bfad3ddc168e223fa183","2026-06-07T21:32:00.000","1","DRIVER","2","2214362",,"HONDA","ODYSSEY","IL","2024","NONE","VAN/MINI-VAN","PERSONAL","N","STRAIGHT AHEAD",,,"3",,,,"Y",,,,,,,,,,,,,,"FRONT-LEFT-CORNER",,,,,,,,,,,,,,,,,,,,,,,,,,,,,,,,,
"2321722","aab2d16a6991f6221d68ef5fd79fa11e2e9af34870f97f9953c806d6cf0c1a9c70dd84fe0cac609c7f6afc0589831546295a07b50f61bfad3ddc168e223fa183","2026-06-07T21:32:00.000","2","PEDESTRIAN",,,,,,,,,,,,,,,,,,,,,,,,,,,,,,,,,,,,,,,,,,,,,,,,,,,,,,,,,,,,,,,,,,
"2321740","b99eb33de60736061fe83ca4ba584b15a9e7565c2646c5785ab9a9dc8d43f91c63e586b7409c650c59a0b1079d8773f9ed2f39efab81f49e1c170e687d600165","2026-06-07T21:30:00.000","1","DRIVER",,"2214372",,"UNKNOWN","OTHER (EXPLAIN IN NARRATIVE)","IL",,"UNKNOWN","PASSENGER","UNKNOWN/NA","W","STRAIGHT AHEAD",,,"1",,,,,,,,,,,,,"Y","Y","Y",,,"FRONT-LEFT-CORNER",,,,,,,,,,,,,,,,,,,,,,,,,,,,,,,,,
"2321741","b99eb33de60736061fe83ca4ba584b15a9e7565c2646c5785ab9a9dc8d43f91c63e586b7409c650c59a0b1079d8773f9ed2f39efab81f49e1c170e687d600165","2026-06-07T21:30:00.000","2","DRIVER",,"2214376",,"TESLA","MODEL 3","IL","2026","NONE","PASSENGER","PERSONAL","E","STRAIGHT AHEAD",,,"1",,,,,,,,,,,"Y","Y","Y","Y","Y",,,"FRONT-LEFT-CORNER",,,,,,,,,,,,,,,,,,,,,,,,,,,,,,,,,
"2322466","3ce22b1fabec0c94a917a46ac9f66817a7dfb5c5d769e20944a083b3b44c0b0b0f6fd9bf326c7c43a6f3815a9729696002096798289069cd090c1b594017b4ca","2026-06-07T21:20:00.000","1","DRIVER",,"2215074",,"FORD","FUSION","IL","2019","NONE","PASSENGER","PERSONAL","W","PASSING/OVERTAKING",,,"1",,,,,"Y",,,,,,,,,,"Y","Y",,"FRONT",,,,,,,,,,,,,,,,,,,,,,,,,,,,,,,,,
"2322467","3ce22b1fabec0c94a917a46ac9f66817a7dfb5c5d769e20944a083b3b44c0b0b0f6fd9bf326c7c43a6f3815a9729696002096798289069cd090c1b594017b4ca","2026-06-07T21:20:00.000","2","PARKED",,"2215067",,"CHRYSLER","300","IL","2007","NONE","PASSENGER","PERSONAL","W","PARKED",,,"0",,,,,,,,,,,,,"Y","Y","Y",,,"FRONT-LEFT-CORNER",,,,,,,,,,,,,,,,,,,,,,,,,,,,,,,,,
"2321747","055647aa336c1d27234b3932897a09e0984fcac7ff28019f4d4d9b730438d5cf3be29e4c2046b1c3e635fed5ae2a9a70795484e58c6f7ec32beecf88776e4b2f","2026-06-07T21:10:00.000","1","DRIVER",,"2214388",,"UNKNOWN","OTHER (EXPLAIN IN NARRATIVE)",,,"UNKNOWN","UNKNOWN/NA","UNKNOWN/NA","UNKNOWN","UNKNOWN/NA",,,"1",,,,,,,,,,,,,,,,,"Y","UNKNOWN",,,,,,,,,,,,,,,,,,,,,,,,,,,,,,,,,
"2321748","055647aa336c1d27234b3932897a09e0984fcac7ff28019f4d4d9b730438d5cf3be29e4c2046b1c3e635fed5ae2a9a70795484e58c6f7ec32beecf88776e4b2f","2026-06-07T21:10:00.000","2","PARKED",,"2214390",,"NISSAN","ALTIMA","IL","2017","UNKNOWN","PASSENGER","NOT IN USE","E","PARKED","N",,"0",,,,,,,,,,,"Y","Y","N","N","N",,"Y","REAR-LEFT-CORNER",,,,,,,,,,,,,,,,,,,,,,,,,,,,,,,,,
"2322369","c2f245fcd1f8a9f13290c045efa26d73f6de59e838feda46ae65db1311320a31394bfe80a41aadd4942ee17e3d39c40d41f9932e2e231586d7c148c9ae22389c","2026-06-07T21:10:00.000","1","DRIVER",,"2214989",,"LINCOLN","TOWNCAR","IL","2007","NONE","PASSENGER","PERSONAL","E","ENTER FROM DRIVE/ALLEY","Y",,"1",,"kustom towing","unk",,"Y","Y","Y","Y","N",,,,,,,,,"SIDE-RIGHT",,,,,,,,,,,,,,,,,,,,,,,,,,,,,,,,,
"2322370","c2f245fcd1f8a9f13290c045efa26d73f6de59e838feda46ae65db1311320a31394bfe80a41aadd4942ee17e3d39c40d41f9932e2e231586d7c148c9ae22389c","2026-06-07T21:10:00.000","2","DRIVER",,"2214982",,"HONDA","CIVIC","IL","2016","NONE","PASSENGER","PERSONAL","N","STRAIGHT AHEAD",,,"1",,,,,,,,,,,,,,,,"Y",,"FRONT",,,,,,,,,,,,,,,,,,,,,,,,,,,,,,,,,
"2321730","aedf55d87aa95af93cb5482efba68b9f2137b5af74fc1a5dc41a321330383183d1c3719c8af69b517da89ce938895b393dd150e583dafccb63f5d4a3d833ae94","2026-06-07T21:07:00.000","1","DRIVER",,"2214365",,"MERCEDES-BENZ","C-CLASS","IL","2023","NONE","PASSENGER","PERSONAL","SE","STRAIGHT AHEAD",,,"1",,,,,"Y",,,,,,,,,,"Y","Y",,"FRONT",,,,,,,,,,,,,,,,,,,,,,,,,,,,,,,,,
"2321731","aedf55d87aa95af93cb5482efba68b9f2137b5af74fc1a5dc41a321330383183d1c3719c8af69b517da89ce938895b393dd150e583dafccb63f5d4a3d833ae94","2026-06-07T21:07:00.000","2","DRIVER",,"2214369",,"HYUNDAI","ELANTRA","IL","2012","NONE","PASSENGER","PERSONAL","SE","SLOW/STOP IN TRAFFIC",,,"1",,,,,"Y",,,,"Y","Y","Y",,,,"Y","Y",,"REAR",,,,,,,,,,,,,,,,,,,,,,,,,,,,,,,,,
"2321732","aedf55d87aa95af93cb5482efba68b9f2137b5af74fc1a5dc41a321330383183d1c3719c8af69b517da89ce938895b393dd150e583dafccb63f5d4a3d833ae94","2026-06-07T21:07:00.000","3","DRIVER",,"2214371",,"SUBARU","CROSSTREK","OH","2023","NONE","SPORT UTILITY VEHICLE (SUV)","PERSONAL","SE","SLOW/STOP IN TRAFFIC",,,"1",,,,,,,,,"Y","Y","Y",,,,,,,"REAR",,,,,,,,,,,,,,,,,,,,,,,,,,,,,,,,,
"2321702","63748b343c7ebbfd67d1fe579ae37357a1bed37e02077db6c961b30fb954913dbcbe6c89b7eadbc163654a350aed3946778f0ee070914173476aeca0cae4985e","2026-06-07T21:02:00.000","1","DRIVER",,"2214349",,"CHEVROLET","IMPALA","IL","2015","STEERING","PASSENGER","PERSONAL","W","STRAIGHT AHEAD","Y",,"1",,"FAMILY PRIVATE TOW","5128 TOMCIN TRL OAK LAWN IL",,"Y",,,,,,,,,,"Y","Y",,"FRONT",,,,,,,,,,,,,,,,,,,,,,,,,,,,,,,,,
"2321703","63748b343c7ebbfd67d1fe579ae37357a1bed37e02077db6c961b30fb954913dbcbe6c89b7eadbc163654a350aed3946778f0ee070914173476aeca0cae4985e","2026-06-07T21:02:00.000","2","PARKED",,"2214353",,"ACURA","ADX","IL","2020","NONE","PASSENGER","PERSONAL","W","PARKED",,,"0",,,,,,,,,"Y","Y","Y",,,,,,,"REAR-RIGHT-CORNER",,,,,,,,,,,,,,,,,,,,,,,,,,,,,,,,,
"2321735","96671206474e0fa0114426c6e87ee2cdd8445ad09caaea383a79ce3b38e25d34fbb6941112439b0940133008c6678bcc461adb6b47a201f370b97fda2a387778","2026-06-07T21:00:00.000","2","DRIVER",,"2214381",,"BUICK","LESABRE","IL","2016","UNKNOWN","PASSENGER","UNKNOWN/NA","E","STRAIGHT AHEAD",,,"1",,,,,"N",,,,,,,,,,"Y",,,"FRONT-LEFT-CORNER",,,,,,,,,,,,,,,,,,,,,,,,,,,,,,,,,
"2321736","96671206474e0fa0114426c6e87ee2cdd8445ad09caaea383a79ce3b38e25d34fbb6941112439b0940133008c6678bcc461adb6b47a201f370b97fda2a387778","2026-06-07T21:00:00.000","1","DRIVER","2","2214370",,"MITSUBISHI","ECLIPSE","IL","2020","NONE","SPORT UTILITY VEHICLE (SUV)","PERSONAL","E","OTHER",,,"3",,,,,"Y",,,,,,,,,,,,,"FRONT-RIGHT-CORNER",,,,,,,,,,,,,,,,,,,,,,,,,,,,,,,,,
"2321714","4403ea55676f87348979f15e81c3004cc29e04c1b0293dc7bd4dd4c6fadf5807d46c16aa2fe5374ddbea5bac5549a5a85ef51b9fc03b170b130dbdd436ad4065","2026-06-07T20:54:00.000","1","DRIVER",,"2214357",,"DODGE","DURANGO","IL","2014","UNKNOWN","SPORT UTILITY VEHICLE (SUV)","UNKNOWN/NA","S","STRAIGHT AHEAD","Y",,"1",,"UNKNOWN TOW",,,"Y","Y","Y","Y",,,,,,,,"Y",,"FRONT-RIGHT-CORNER",,,,,,,,,,,,,,,,,,,,,,,,,,,,,,,,,
"2321715","4403ea55676f87348979f15e81c3004cc29e04c1b0293dc7bd4dd4c6fadf5807d46c16aa2fe5374ddbea5bac5549a5a85ef51b9fc03b170b130dbdd436ad4065","2026-06-07T20:54:00.000","2","PARKED",,"2214358",,"HONDA","CIVIC","IL","2017","NONE","PASSENGER","NOT IN USE","S","PARKED",,,"0",,,,,,,,,"Y","Y","Y","Y","Y","Y",,,,"REAR",,,,,,,,,,,,,,,,,,,,,,,,,,,,,,,,,
"2321716","4403ea55676f87348979f15e81c3004cc29e04c1b0293dc7bd4dd4c6fadf5807d46c16aa2fe5374ddbea5bac5549a5a85ef51b9fc03b170b130dbdd436ad4065","2026-06-07T20:54:00.000","3","PARKED",,"2214360",,"CADILLAC","OTHER (EXPLAIN IN NARRATIVE)","IL","2009","NONE","SPORT UTILITY VEHICLE (SUV)","NOT IN USE","S","PARKED",,,"0",,,,,,,,,,"Y","Y","Y","Y",,,,,"REAR-LEFT-CORNER",,,,,,,,,,,,,,,,,,,,,,,,,,,,,,,,,
"2321692","e10d50cf53af8aa7efad4ec034d38d03c86313ab0d562b630fcefa4f48a823b111507a091050d96a4c82b3ed0ed3f459db62707c90ef7111d84ca934daf028e6","2026-06-07T20:51:00.000","1","DRIVER",,"2214337",,"UNKNOWN","OTHER (EXPLAIN IN NARRATIVE)",,,"UNKNOWN","PASSENGER","UNKNOWN/NA","E","UNKNOWN/NA",,,"1",,,,,,,,,,,,,,,,,"Y","SIDE-RIGHT",,,,,,,,,,,,,,,,,,,,,,,,,,,,,,,,,
"2321693","e10d50cf53af8aa7efad4ec034d38d03c86313ab0d562b630fcefa4f48a823b111507a091050d96a4c82b3ed0ed3f459db62707c90ef7111d84ca934daf028e6","2026-06-07T20:51:00.000","2","DRIVER",,"2214341","N","NOVA BUS","OTHER (EXPLAIN IN NARRATIVE)","IL","2024","NONE","BUS UP TO 15 PASS.","CTA","E","SLOW/STOP IN TRAFFIC",,,"1",,,,,,,,,,,,,"Y",,,,,"SIDE-LEFT",,,,,,,,,,,,,,,,,,,,,,,,,,,,,,,,,
"2321728","547f3bd28744f43241cfee02698c1b6b2475a67b958b51df571ed54f72688c848ae213fa0670890bae818ea0abeee61fb497dd0f52a9f52e83905144baee19e3","2026-06-07T20:50:00.000","1","DRIVER","1","2214366",,"MAZDA","CX-5","IL","2026","NONE","PASSENGER","PERSONAL","E","STRAIGHT AHEAD","Y",,"2",,"ER TOWING","10301 S. DOTY AVE",,"Y","Y",,,,,,,,"Y","Y","Y",,"FRONT-RIGHT-CORNER",,,,,,,,,,,,,,,,,,,,,,,,,,,,,,,,,
"2321729","547f3bd28744f43241cfee02698c1b6b2475a67b958b51df571ed54f72688c848ae213fa0670890bae818ea0abeee61fb497dd0f52a9f52e83905144baee19e3","2026-06-07T20:50:00.000","2","DRIVER","1","2214378",,"FORD","EXPLORER","IL","2021","NONE","PASSENGER","POLICE","E","STRAIGHT AHEAD",,,"2",,,,,,,,,,,,,"Y","Y","Y",,,"SIDE-LEFT",,,,,,,,,,,,,,,,,,,,,,,,,,,,,,,,,
"2321744","547f3bd28744f43241cfee02698c1b6b2475a67b958b51df571ed54f72688c848ae213fa0670890bae818ea0abeee61fb497dd0f52a9f52e83905144baee19e3","2026-06-07T20:50:00.000","3","DRIVER",,"2214382",,"JEEP","GRAND CHEROKEE",,,"UNKNOWN","PASSENGER","UNKNOWN/NA","W","STRAIGHT AHEAD",,,"1",,,,,,,,,,,,"Y","Y","Y",,,,"SIDE-LEFT",,,,,,,,,,,,,,,,,,,,,,,,,,,,,,,,,
"2321704","bcb968563b1b54ca3372600e23f0785dfa6915c804406262c85912e0b680770d092f28ebf485c8c842acb573994ded71d3cf121cfc74ef522c618d3102c7fbbe","2026-06-07T20:46:00.000","1","DRIVER",,"2214350",,"PONTIAC","VIBE","IL","2003","UNKNOWN","PASSENGER","PERSONAL","E","STRAIGHT AHEAD",,,"1",,,,,"Y",,,,,,,,,,"Y","Y",,"FRONT",,,,,,,,,,,,,,,,,,,,,,,,,,,,,,,,,
"2321705","bcb968563b1b54ca3372600e23f0785dfa6915c804406262c85912e0b680770d092f28ebf485c8c842acb573994ded71d3cf121cfc74ef522c618d3102c7fbbe","2026-06-07T20:46:00.000","2","PARKED",,"2214352",,"CHEVROLET","S10","IL","2000","UNKNOWN","PICKUP","PERSONAL","E","PARKED",,,"0",,,,,"Y",,,,"Y","Y","Y",,,,"Y","Y",,"REAR",,,,,,,,,,,,,,,,,,,,,,,,,,,,,,,,,
"2321706","bcb968563b1b54ca3372600e23f0785dfa6915c804406262c85912e0b680770d092f28ebf485c8c842acb573994ded71d3cf121cfc74ef522c618d3102c7fbbe","2026-06-07T20:46:00.000","3","PARKED",,"2214355",,"SUBARU","IMPREZA","IL","2023","UNKNOWN","UNKNOWN/NA","UNKNOWN/NA","E","PARKED",,,"0",,,,,,,,,"Y","Y","Y",,,,,,,"REAR",,,,,,,,,,,,,,,,,,,,,,,,,,,,,,,,,
"2321726","547e8ca196ece3df418e7b2f56d983a528e4744e38df64a04163815e07f7c52a371dcea0f3a88db8d77d58a089e81897214550ad1d96e843685b5bf7724cb611","2026-06-07T20:45:00.000","1","DRIVER",,"2214373",,"VOLKSWAGEN","OTHER (EXPLAIN IN NARRATIVE)","IL","2019","UNKNOWN","PASSENGER","PERSONAL","E","STRAIGHT AHEAD",,,"1",,,,,"Y","Y",,,,,,,,,,,,"FRONT-RIGHT-CORNER",,,,,,,,,,,,,,,,,,,,,,,,,,,,,,,,,
"2321727","547e8ca196ece3df418e7b2f56d983a528e4744e38df64a04163815e07f7c52a371dcea0f3a88db8d77d58a089e81897214550ad1d96e843685b5bf7724cb611","2026-06-07T20:45:00.000","2","DRIVER","3","2214364",,"JEEP","GRAND CHEROKEE","IL","2018","NONE","PASSENGER","PERSONAL","E","STRAIGHT AHEAD",,,"4",,,,,,,,,,"Y","Y","Y",,,,,,"REAR-LEFT-CORNER",,,,,,,,,,,,,,,,,,,,,,,,,,,,,,,,,
"2321752","f821c5586168779ec0cb807171a461dc32e031a1e1258d71eb93ed4105d7b9746240736a85ca43820e7aa0de449a4cc083acf27d56ac43da7342ae66cad07632","2026-06-07T20:45:00.000","1","DRIVER",,"2214395",,"FORD","FOCUS","IL","2011","UNKNOWN","PASSENGER","PERSONAL","W","STRAIGHT AHEAD",,,"1",,,,,,,,,,,,,,"Y","Y","Y",,"FRONT-LEFT-CORNER",,,,,,,,,,,,,,,,,,,,,,,,,,,,,,,,,
"2321723","97e8038d4a63776d27875ed8c31de5347296d48f66f8011b907a7c211f40de2149e967a6ee52dc90ae27c0f4a9777bddcf12d1d97c00cc9fa7f3b50602770c67","2026-06-07T20:40:00.000","1","DRIVER","5","2214367",,"KIA","TELLURIDE","IL","2026","NONE","PASSENGER","PERSONAL","NW","TURNING RIGHT",,,"6",,,,,"Y",,,,"Y",,,,,,,,,"REAR-RIGHT-CORNER",,,,,,,,,,,,,,,,,,,,,,,,,,,,,,,,,
"2321724","97e8038d4a63776d27875ed8c31de5347296d48f66f8011b907a7c211f40de2149e967a6ee52dc90ae27c0f4a9777bddcf12d1d97c00cc9fa7f3b50602770c67","2026-06-07T20:40:00.000","2","DRIVER","1","2214380",,"NISSAN","ALTIMA","IL","2012","NONE","PASSENGER","PERSONAL","N","STRAIGHT AHEAD","Y",,"2",,"PRIVATE TOW","7654 S WABASH",,"Y","Y",,,,,,,,"Y","Y",,,"FRONT-LEFT-CORNER",,,,,,,,,,,,,,,,,,,,,,,,,,,,,,,,,
"2321725","97e8038d4a63776d27875ed8c31de5347296d48f66f8011b907a7c211f40de2149e967a6ee52dc90ae27c0f4a9777bddcf12d1d97c00cc9fa7f3b50602770c67","2026-06-07T20:40:00.000","3","PARKED",,"2214384",,"BMW","535 SERIES","IL","2013","NONE","PASSENGER","PERSONAL","N","PARKED",,,"0",,,,,,,,,,,"Y","Y","Y","Y","Y",,,"REAR-LEFT-CORNER",,,,,,,,,,,,,,,,,,,,,,,,,,,,,,,,,
"2322301","04dd7af75308be863e1d02e4da0eb8a596ef1498cd64e0fbf231858cd57e5fc99e9514317b23c4a99d3239abde12949f6fcc62cf4d3983545fb989b925a2f513","2026-06-07T20:34:00.000","1","DRIVER",,"2214902",,"VOLVO","OTHER (EXPLAIN IN NARRATIVE)","IL",,"UNKNOWN","SPORT UTILITY VEHICLE (SUV)","UNKNOWN/NA","W","STRAIGHT AHEAD",,,"1",,,,,,,,,,,,,,,,,"Y","FRONT",,,,,,,,,,,,,,,,,,,,,,,,,,,,,,,,,
"2322302","04dd7af75308be863e1d02e4da0eb8a596ef1498cd64e0fbf231858cd57e5fc99e9514317b23c4a99d3239abde12949f6fcc62cf4d3983545fb989b925a2f513","2026-06-07T20:34:00.000","2","DRIVER","1","2214911",,"HYUNDAI","ELANTRA","IL","2017","UNKNOWN","PASSENGER","UNKNOWN/NA","W","STRAIGHT AHEAD",,,"2",,,,,,,,,,"Y",,,,,,,,"REAR",,,,,,,,,,,,,,,,,,,,,,,,,,,,,,,,,
"2321778","6cee8a529b521b8c354478d01b99df2466569db478ea20864121d175ce2932ac469864aa19c067b24ec7c5d40cf3f3421dccb5701151acb2ba304e16ebb22c96","2026-06-07T20:34:00.000","1","DRIVER",,"2214415",,"MAZDA","CX-5","IL","2019","NONE","PASSENGER","PERSONAL","W","TURNING LEFT",,,"1",,,,,"Y",,,,,,,,"Y","Y","Y","Y",,"UNKNOWN",,,,,,,,,,,,,,,,,,,,,,,,,,,,,,,,,
"2321700","503c0c6aef5f8d9300ae5f00327d8fc4b92ac46dd7fbc172f3e3870a9794d14bc4f7a35c7d90729b086d2ede57e78c35868097a9702184a9e9898a0154cc753f","2026-06-07T20:24:00.000","1","DRIVER",,"2214346",,"GENERAL MOTORS CORPORATION (GMC)","TERRAIN","IL","2015","UNKNOWN","SPORT UTILITY VEHICLE (SUV)","PERSONAL","N","STRAIGHT AHEAD",,,"1",,,,,"Y",,,,,,,,,,"Y","Y",,"FRONT",,,,,,,,,,,,,,,,,,,,,,,,,,,,,,,,,
"2321701","503c0c6aef5f8d9300ae5f00327d8fc4b92ac46dd7fbc172f3e3870a9794d14bc4f7a35c7d90729b086d2ede57e78c35868097a9702184a9e9898a0154cc753f","2026-06-07T20:24:00.000","2","DRIVER",,"2214348",,"TOYOTA","COROLLA","IL","2014","UNKNOWN","PASSENGER","PERSONAL","N","SLOW/STOP IN TRAFFIC",,,"1",,,,,,,,,"Y","Y","Y",,,,,,,"REAR",,,,,,,,,,,,,,,,,,,,,,,,,,,,,,,,,
"2321717","e4810ffd62789254116d257d470480a6a2ee1db973a61424af8e3bee2a004e71ebb1f8f05f9c3bae3f652a2df1fa31b94d61caa49d4380ae17e86d3f0d88c841","2026-06-07T20:20:00.000","1","DRIVER",,"2214359",,"UNKNOWN","OTHER (EXPLAIN IN NARRATIVE)","IL",,"UNKNOWN","PASSENGER","UNKNOWN/NA","N","STRAIGHT AHEAD",,,"1",,,,,,,,,,,,,,,,,"Y","UNKNOWN",,,,,,,,,,,,,,,,,,,,,,,,,,,,,,,,,
"2321718","e4810ffd62789254116d257d470480a6a2ee1db973a61424af8e3bee2a004e71ebb1f8f05f9c3bae3f652a2df1fa31b94d61caa49d4380ae17e86d3f0d88c841","2026-06-07T20:20:00.000","2","DRIVER",,"2214363",,"TOYOTA","CAMRY","IL","2021","UNKNOWN","PASSENGER","PERSONAL","S","STRAIGHT AHEAD",,,"1",,,,,,,,,,,,,,,"Y","Y",,"FRONT",,,,,,,,,,,,,,,,,,,,,,,,,,,,,,,,,
"2321709","48523b05f43bf2379317cb2d1870676a4abec694ccdd01d7c13725c8b9c6cdd7187625f525913b54cfdb6365b4c687bd05f703b1a91dcc5ba32bceac74bc0530","2026-06-07T20:13:00.000","1","DRIVER","1","2214386",,"TOYOTA","CAMRY","IL","2004","UNKNOWN","PASSENGER","PERSONAL","W","TURNING LEFT","Y",,"2",,"UNKNOWN","UNKNOWN",,"Y","Y",,,,,"Y",,,,"Y","Y",,"FRONT",,,,,,,,,,,,,,,,,,,,,,,,,,,,,,,,,
"2321710","48523b05f43bf2379317cb2d1870676a4abec694ccdd01d7c13725c8b9c6cdd7187625f525913b54cfdb6365b4c687bd05f703b1a91dcc5ba32bceac74bc0530","2026-06-07T20:13:00.000","2","DRIVER","2","2214354",,"DODGE","CHALLENGER","IL","2022","UNKNOWN","PASSENGER","PERSONAL","E","STRAIGHT AHEAD","Y",,"3",,"UNKNOWN","UNKNOWN",,"Y",,,,,,,,,"Y","Y","Y",,"FRONT",,,,,,,,,,,,,,,,,,,,,,,,,,,,,,,,,
"2321711","48523b05f43bf2379317cb2d1870676a4abec694ccdd01d7c13725c8b9c6cdd7187625f525913b54cfdb6365b4c687bd05f703b1a91dcc5ba32bceac74bc0530","2026-06-07T20:13:00.000","3","DRIVER","1","2214361",,"TOYOTA","CAMRY","WI","2015","NONE","PASSENGER","PERSONAL","N","SLOW/STOP IN TRAFFIC","N",,"2",,,,,,,,,,,,,,"Y","Y","Y",,"FRONT-LEFT-CORNER",,,,,,,,,,,,,,,,,,,,,,,,,,,,,,,,,
"2321712","48523b05f43bf2379317cb2d1870676a4abec694ccdd01d7c13725c8b9c6cdd7187625f525913b54cfdb6365b4c687bd05f703b1a91dcc5ba32bceac74bc0530","2026-06-07T20:13:00.000","4","DRIVER",,"2214368",,"TOYOTA","CAMRY","IL","2009","UNKNOWN","PASSENGER","PERSONAL","N","SLOW/STOP IN TRAFFIC","Y",,"1",,"UNKNOWN","UNKNOWN",,,,,,,,,,,"Y","Y","Y",,"FRONT-LEFT-CORNER",,,,,,,,,,,,,,,,,,,,,,,,,,,,,,,,,
"2321713","48523b05f43bf2379317cb2d1870676a4abec694ccdd01d7c13725c8b9c6cdd7187625f525913b54cfdb6365b4c687bd05f703b1a91dcc5ba32bceac74bc0530","2026-06-07T20:13:00.000","5","DRIVER","1","2214375",,"TOYOTA","CAMRY","FL","2021","UNKNOWN","PASSENGER","RIDESHARE SERVICE","N","SLOW/STOP IN TRAFFIC","Y",,"2",,"UNKNOWN","UNKNOWN",,"Y","Y",,,,,,,,,,"Y",,"FRONT-RIGHT-CORNER",,,,,,,,,,,,,,,,,,,,,,,,,,,,,,,,,
"2321686","b6a5e72104dab10c345064ba13436ad3550f1ec3317f6589affa1b7e434558889db9e448ddf647523949cd5274e4d1857fc03ddc14e60784d5f20d1ed78d83c5","2026-06-07T20:00:00.000","1","DRIVER",,"2214327",,"DODGE","RAM 2500 PU","IL","2020","NONE","PICKUP","PERSONAL","N","STRAIGHT AHEAD",,,"1",,,,,"Y","Y",,,,,,,,,,,,"SIDE-RIGHT",,,,,,,,,,,,,,,,,,,,,,,,,,,,,,,,,
"2321687","b6a5e72104dab10c345064ba13436ad3550f1ec3317f6589affa1b7e434558889db9e448ddf647523949cd5274e4d1857fc03ddc14e60784d5f20d1ed78d83c5","2026-06-07T20:00:00.000","2","PARKED","1","2214330",,"LINCOLN","NAVIGATOR","IL","2015","NONE","SPORT UTILITY VEHICLE (SUV)","NOT IN USE","N","PARKED",,,"1",,,,,,,,,,,,,,"Y","Y",,,"FRONT-LEFT-CORNER",,,,,,,,,,,,,,,,,,,,,,,,,,,,,,,,,
"2321699","cb7f32fd238945bebfa05d07381f31ea28c86c11136f628fc238d81bca492a33c8a34848c7405e7ea5a853fba3d7b3582a94420aab9d85ff27f96862fcb0fc05","2026-06-07T20:00:00.000","1","DRIVER",,"2214347",,"CHEVROLET","CRUZE",,"2013","UNKNOWN","PASSENGER","PERSONAL","W","UNKNOWN/NA","Y",,"1",,"streets & sanitation",,,,,,,,,,,,"Y","Y","Y",,"FRONT-LEFT-CORNER",,,,,,,,,,,,,,,,,,,,,,,,,,,,,,,,,
"2321676","d971ac3fc577194a6d448f6eb1bf7975c4855e233c1040bb2807c28298c921aa2c81792a63492fd4659fa93a7b94987ac3a339c9ad9eca51518d38acf9ce852d","2026-06-07T20:00:00.000","1","DRIVER",,"2214322",,"HONDA","CIVIC","IL","2017","NONE","PASSENGER","PERSONAL","SE","TURNING RIGHT","Y",,"1",,"OWNER","UNKNOWN",,"Y",,,,,,,,,,"Y","Y",,"FRONT-LEFT-CORNER",,,,,,,,,,,,,,,,,,,,,,,,,,,,,,,,,
"2321677","d971ac3fc577194a6d448f6eb1bf7975c4855e233c1040bb2807c28298c921aa2c81792a63492fd4659fa93a7b94987ac3a339c9ad9eca51518d38acf9ce852d","2026-06-07T20:00:00.000","2","DRIVER",,"2214323",,"FORD","MUSTANG","IL","2023","NONE","SPORT UTILITY VEHICLE (SUV)","PERSONAL","S","STRAIGHT AHEAD","Y",,"1",,"OWNER","UNKNOWN",,,,"Y","Y","Y",,,,,,,,,"REAR-RIGHT-CORNER",,,,,,,,,,,,,,,,,,,,,,,,,,,,,,,,,
"2321755","645f1a1c483b0fe64b1e8ac4c9c7f89e61adcae6c3cc177eef22567d96bb761dac8981a84f7ef57645725803db4cc74e167f372f4a390adf4756e7f6d301c172","2026-06-07T19:58:00.000","1","DRIVER",,"2214401",,"CHEVROLET","TRAIL BLAZER","IL","2026","NONE","SPORT UTILITY VEHICLE (SUV)","PERSONAL","S","STRAIGHT AHEAD","Y",,"1",,"CITY OF CHICAGO H-6062","AUTO POUND #2",,"Y","Y","Y",,,,,"Y","Y","Y","Y","Y","Y","FRONT-RIGHT-CORNER",,,,,,,,,,,,,,,,,,,,,,,,,,,,,,,,,
"2321756","645f1a1c483b0fe64b1e8ac4c9c7f89e61adcae6c3cc177eef22567d96bb761dac8981a84f7ef57645725803db4cc74e167f372f4a390adf4756e7f6d301c172","2026-06-07T19:58:00.000","2","PARKED",,"2214406",,"DODGE","CARAVAN","IL","2017","UNKNOWN","VAN/MINI-VAN","NOT IN USE","S","PARKED",,,"0",,,,,,,,,,,"Y","Y","Y","Y","Y",,,"SIDE-LEFT-REAR",,,,,,,,,,,,,,,,,,,,,,,,,,,,,,,,,
"2321757","645f1a1c483b0fe64b1e8ac4c9c7f89e61adcae6c3cc177eef22567d96bb761dac8981a84f7ef57645725803db4cc74e167f372f4a390adf4756e7f6d301c172","2026-06-07T19:58:00.000","3","PARKED",,"2214409",,"HONDA","ODYSSEY","IL","2006","NONE","VAN/MINI-VAN","NOT IN USE","S","PARKED",,,"0",,,,,,,,,,"Y","Y","Y","Y",,,,,"REAR-LEFT-CORNER",,,,,,,,,,,,,,,,,,,,,,,,,,,,,,,,,
"2321758","645f1a1c483b0fe64b1e8ac4c9c7f89e61adcae6c3cc177eef22567d96bb761dac8981a84f7ef57645725803db4cc74e167f372f4a390adf4756e7f6d301c172","2026-06-07T19:58:00.000","4","PARKED",,"2214412",,"NISSAN","ROGUE","IL","2019","NONE","SPORT UTILITY VEHICLE (SUV)","NOT IN USE","N","PARKED",,,"0",,,,,,,,,,,,"Y","Y","Y","Y","Y",,"FRONT-LEFT-CORNER",,,,,,,,,,,,,,,,,,,,,,,,,,,,,,,,,
"2321678","ed0ff2bd85b8a31a861d533a1b197dc739245bb03a7878cbdc93357b510d8b212058d13d60f7a0f968dcef6ffffa6d84ce209adab8ca87914c4ab61d9a0512a5","2026-06-07T19:42:00.000","1","DRIVER",,"2214325",,"HONDA","PILOT","IL","2026","UNKNOWN","PASSENGER","UNKNOWN/NA","S","STRAIGHT AHEAD",,,"1",,,,,"Y","Y",,,,,,,,,,,,"FRONT-RIGHT-CORNER",,,,,,,,,,,,,,,,,,,,,,,,,,,,,,,,,
"2321679","ed0ff2bd85b8a31a861d533a1b197dc739245bb03a7878cbdc93357b510d8b212058d13d60f7a0f968dcef6ffffa6d84ce209adab8ca87914c4ab61d9a0512a5","2026-06-07T19:42:00.000","2","DRIVER",,"2214329",,"NEW FLYER","OTHER (EXPLAIN IN NARRATIVE)","IL","2012","UNKNOWN","BUS OVER 15 PASS.","CTA","S","STRAIGHT AHEAD",,,"1",,,,"Y",,,,,,,,,,,,,,"REAR-LEFT-CORNER",,,,,,,,,,,,,,,,,,,,,,,,,,,,,,,,,
"2322164","eb6717a20a668f06881601fa27d2f7ae48974feb51847d7d72980ade9ea588525972c325b28ccb267c674d27f56fd2d53b9c1ba7920b62c440efe8ac28dde0d3","2026-06-07T19:30:00.000","1","DRIVER",,"2214773",,"CHEVROLET","MALIBU","IL","2017","UNKNOWN","PASSENGER","UNKNOWN/NA","UNKNOWN","PASSING/OVERTAKING",,,"1",,,,,"Y","Y","Y","Y","Y",,,,,,,,,"SIDE-RIGHT",,,,,,,,,,,,,,,,,,,,,,,,,,,,,,,,,
"2322165","eb6717a20a668f06881601fa27d2f7ae48974feb51847d7d72980ade9ea588525972c325b28ccb267c674d27f56fd2d53b9c1ba7920b62c440efe8ac28dde0d3","2026-06-07T19:30:00.000","2","DRIVER",,"2214789",,"JEEP","COMPASS","OH","2024","UNKNOWN","SPORT UTILITY VEHICLE (SUV)","PERSONAL","UNKNOWN","STRAIGHT AHEAD",,,"1",,,,,,,,,,,"Y","Y","Y","Y","Y",,,"SIDE-LEFT",,,,,,,,,,,,,,,,,,,,,,,,,,,,,,,,,
"2321657","da3087e63c346768da833b60c4102262e2aa6676d733387ba86042fadd8a1537e659dab45e47b8332e4a1dffbf06e268830043f3e85ed7c4f16c6ab6fdbcf424","2026-06-07T19:14:00.000","1","DRIVER",,"2214308",,"INFINITI","Q50","IL","2015","NONE","PASSENGER","PERSONAL","W","STRAIGHT AHEAD",,,"1",,,,,,,,,,,,,,,,,,"UNKNOWN",,,,,,,,,,,,,,,,,,,,,,,,,,,,,,,,,
"2321658","da3087e63c346768da833b60c4102262e2aa6676d733387ba86042fadd8a1537e659dab45e47b8332e4a1dffbf06e268830043f3e85ed7c4f16c6ab6fdbcf424","2026-06-07T19:14:00.000","2","DRIVER","3","2214302",,"CHEVROLET","TRAX","IL","2026","NONE","SPORT UTILITY VEHICLE (SUV)","PERSONAL","W","STRAIGHT AHEAD",,,"4",,,,,,,,,"Y","Y","Y",,,,,,,"REAR",,,,,,,,,,,,,,,,,,,,,,,,,,,,,,,,,
"2321667","95e5a70ac51eba5a288434af5bb707f8617b52eeecdea334c2f30d7c58dce3d57f2d836ec262c2be57bceba649a7d2ce43c4d5fb20fb9d46567c11c2ac10321f","2026-06-07T19:08:00.000","1","DRIVER",,"2214313",,"NISSAN","ROGUE",,"2010","NONE","PASSENGER","PERSONAL","N","STRAIGHT AHEAD",,,"1",,,,,,,,,,,,,,,,"Y",,"FRONT",,,,,,,,,,,,,,,,,,,,,,,,,,,,,,,,,
"2321668","95e5a70ac51eba5a288434af5bb707f8617b52eeecdea334c2f30d7c58dce3d57f2d836ec262c2be57bceba649a7d2ce43c4d5fb20fb9d46567c11c2ac10321f","2026-06-07T19:08:00.000","2","DRIVER",,"2214316",,"TOYOTA","RAV4","IL","2022","NONE","PASSENGER","PERSONAL","E","STRAIGHT AHEAD",,,"1",,,,,"Y",,,,,,,,,,,,,"FRONT-RIGHT-CORNER",,,,,,,,,,,,,,,,,,,,,,,,,,,,,,,,,
"2321673","ba50dabb8c273b90c57d76914a45c60d0d7ad1efdcbc8b30e345d4871e4113e62ab2becbcded368e0df011cd8327a63596f8da258916bc98b33a4932beb5e65f","2026-06-07T19:02:00.000","1","DRIVER",,"2214319",,"HUMMER","H3","IN","2007","NONE","SPORT UTILITY VEHICLE (SUV)","PERSONAL","W","STRAIGHT AHEAD",,,"1",,,,"Y",,,,,,,,,,,,,,"FRONT",,,,,,,,,,,,,,,,,,,,,,,,,,,,,,,,,
"2321674","ba50dabb8c273b90c57d76914a45c60d0d7ad1efdcbc8b30e345d4871e4113e62ab2becbcded368e0df011cd8327a63596f8da258916bc98b33a4932beb5e65f","2026-06-07T19:02:00.000","2","DRIVER",,"2214320",,"FORD","OTHER (EXPLAIN IN NARRATIVE)","IL","2017","NONE","PASSENGER","PERSONAL","W","SLOW/STOP IN TRAFFIC",,,"1",,,,,,,,,,"Y",,,,,,,,"REAR",,,,,,,,,,,,,,,,,,,,,,,,,,,,,,,,,
"2321675","ba50dabb8c273b90c57d76914a45c60d0d7ad1efdcbc8b30e345d4871e4113e62ab2becbcded368e0df011cd8327a63596f8da258916bc98b33a4932beb5e65f","2026-06-07T19:02:00.000","3","DRIVER",,"2214321",,"UNKNOWN","MOTORIZED",,,"NONE","SPORT UTILITY VEHICLE (SUV)","PERSONAL","W","SLOW/STOP IN TRAFFIC",,,"1",,,,"Y",,,,,,,,,,,,,,"REAR",,,,,,,,,,,,,,,,,,,,,,,,,,,,,,,,,
"2321684","290f0a71905cc59376c6ef17e2d7e9c9c35ee3cfce24227597721a52bbca3b87cc662888935efe1b4cfa907148cb2d5ce2932ae879f2d08a53e060ca4a5a2866","2026-06-07T19:00:00.000","1","DRIVER",,"2214333",,"CHEVROLET","TRAVERSE","IL","2014","NONE","PASSENGER","PERSONAL","W","STRAIGHT AHEAD","Y",,"1",,"CITY OF CHICAGO","POUND 3",,,,,,,,,,,"Y","Y",,,"FRONT-LEFT-CORNER",,,,,,,,,,,,,,,,,,,,,,,,,,,,,,,,,
"2321685","290f0a71905cc59376c6ef17e2d7e9c9c35ee3cfce24227597721a52bbca3b87cc662888935efe1b4cfa907148cb2d5ce2932ae879f2d08a53e060ca4a5a2866","2026-06-07T19:00:00.000","2","DRIVER",,"2214334",,"VOLKSWAGEN","JETTA","IL","2011","NONE","PASSENGER","PERSONAL","N","STRAIGHT AHEAD",,,"1",,,,,"Y",,,,,,,,,,"Y","Y",,"FRONT",,,,,,,,,,,,,,,,,,,,,,,,,,,,,,,,,
"2322024","842ac3fb43659588a651b68ab61d826dcf37b6915de51ec808b9d316c67f61c05d9f639efec83258e914a2aa0151c255215fd543896833f24e68754924bde997","2026-06-07T19:00:00.000","1","DRIVER",,"2214647",,"UNKNOWN","OTHER (EXPLAIN IN NARRATIVE)","IL",,"UNKNOWN","UNKNOWN/NA","UNKNOWN/NA","UNKNOWN","UNKNOWN/NA",,,"1",,,,,,,,,,"Y",,,,,,,"Y","UNKNOWN",,,,,,,,,,,,,,,,,,,,,,,,,,,,,,,,,
"2322025","842ac3fb43659588a651b68ab61d826dcf37b6915de51ec808b9d316c67f61c05d9f639efec83258e914a2aa0151c255215fd543896833f24e68754924bde997","2026-06-07T19:00:00.000","2","PARKED",,"2214650",,"HYUNDAI","SANTA FE","IL","2015","UNKNOWN","PASSENGER","PERSONAL","E","PARKED",,,"0",,,,,,,,,,,"Y",,,,,,,"REAR-LEFT-CORNER",,,,,,,,,,,,,,,,,,,,,,,,,,,,,,,,,
"2321669","98da1f5d09525cb976c165fdfdda54d326c02350949dabe69a636586ef2d0f5a8c0511f29641f10f6f4e47d45795cba1be4ba39fdb398327191623126232943f","2026-06-07T18:54:00.000","1","DRIVER",,"2214335",,"KIA","OPTIMA / K5","IL","2023","UNKNOWN","PASSENGER","PERSONAL","W","DRIVING WRONG WAY","Y",,"1",,"PRIVATE","UNKNOWN",,"Y",,,,,,,,,,"Y","Y",,"FRONT-RIGHT-CORNER",,,,,,,,,,,,,,,,,,,,,,,,,,,,,,,,,
"2321670","98da1f5d09525cb976c165fdfdda54d326c02350949dabe69a636586ef2d0f5a8c0511f29641f10f6f4e47d45795cba1be4ba39fdb398327191623126232943f","2026-06-07T18:54:00.000","2","DRIVER",,"2214339",,"TOYOTA","HIGHLANDER","IL","2018","UNKNOWN","PASSENGER","PERSONAL","W","STRAIGHT AHEAD","Y",,"1",,"PRIVATE","UNKNOWN",,,,,,,,,,"Y","Y","Y",,,"FRONT-LEFT-CORNER",,,,,,,,,,,,,,,,,,,,,,,,,,,,,,,,,
"2321883","ae699d07567d531d19225630aa6f6fd250f743bf0e984961334e63a8c611dff650d55fb346c9883b1d9554859f752109e5b035b0d149a49aaedff3822306f21d","2026-06-07T18:50:00.000","1","DRIVER",,"2214515",,"VOLKSWAGEN","TIGUAN","IL","2021","UNKNOWN","SPORT UTILITY VEHICLE (SUV)","PERSONAL","W","STRAIGHT AHEAD",,,"1",,,,,"Y",,,,,,,,,,,"Y",,"FRONT-RIGHT-CORNER",,,,,,,,,,,,,,,,,,,,,,,,,,,,,,,,,
"2321884","ae699d07567d531d19225630aa6f6fd250f743bf0e984961334e63a8c611dff650d55fb346c9883b1d9554859f752109e5b035b0d149a49aaedff3822306f21d","2026-06-07T18:50:00.000","2","DRIVER",,"2214521",,"UNKNOWN","OTHER (EXPLAIN IN NARRATIVE)",,,"UNKNOWN","UNKNOWN/NA","UNKNOWN/NA","UNKNOWN","UNKNOWN/NA",,,"1",,,,,,,,,,,,,,,,,,"UNKNOWN",,,,,,,,,,,,,,,,,,,,,,,,,,,,,,,,,
"2321661","ff4642b5fd590cc028dda72a33b4511a624aadba07da2dbb8e478d3cc7600ea5d17b07d16089cd5b33bb85d514b6f5aa97e5437b463cd36ab705466c22ccb7a9","2026-06-07T18:34:00.000","1","DRIVER","1","2214305",,"UNKNOWN","OTHER (EXPLAIN IN NARRATIVE)","IL","2013","UNKNOWN","SPORT UTILITY VEHICLE (SUV)","UNKNOWN/NA","E","STRAIGHT AHEAD",,,"2",,,,,,,,,,,,,,,,,"Y","FRONT",,,,,,,,,,,,,,,,,,,,,,,,,,,,,,,,,
"2321662","ff4642b5fd590cc028dda72a33b4511a624aadba07da2dbb8e478d3cc7600ea5d17b07d16089cd5b33bb85d514b6f5aa97e5437b463cd36ab705466c22ccb7a9","2026-06-07T18:34:00.000","2","DRIVER","1","2214310",,"HONDA","PASSPORT","TX","2020","NONE","SPORT UTILITY VEHICLE (SUV)","PERSONAL","E","SLOW/STOP IN TRAFFIC",,,"2",,,,,,,,,,,,,,,,,,"SIDE-RIGHT-REAR",,,,,,,,,,,,,,,,,,,,,,,,,,,,,,,,,
"2321641","3652951be6100ed118ffe505dc88a57d33fed2389d91cbb7f230839124fea03647294c209e53cfe4ddc2649bd83ef311d22accb063cb3211ec3092c257cc7ac8","2026-06-07T18:28:00.000","1","DRIVER",,"2214285",,"CHEVROLET","TRAIL BLAZER","IL","2023","UNKNOWN","SPORT UTILITY VEHICLE (SUV)","PERSONAL","S","STRAIGHT AHEAD",,,"1",,,,,"Y",,,,,,,,,,"Y","Y",,"FRONT",,,,,,,,,,,,,,,,,,,,,,,,,,,,,,,,,
"2321642","3652951be6100ed118ffe505dc88a57d33fed2389d91cbb7f230839124fea03647294c209e53cfe4ddc2649bd83ef311d22accb063cb3211ec3092c257cc7ac8","2026-06-07T18:28:00.000","2","DRIVER",,"2214287",,"LINCOLN","OTHER (EXPLAIN IN NARRATIVE)","IL","2017","UNKNOWN","SPORT UTILITY VEHICLE (SUV)","PERSONAL","S","STRAIGHT AHEAD",,,"1",,,,,,,,,"Y","Y","Y",,,,,,,"REAR",,,,,,,,,,,,,,,,,,,,,,,,,,,,,,,,,
"2321672","3a0caed811150e3170e9ca1170dde1e98406b2b69b6d5e4666d3fd43c4605f8606ccff9d19a78d23e426556138e1c295ba4f9ada03c6166b6b9a8d1d7883596d","2026-06-07T18:21:00.000","1","DRIVER",,"2214318",,"NISSAN","MURANO","IL","2011","NONE","PASSENGER","PERSONAL","S","STRAIGHT AHEAD",,,"1",,,,"Y",,,,,,,,,,,,"N",,"FRONT",,,,,,,,,,,,,,,,,,,,,,,,,,,,,,,,,
"2321698","3a0caed811150e3170e9ca1170dde1e98406b2b69b6d5e4666d3fd43c4605f8606ccff9d19a78d23e426556138e1c295ba4f9ada03c6166b6b9a8d1d7883596d","2026-06-07T18:21:00.000","2","PEDESTRIAN",,,,,,,,,,,,,,,,,,,,,,,,,,,,,,,,,,,,,,,,,,,,,,,,,,,,,,,,,,,,,,,,,,
"2321650","27c405596d0328f4fbfdae4e9452f5505909390287f4be59b538b41f23e66cf1c746fa2a8c91b98ed9e97a393bac48e6245902731c9ba7888c196e240b088e36","2026-06-07T18:18:00.000","1","DRIVER",,"2214293",,"NOVA BUS","LFS","IL","2022","UNKNOWN","BUS OVER 15 PASS.","CTA","W","STRAIGHT AHEAD",,,"1",,,,,"Y",,,,,,,,,,"Y","Y",,"FRONT",,,,,,,,,,,,,,,,,,,,,,,,,,,,,,,,,
"2321651","27c405596d0328f4fbfdae4e9452f5505909390287f4be59b538b41f23e66cf1c746fa2a8c91b98ed9e97a393bac48e6245902731c9ba7888c196e240b088e36","2026-06-07T18:18:00.000","2","DRIVER",,"2214301",,"NISSAN","KICKS","IL","2022","UNKNOWN","PASSENGER","PERSONAL","N","STRAIGHT AHEAD",,,"1",,,,,"Y","Y","Y","Y","Y",,,,,,,,,"SIDE-RIGHT",,,,,,,,,,,,,,,,,,,,,,,,,,,,,,,,,
"2321637","52c5ca4c2106c978e919bacd19dc9c62e10681c2f7a470a315d5f58ad94b1708cd8edb823c77a17dfa55aafd0e0314d2d228cf42beec7f6c7bcb571b2dfda917","2026-06-07T18:15:00.000","1","DRIVER",,"2214280",,"CHEVROLET","TAHOE","IL","2012","UNKNOWN","SPORT UTILITY VEHICLE (SUV)","UNKNOWN/NA","S","STRAIGHT AHEAD",,,"1",,,,"Y",,,,,,,,,,,,,,"FRONT",,,,,,,,,,,,,,,,,,,,,,,,,,,,,,,,,
"2321638","52c5ca4c2106c978e919bacd19dc9c62e10681c2f7a470a315d5f58ad94b1708cd8edb823c77a17dfa55aafd0e0314d2d228cf42beec7f6c7bcb571b2dfda917","2026-06-07T18:15:00.000","2","DRIVER","1","2214284",,"AUDI","Q7","IL","2021","UNKNOWN","SPORT UTILITY VEHICLE (SUV)","UNKNOWN/NA","S","SLOW/STOP IN TRAFFIC",,,"2",,,,,,,,,,"Y",,,,,,,,"REAR",,,,,,,,,,,,,,,,,,,,,,,,,,,,,,,,,
"2321663","62ef87facdb20b8a857592e05e29013e0b243292bf542f7ec0855e83408401e282b9a61a5fb1e8f7978f26402f732395b44c341c5cb4342d62a82677df739dc5","2026-06-07T18:09:00.000","1","DRIVER",,"2214312",,"DODGE","DURANGO","IL","2023","UNKNOWN","SPORT UTILITY VEHICLE (SUV)","PERSONAL","N","CHANGING LANES",,,"1",,,,,,,,,,,,,,,"Y","Y",,"FRONT-LEFT-CORNER",,,,,,,,,,,,,,,,,,,,,,,,,,,,,,,,,
"2321664","62ef87facdb20b8a857592e05e29013e0b243292bf542f7ec0855e83408401e282b9a61a5fb1e8f7978f26402f732395b44c341c5cb4342d62a82677df739dc5","2026-06-07T18:09:00.000","2","DRIVER",,"2214315",,"LEXUS","IS","IL","2017","NONE","PASSENGER","PERSONAL","N","STRAIGHT AHEAD",,,"1",,,,,,,,,"Y","Y",,,,,,,,"SIDE-RIGHT-REAR",,,,,,,,,,,,,,,,,,,,,,,,,,,,,,,,,
"2321630","dd047e9a4a55375b59b861e2cda007daf33872aebb9962cdb6a14013b6d6fa10e6faaa63e91c8ecf541965566ae8422fbebe0e5f2fc7e384b03bdd8f51235097","2026-06-07T18:05:00.000","1","DRIVER","3","2214272",,"HONDA","ODYSSEY","IL","2012","UNKNOWN","VAN/MINI-VAN","PERSONAL","S","STRAIGHT AHEAD",,,"4",,,,,,,,,,,,,"Y","Y","Y",,,"FRONT-LEFT-CORNER",,,,,,,,,,,,,,,,,,,,,,,,,,,,,,,,,
"2321631","dd047e9a4a55375b59b861e2cda007daf33872aebb9962cdb6a14013b6d6fa10e6faaa63e91c8ecf541965566ae8422fbebe0e5f2fc7e384b03bdd8f51235097","2026-06-07T18:05:00.000","2","PARKED",,"2214276",,"FORD","EXPLORER","IL","2013","UNKNOWN","SPORT UTILITY VEHICLE (SUV)","NOT IN USE","S","PARKED",,,"0",,,,,"Y","Y","Y",,,,,,,,"Y",,,"SIDE-RIGHT",,,,,,,,,,,,,,,,,,,,,,,,,,,,,,,,,
"2321690","002a4c44ab82a97295950264bdd55e62e19be7d2e42865046cdd6f17dfc64260ba16237645ce083ab3cd5b5228fde9cc8e790b0de0e88f1a624e5d41184ca3d9","2026-06-07T18:00:00.000","1","DRIVER","1","2214336",,"JEEP","LAREDO","IL","2026","UNKNOWN","SPORT UTILITY VEHICLE (SUV)","PERSONAL","S","TURNING ON RED",,,"2",,,,,,,,,,,,,,"Y","Y",,,"FRONT-LEFT-CORNER",,,,,,,,,,,,,,,,,,,,,,,,,,,,,,,,,
"2321691","002a4c44ab82a97295950264bdd55e62e19be7d2e42865046cdd6f17dfc64260ba16237645ce083ab3cd5b5228fde9cc8e790b0de0e88f1a624e5d41184ca3d9","2026-06-07T18:00:00.000","2","DRIVER",,"2214340",,"GENERAL MOTORS CORPORATION (GMC)","TERRAIN","IL","2023","NONE","SPORT UTILITY VEHICLE (SUV)","PERSONAL","E","SLOW/STOP IN TRAFFIC","Y",,"1",,"A & E TOWING",,,,,,,,,,,,"Y","Y",,,"FRONT-LEFT-CORNER",,,,,,,,,,,,,,,,,,,,,,,,,,,,,,,,,
"2321719","0ff8d28faf5edf2c15f41d83ef558a3931bd08e5eb478575d48c0d89c4224fddf788865b155ef29f42a5d205e8407a0f1f6b0fcd9c9039097a4fb298012a0249","2026-06-07T18:00:00.000","1","DRIVER",,"2214396",,"TOYOTA","CAMRY","IL","2005","UNKNOWN","PASSENGER","UNKNOWN/NA","S","STRAIGHT AHEAD",,,"1",,,,,,,,,,,,,,,,"Y",,"FRONT",,,,,,,,,,,,,,,,,,,,,,,,,,,,,,,,,
"2321720","0ff8d28faf5edf2c15f41d83ef558a3931bd08e5eb478575d48c0d89c4224fddf788865b155ef29f42a5d205e8407a0f1f6b0fcd9c9039097a4fb298012a0249","2026-06-07T18:00:00.000","2","DRIVER",,"2214398",,"FORD","ESCAPE","IL","2020","NONE","SPORT UTILITY VEHICLE (SUV)","PERSONAL","S","SLOW/STOP IN TRAFFIC",,,"1",,,,,,,,,,"Y",,,,,,,,"REAR",,,,,,,,,,,,,,,,,,,,,,,,,,,,,,,,,
"2321665","1d9e9c668d9bd286be322ff107d94cc3d62b92b10902a9a3450c2841dd86e855051d8a7bdd7c960c3bece40946237754b5709cf0fa732e4edf44724ad9050f72","2026-06-07T18:00:00.000","1","PARKED",,"2214311",,"TOYOTA","4RUNNER","IL","2025","NONE","PASSENGER","PERSONAL","S","PARKED",,,"0",,,,"Y",,,,,,,,,"Y","Y",,,,"SIDE-LEFT-FRONT",,,,,,,,,,,,,,,,,,,,,,,,,,,,,,,,,
"2321666","1d9e9c668d9bd286be322ff107d94cc3d62b92b10902a9a3450c2841dd86e855051d8a7bdd7c960c3bece40946237754b5709cf0fa732e4edf44724ad9050f72","2026-06-07T18:00:00.000","2","BICYCLE",,,,,,,,,,,,,,,,,,,,,,,,,,,,,,,,,,,,,,,,,,,,,,,,,,,,,,,,,,,,,,,,,,
"2322355","6f2f30657cc1d9b67ffcd928b97d208bce68767a781b643b23fc7e4120371f46ec0cd96c0a781efcaea429e57fcddc20edabad9ae3d1de77aad3f76e958d43a8","2026-06-07T18:00:00.000","1","DRIVER",,"2214956",,"JEEP","CHEROKEE","IL","2014","NONE","PASSENGER","PERSONAL","W","BACKING",,,"1",,,,,,,,,,"Y",,,,,,,,"REAR",,,,,,,,,,,,,,,,,,,,,,,,,,,,,,,,,
"2322356","6f2f30657cc1d9b67ffcd928b97d208bce68767a781b643b23fc7e4120371f46ec0cd96c0a781efcaea429e57fcddc20edabad9ae3d1de77aad3f76e958d43a8","2026-06-07T18:00:00.000","2","DRIVER",,"2214962",,"UNKNOWN","OTHER (EXPLAIN IN NARRATIVE)",,,"NONE","UNKNOWN/NA","UNKNOWN/NA","UNKNOWN","UNKNOWN/NA",,,"1",,,,,,,,,,,,,,,,,"Y","UNKNOWN",,,,,,,,,,,,,,,,,,,,,,,,,,,,,,,,,
"2321620","b8dfa78ee489b5450fda2c78c6fb5fae3cbe9526bb16a11040e03239422a33f759eeb54faed95ae39810ed4af02a007a81e08f4d1d6bd38ced34f930106a9fcf","2026-06-07T18:00:00.000","1","DRIVER",,"2214266",,"HONDA","CIVIC",,,"UNKNOWN","UNKNOWN/NA","UNKNOWN/NA","W","PASSING/OVERTAKING",,,"1",,,,,,,,,,,,,,,,,"Y","UNKNOWN",,,,,,,,,,,,,,,,,,,,,,,,,,,,,,,,,
"2321621","b8dfa78ee489b5450fda2c78c6fb5fae3cbe9526bb16a11040e03239422a33f759eeb54faed95ae39810ed4af02a007a81e08f4d1d6bd38ced34f930106a9fcf","2026-06-07T18:00:00.000","2","DRIVER",,"2214269",,"HYUNDAI","ELANTRA","IL","2017","UNKNOWN","UNKNOWN/NA","UNKNOWN/NA","W","STRAIGHT AHEAD",,,"1",,,,,,"Y","Y","Y",,,,,,,,,,"SIDE-RIGHT",,,,,,,,,,,,,,,,,,,,,,,,,,,,,,,,,
"2321635","da30e91829cd8a4f551744a64269a039c0889b6ae2f80c343542d617f36edfae2e6909859b18dcd2c2f1586db04363b4a72f0d66cb278e804e6e991deb712936","2026-06-07T17:50:00.000","1","DRIVER","1","2214283",,"MAZDA","CX-5","IL","2018","NONE","SPORT UTILITY VEHICLE (SUV)","PERSONAL","E","CHANGING LANES",,,"2",,,,,,,,,,,"Y",,,,,,,"REAR-LEFT-CORNER",,,,,,,,,,,,,,,,,,,,,,,,,,,,,,,,,
"2321636","da30e91829cd8a4f551744a64269a039c0889b6ae2f80c343542d617f36edfae2e6909859b18dcd2c2f1586db04363b4a72f0d66cb278e804e6e991deb712936","2026-06-07T17:50:00.000","2","DRIVER","1","2214278",,"INFINITI","QX60","IL","2018","NONE","SPORT UTILITY VEHICLE (SUV)","PERSONAL","E","STRAIGHT AHEAD",,,"2",,,,,"Y",,,,,,,,,,,,,"FRONT-RIGHT-CORNER",,,,,,,,,,,,,,,,,,,,,,,,,,,,,,,,,
"2321626","f4e8ad643523e0faffe2fd31884ff76e9d8edf1d50eb9f760d6cb23e0d7a3024fa619185511370cdc419072c5d9e283b5861fb5379641461ff8d7ddd06b7bb36","2026-06-07T17:45:00.000","1","DRIVER",,"2214271",,"ACURA","ILX","IL","2017","NONE","PASSENGER","PERSONAL","W","STRAIGHT AHEAD","Y",,"1",,"private tow",,,"Y",,,,,,,,,,"Y","Y",,"FRONT",,,,,,,,,,,,,,,,,,,,,,,,,,,,,,,,,
"2321627","f4e8ad643523e0faffe2fd31884ff76e9d8edf1d50eb9f760d6cb23e0d7a3024fa619185511370cdc419072c5d9e283b5861fb5379641461ff8d7ddd06b7bb36","2026-06-07T17:45:00.000","2","DRIVER",,"2214277",,"TESLA","MODEL Y","IL","2022","NONE","PASSENGER","PERSONAL","W","STRAIGHT AHEAD",,,"1",,,,,,,,,"Y","Y","Y",,,,,,,"REAR",,,,,,,,,,,,,,,,,,,,,,,,,,,,,,,,,
"2321628","58402f8227ecb37adfc0ef418af69d3b918acbf56607323bcdf156730b6088cb553487533312b4e0bbe51813f1e3a8a20e4066f9fad5c9807b78892656daa0dd","2026-06-07T17:44:00.000","1","DRIVER","3","2214273",,"HONDA","ACCORD","IL","2006","UNKNOWN","PASSENGER","PERSONAL","E","PASSING/OVERTAKING",,,"4",,,,,"Y",,,,,,,,,,,,,"FRONT-RIGHT-CORNER",,,,,,,,,,,,,,,,,,,,,,,,,,,,,,,,,
"2321629","58402f8227ecb37adfc0ef418af69d3b918acbf56607323bcdf156730b6088cb553487533312b4e0bbe51813f1e3a8a20e4066f9fad5c9807b78892656daa0dd","2026-06-07T17:44:00.000","2","DRIVER",,"2214281",,"CHEVROLET","TRAIL BLAZER","IL","2024","UNKNOWN","SPORT UTILITY VEHICLE (SUV)","OTHER","E","PASSING/OVERTAKING",,,"1",,,,,,,,,,,"N","Y","Y","Y",,,,"SIDE-LEFT",,,,,,,,,,,,,,,,,,,,,,,,,,,,,,,,,
"2321694","d2110f0b862430d8ca4c213fe056a1ee07396f105ab29020ad9fb8bd3520d6b6d20db3fc517f3cfa73a0a1b3f1c4f01c1c7af983c7ce20fc537f6161ac7f2908","2026-06-07T17:30:00.000","1","DRIVER",,"2214342",,"UNKNOWN","OTHER (EXPLAIN IN NARRATIVE)",,,"UNKNOWN","UNKNOWN/NA","UNKNOWN/NA","UNKNOWN","UNKNOWN/NA",,,"1",,,,,,,,,,,,,,,,,"Y","UNKNOWN",,,,,,,,,,,,,,,,,,,,,,,,,,,,,,,,,
"2321695","d2110f0b862430d8ca4c213fe056a1ee07396f105ab29020ad9fb8bd3520d6b6d20db3fc517f3cfa73a0a1b3f1c4f01c1c7af983c7ce20fc537f6161ac7f2908","2026-06-07T17:30:00.000","2","PARKED",,"2214345",,"TOYOTA","HIGHLANDER","IL","2026","NONE","PASSENGER","PERSONAL","W","PARKED",,,"0",,,,,,,,,,,,,,"Y",,,,"SIDE-LEFT-FRONT",,,,,,,,,,,,,,,,,,,,,,,,,,,,,,,,,
"2321682","3f67ff6c2ca97c5112c649ed60a42d53cb6dd1e616afe6fdb1c57fb648b9bf9b8d61788b4cd29507808655e141f99ffec7f7e60ea4ca03e1228547ae5288998a","2026-06-07T17:25:00.000","1","DRIVER",,"2214326",,"NEW FLYER","OTHER (EXPLAIN IN NARRATIVE)","IL","2009","NONE","PASSENGER","CTA","E","TURNING LEFT",,,"1",,,,,,,,,,,,,"Y","Y",,,,"FRONT-LEFT-CORNER",,,,,,,,,,,,,,,,,,,,,,,,,,,,,,,,,
"2321683","3f67ff6c2ca97c5112c649ed60a42d53cb6dd1e616afe6fdb1c57fb648b9bf9b8d61788b4cd29507808655e141f99ffec7f7e60ea4ca03e1228547ae5288998a","2026-06-07T17:25:00.000","2","DRIVER",,"2214331",,"HONDA","ODYSSEY","IL","2024","NONE","PASSENGER","PERSONAL","E","TURNING LEFT",,,"1",,,,,,"Y","Y",,,,,,,,,,,"FRONT-RIGHT-CORNER",,,,,,,,,,,,,,,,,,,,,,,,,,,,,,,,,
"2321647","0de64812830a10d64688029ef4b65cf414cec85e36135cb06f6279ef295f08c87bc909bcdac267e8dee53ddfc005da02a69602451676db786f842cbc9f2e008c","2026-06-07T17:20:00.000","1","DRIVER",,"2214294",,"TOYOTA","CAMRY","IL","2011","NONE","PASSENGER","PERSONAL","N","STRAIGHT AHEAD","Y",,"1",,"CITY OF CHICAGO","POUND",,,,,,,,,,,"Y","Y",,,"FRONT-LEFT-CORNER",,,,,,,,,,,,,,,,,,,,,,,,,,,,,,,,,
"2321648","0de64812830a10d64688029ef4b65cf414cec85e36135cb06f6279ef295f08c87bc909bcdac267e8dee53ddfc005da02a69602451676db786f842cbc9f2e008c","2026-06-07T17:20:00.000","2","DRIVER",,"2214299",,"JEEP","PATRIOT","IL","2016","NONE","PASSENGER","PERSONAL","S","STRAIGHT AHEAD",,,"1",,,,,,,,,,,,"Y","Y","N",,,,"SIDE-LEFT",,,,,,,,,,,,,,,,,,,,,,,,,,,,,,,,,
"2321649","0de64812830a10d64688029ef4b65cf414cec85e36135cb06f6279ef295f08c87bc909bcdac267e8dee53ddfc005da02a69602451676db786f842cbc9f2e008c","2026-06-07T17:20:00.000","3","DRIVER","1","2214307",,"NISSAN","ALTIMA","IL","2016","NONE","PASSENGER","PERSONAL","N","STRAIGHT AHEAD","Y",,"2",,"PERSONAL TOWED",,,,,,,,,,"Y","Y","Y",,,,"SIDE-LEFT",,,,,,,,,,,,,,,,,,,,,,,,,,,,,,,,,
"2321597","34bf1d4844772b39d260e1a7b02433cc2348b99d57e4de7014b2866cd64444d8049f1f0d64f4eb4440b8ffe284187425a3e916ca53ac5b4692ddf173eb14905c","2026-06-07T17:20:00.000","1","DRIVER","4","2214243",,"LEXUS","GS300","IL","2006","UNKNOWN","PASSENGER","UNKNOWN/NA","SE","STRAIGHT AHEAD",,,"5",,,,,,,,,,,,,,"Y","Y","Y",,"FRONT-LEFT-CORNER",,,,,,,,,,,,,,,,,,,,,,,,,,,,,,,,,
"2321598","34bf1d4844772b39d260e1a7b02433cc2348b99d57e4de7014b2866cd64444d8049f1f0d64f4eb4440b8ffe284187425a3e916ca53ac5b4692ddf173eb14905c","2026-06-07T17:20:00.000","2","DRIVER","2","2214249",,"TOYOTA","SOLARA","IL","2004","UNKNOWN","PASSENGER","PERSONAL","SE","SLOW/STOP IN TRAFFIC",,,"3",,,,,,,,"Y","Y","Y",,,,,,,,"REAR-RIGHT-CORNER",,,,,,,,,,,,,,,,,,,,,,,,,,,,,,,,,
"2321607","c4ff427630f80a2b9b300b9395914686bc6053e2f8b152610f62487d4f9dba3ccc2fc12ee27212643779329056623f1cf823687531c35e9ebdf94b537be2cff5","2026-06-07T17:05:00.000","1","DRIVER",,"2214258",,"HYUNDAI","ELANTRA","IL","2013","UNKNOWN","PASSENGER","PERSONAL","S","STRAIGHT AHEAD",,,"1",,,,,,,,,,,,,,"Y","Y",,,"SIDE-LEFT-FRONT",,,,,,,,,,,,,,,,,,,,,,,,,,,,,,,,,
"2321608","c4ff427630f80a2b9b300b9395914686bc6053e2f8b152610f62487d4f9dba3ccc2fc12ee27212643779329056623f1cf823687531c35e9ebdf94b537be2cff5","2026-06-07T17:05:00.000","2","DRIVER",,"2214265",,"NISSAN","VERSA","IL","2007","UNKNOWN","PASSENGER","PERSONAL","S","STRAIGHT AHEAD",,,"1",,,,,"Y","Y",,,,,,,,,,,,"FRONT-RIGHT-CORNER",,,,,,,,,,,,,,,,,,,,,,,,,,,,,,,,,
"2322401","2b867c6a3f0024a4b87b6e18a0cfbe2801afd97477679598aa6aa09820e761f7f966c3b1c2d67af0f1c053a72babfb81cf9f798723bda73ac89edc1de4aba796","2026-06-07T17:00:00.000","1","DRIVER",,"2215011",,"UNKNOWN","OTHER (EXPLAIN IN NARRATIVE)",,,"UNKNOWN","UNKNOWN/NA","UNKNOWN/NA","UNKNOWN","UNKNOWN/NA",,,"1",,,,,,,,,,,,,,,,,"Y","UNKNOWN",,,,,,,,,,,,,,,,,,,,,,,,,,,,,,,,,
"2322402","2b867c6a3f0024a4b87b6e18a0cfbe2801afd97477679598aa6aa09820e761f7f966c3b1c2d67af0f1c053a72babfb81cf9f798723bda73ac89edc1de4aba796","2026-06-07T17:00:00.000","2","PARKED",,"2215012",,"HONDA","HR-V","IL","2024","UNKNOWN","SPORT UTILITY VEHICLE (SUV)","NOT IN USE","UNKNOWN","PARKED",,,"0",,,,,,,,,,,"Y","Y","Y",,,,,"REAR-LEFT-CORNER",,,,,,,,,,,,,,,,,,,,,,,,,,,,,,,,,
"2321624","9c908487b6b64ccc8ea0feac35b5568e31c58ff272c40ac2844d63f9400f0a6519ec4379b3d3ae1030237f67ec7068b290351330fa1fdd41e23ef895fb2894af","2026-06-07T17:00:00.000","1","DRIVER",,"2214275",,"VOLKSWAGEN","ATLAS","IL","2020","UNKNOWN","PASSENGER","PERSONAL","UNKNOWN","STRAIGHT AHEAD",,,"1",,,,,,,,,,,"Y","Y",,,,,,"SIDE-LEFT-REAR",,,,,,,,,,,,,,,,,,,,,,,,,,,,,,,,,
"2321625","9c908487b6b64ccc8ea0feac35b5568e31c58ff272c40ac2844d63f9400f0a6519ec4379b3d3ae1030237f67ec7068b290351330fa1fdd41e23ef895fb2894af","2026-06-07T17:00:00.000","2","DRIVER",,"2214286",,"INTERNATIONAL TRAILER CORPORATION","OTHER (EXPLAIN IN NARRATIVE)","IL","2018","UNKNOWN","TRACTOR W/ SEMI-TRAILER","OTHER","UNKNOWN","STRAIGHT AHEAD",,,"1",,,,,"Y",,,,,,,,,,,,,"FRONT-RIGHT-CORNER",,,,,,,,,,,,,,,,,,,,,,,,,,,,,,,,,
"2321632","bb99a00c1d6136f51ab75e21bbf963b9d3981f9f13fd9799c2b3b00b1cb487525c6ef131be6928d69fc1629b8761b4f088d4bb0fe77f74975a0ba9e55f6db933","2026-06-07T16:58:00.000","1","DRIVER",,"2214279",,"NISSAN","MURANO","IL","2010","UNKNOWN","PASSENGER","PERSONAL","N","SKIDDING/CONTROL LOSS","Y",,"1",,"INSURANCE","HOME",,"Y","Y",,,,,,,,"Y","Y","Y",,"FRONT",,,,,,,,,,,,,,,,,,,,,,,,,,,,,,,,,
"2321633","bb99a00c1d6136f51ab75e21bbf963b9d3981f9f13fd9799c2b3b00b1cb487525c6ef131be6928d69fc1629b8761b4f088d4bb0fe77f74975a0ba9e55f6db933","2026-06-07T16:58:00.000","2","PARKED","4","2214282",,"INFINITI","QX80","IL","2020","UNKNOWN","PASSENGER","PERSONAL","N","PARKED","Y",,"4",,"INSURANCE","HOME",,"Y",,,,"Y","Y","Y",,,,"Y","Y",,"TOTAL (ALL AREAS)",,,,,,,,,,,,,,,,,,,,,,,,,,,,,,,,,
"2321634","bb99a00c1d6136f51ab75e21bbf963b9d3981f9f13fd9799c2b3b00b1cb487525c6ef131be6928d69fc1629b8761b4f088d4bb0fe77f74975a0ba9e55f6db933","2026-06-07T16:58:00.000","3","PARKED",,"2214290",,"HONDA","CIVIC","IL","2015","UNKNOWN","PASSENGER","PERSONAL","N","PARKED",,,"0",,,,,,,,,"Y","Y","Y",,,,,,,"REAR",,,,,,,,,,,,,,,,,,,,,,,,,,,,,,,,,
"2321575","a1dcedd4e6303098ba52e581c10847c8a3235120006737a653b352f507bfc72fa83fa476eb279326434918c6a71e06819b9676a4c715261dabe65e7bc4da08ae","2026-06-07T16:55:00.000","1","DRIVER",,"2214229",,"PONTIAC","OTHER (EXPLAIN IN NARRATIVE)","IL","2004","NONE","PASSENGER","PERSONAL","E","STRAIGHT AHEAD",,,"1",,,,,,,,,,,,,,,,,"Y","UNKNOWN",,,,,,,,,,,,,,,,,,,,,,,,,,,,,,,,,
"2321576","a1dcedd4e6303098ba52e581c10847c8a3235120006737a653b352f507bfc72fa83fa476eb279326434918c6a71e06819b9676a4c715261dabe65e7bc4da08ae","2026-06-07T16:55:00.000","2","PARKED",,"2214234",,"GENERAL MOTORS CORPORATION (GMC)","OTHER (EXPLAIN IN NARRATIVE)","IL","2023","NONE","PICKUP","PERSONAL","E","PARKED",,,"0",,,,,,,,,,,,"Y","Y","Y",,,,"SIDE-LEFT",,,,,,,,,,,,,,,,,,,,,,,,,,,,,,,,,
"2321680","dabacbecf66454167d903b5b35421554bbe36dd0200bf2c6870963584642f5819c7d43504a5e50f7aace6cd4370be13a7d1138ed5226a0ff14d510d41f1772fb","2026-06-07T16:54:00.000","1","DRIVER",,"2214324",,"TOYOTA","4RUNNER","IL","2001","UNKNOWN","PASSENGER","PERSONAL","N","STRAIGHT AHEAD",,,"1",,,,,"Y",,,,,,,,,,,,,"FRONT-RIGHT-CORNER",,,,,,,,,,,,,,,,,,,,,,,,,,,,,,,,,
"2321681","dabacbecf66454167d903b5b35421554bbe36dd0200bf2c6870963584642f5819c7d43504a5e50f7aace6cd4370be13a7d1138ed5226a0ff14d510d41f1772fb","2026-06-07T16:54:00.000","2","PARKED",,"2214328",,"FORD","RANGER","IL","2010","NONE","PICKUP","PERSONAL","N","PARKED",,,"0",,,,,"Y",,,,,,,,,,"Y","Y",,"FRONT-LEFT-CORNER",,,,,,,,,,,,,,,,,,,,,,,,,,,,,,,,,
"2321588","d41efa54e71765cae65fce81352157e4325e54ff07e42540bd5b5f5005fbb2ce838656720d1a7de68b6721be7637f45499811cbee7d3a8487ecc6bddd4a1313f","2026-06-07T16:51:00.000","1","DRIVER",,"2214235",,"FORD","F150","IL","2005","NONE","PICKUP","PERSONAL","SE","AVOIDING VEHICLES/OBJECTS","Y",,"1",,"insurance",,,"Y","Y","Y","Y","Y",,,,,,"Y","Y",,"SIDE-RIGHT",,,,,,,,,,,,,,,,,,,,,,,,,,,,,,,,,
"2321609","21b6b494e0c7ea9c40497ac3c2b80b91568a88f5af0fcd095cbb1f650aba94c57b97d7a2e235bf381290a8b46d5df50365c76db517ba1459fb0bdd0f93de0c8c","2026-06-07T16:47:00.000","1","DRIVER",,"2214259",,"MERCEDES-BENZ","C300","IL","2018","UNKNOWN","PASSENGER","UNKNOWN/NA","E","STRAIGHT AHEAD","Y",,"1",,"CITY TOW","POUND 2",,"Y","Y",,,,,,,,"Y","Y","Y",,"FRONT",,,,,,,,,,,,,,,,,,,,,,,,,,,,,,,,,
"2321610","21b6b494e0c7ea9c40497ac3c2b80b91568a88f5af0fcd095cbb1f650aba94c57b97d7a2e235bf381290a8b46d5df50365c76db517ba1459fb0bdd0f93de0c8c","2026-06-07T16:47:00.000","2","DRIVER","1","2214268",,"FORD","OTHER (EXPLAIN IN NARRATIVE)","IL","2020","UNKNOWN","BUS UP TO 15 PASS.","OTHER","N","STRAIGHT AHEAD",,,"2",,,,"N",,,,,,,"Y","Y",,,,,,"UNKNOWN",,,,,,,,,,,,,,,,,,,,,,,,,,,,,,,,,
"2321593","d2472756ca0337cf90668983086f5b983f4c94955adc3eb666b190a2cbc5c5321493eff0f8eaf6e05338d7121a4ad7ed221a0e340f68f9026d54f0e7292477de","2026-06-07T16:47:00.000","1","DRIVER","1","2214238",,"CHEVROLET","OTHER (EXPLAIN IN NARRATIVE)","IL","2014","UNKNOWN","PASSENGER","PERSONAL","E","STRAIGHT AHEAD",,,"2",,,,,"Y",,,,,,,,,,"Y","Y",,"FRONT",,,,,,,,,,,,,,,,,,,,,,,,,,,,,,,,,
"2321594","d2472756ca0337cf90668983086f5b983f4c94955adc3eb666b190a2cbc5c5321493eff0f8eaf6e05338d7121a4ad7ed221a0e340f68f9026d54f0e7292477de","2026-06-07T16:47:00.000","2","DRIVER",,"2214239",,"FORD","EXPLORER","IL","2021","UNKNOWN","SPORT UTILITY VEHICLE (SUV)","POLICE","S","STRAIGHT AHEAD",,,"1",,,,,"Y","Y","Y",,,,,,,,,,,"SIDE-RIGHT",,,,,,,,,,,,,,,,,,,,,,,,,,,,,,,,,
"2321595","e8d8990f8667a33e75dc82ded9c13e33f298173048686266fb7ed86be032420601cb0c6b3f3ebf640d5ff49a95deac780d0fb80be1f664418d82b445682b50c8","2026-06-07T16:45:00.000","1","DRIVER",,"2214248",,"CHEVROLET","BOLT","IL","2022","UNKNOWN","PASSENGER","PERSONAL","N","PASSING/OVERTAKING",,,"1",,,,,,,,,,,,,,,"Y",,,"FRONT-LEFT-CORNER",,,,,,,,,,,,,,,,,,,,,,,,,,,,,,,,,
"2321596","e8d8990f8667a33e75dc82ded9c13e33f298173048686266fb7ed86be032420601cb0c6b3f3ebf640d5ff49a95deac780d0fb80be1f664418d82b445682b50c8","2026-06-07T16:45:00.000","2","DRIVER",,"2214255",,"NISSAN","ROGUE","IL","2011","UNKNOWN","SPORT UTILITY VEHICLE (SUV)","PERSONAL","N","STRAIGHT AHEAD",,,"1",,,,,,,,,"Y","Y",,,,,,,,"REAR-RIGHT-CORNER",,,,,,,,,,,,,,,,,,,,,,,,,,,,,,,,,
"2321567","07acffcc207fd431cffc6b8debc412d4e59dba6ff873784eb3a816025ea236632bd79114cd381904462f9f0ade7c019c27a02fcabeeeec23742f015af444363b","2026-06-07T16:40:00.000","1","DRIVER",,"2214209",,"LINCOLN","MKZ","IN","2010","UNKNOWN","PASSENGER","UNKNOWN/NA","S","UNKNOWN/NA",,,"1",,,,,,,,,,,,,,,,,"Y","UNKNOWN",,,,,,,,,,,,,,,,,,,,,,,,,,,,,,,,,
"2321568","07acffcc207fd431cffc6b8debc412d4e59dba6ff873784eb3a816025ea236632bd79114cd381904462f9f0ade7c019c27a02fcabeeeec23742f015af444363b","2026-06-07T16:40:00.000","2","DRIVER",,"2214215",,"NISSAN","ROGUE","IL","2025","UNKNOWN","SPORT UTILITY VEHICLE (SUV)","PERSONAL","S","STRAIGHT AHEAD",,,"1",,,,,,,,"Y","Y",,,,,,,,,"REAR-RIGHT-CORNER",,,,,,,,,,,,,,,,,,,,,,,,,,,,,,,,,
"2321599","eb0b227c4756a5c8955070a1b0f0fae327359e4e0e424ea952948764d647978713eac4e1a5e1cedd1a71913b417632654f6176009dd10be3de0b62e546034f38","2026-06-07T16:40:00.000","1","DRIVERLESS",,"2214245",,"HYUNDAI","ELANTRA","IL","2016","UNKNOWN","PASSENGER","PERSONAL","N","STRAIGHT AHEAD",,,"0",,,,,"Y",,,,,,,,,,"Y","Y",,"FRONT",,,,,,,,,,,,,,,,,,,,,,,,,,,,,,,,,
"2321600","eb0b227c4756a5c8955070a1b0f0fae327359e4e0e424ea952948764d647978713eac4e1a5e1cedd1a71913b417632654f6176009dd10be3de0b62e546034f38","2026-06-07T16:40:00.000","2","PARKED",,"2214250",,"HUMMER","H3","IL","2007","UNKNOWN","PASSENGER","PERSONAL","N","PARKED",,,"0",,,,,,,,,,"Y",,,,,,,,"REAR",,,,,,,,,,,,,,,,,,,,,,,,,,,,,,,,,
"2321583","e08c365ea9b8dd0b40d868242843f42adc8ef9fa914bfce7f6f098cb614d5d33d3f7bd3e893c6e412e9d03ac111cccf27d5fe3ea2f78e10882011b1fd6d3d77f","2026-06-07T16:30:00.000","1","DRIVER",,"2214237",,"TOYOTA","CAMRY","IL","2026","UNKNOWN","PASSENGER","PERSONAL","E","CHANGING LANES",,,"1",,,,,"Y",,,,,,,,,,,,,"FRONT-RIGHT-CORNER",,,,,,,,,,,,,,,,,,,,,,,,,,,,,,,,,
"2321584","e08c365ea9b8dd0b40d868242843f42adc8ef9fa914bfce7f6f098cb614d5d33d3f7bd3e893c6e412e9d03ac111cccf27d5fe3ea2f78e10882011b1fd6d3d77f","2026-06-07T16:30:00.000","2","DRIVER",,"2214244",,"GENERAL MOTORS CORPORATION (GMC)","OTHER (EXPLAIN IN NARRATIVE)","IL","2022","UNKNOWN","TRUCK - SINGLE UNIT","COMMERCIAL - SINGLE UNIT","E","STRAIGHT AHEAD","Y",,"1",,"PRIVET TOW","UNK",,,,,,,,"Y","Y",,,,,,"SIDE-LEFT-REAR",,,,,,,,,,,,,,,,,,,,,,,,,,,,,,,,,
"2321579","05dc59a771d66976fbaca327fadb4ca3b6390f465ac7865d46cadad5a35f210c1fc07988f2ea8a56a3504868b5e6971d52a00feeb9fd1619005d2ef1db6aad10","2026-06-07T16:29:00.000","1","DRIVER",,"2214231",,"CHEVROLET","IMPALA",,,"UNKNOWN","PASSENGER","UNKNOWN/NA","W","STRAIGHT AHEAD",,,"1",,,,,,,,,,,,,"Y","Y","Y",,"N","SIDE-LEFT-FRONT",,,,,,,,,,,,,,,,,,,,,,,,,,,,,,,,,
"2321580","05dc59a771d66976fbaca327fadb4ca3b6390f465ac7865d46cadad5a35f210c1fc07988f2ea8a56a3504868b5e6971d52a00feeb9fd1619005d2ef1db6aad10","2026-06-07T16:29:00.000","2","DRIVER","4","2214240",,"TOYOTA","CAMRY","IL","2023","NONE","PASSENGER","PERSONAL","N","STRAIGHT AHEAD",,,"5",,,,,"Y",,,,,,,,,,"Y","Y",,"FRONT",,,,,,,,,,,,,,,,,,,,,,,,,,,,,,,,,
"2321591","0ddbc9296a7aa1ca00b62ffe0932815ffe58acf680d5ffbb35660effc54ee4a00d97d56ff5ab4a7f1dfcaa3b549cf6b200e497445e4d8cfcad14567055acdd91","2026-06-07T16:29:00.000","1","BICYCLE",,,,,,,,,,,,,,,,,,,,,,,,,,,,,,,,,,,,,,,,,,,,,,,,,,,,,,,,,,,,,,,,,,
"2321592","0ddbc9296a7aa1ca00b62ffe0932815ffe58acf680d5ffbb35660effc54ee4a00d97d56ff5ab4a7f1dfcaa3b549cf6b200e497445e4d8cfcad14567055acdd91","2026-06-07T16:29:00.000","2","DRIVER","1","2214246",,"TOYOTA","CAMRY","IL","2012","UNKNOWN","PASSENGER","PERSONAL","S","STRAIGHT AHEAD",,,"2",,,,,"Y",,,,,,,,,,"Y","Y",,"FRONT-LEFT-CORNER",,,,,,,,,,,,,,,,,,,,,,,,,,,,,,,,,
"2321652","7fd752f6fe521d06d26eb62962aaf8ffe7d6093fd2ad14b068196129fda19d7b10196813d7dab05131f64670e3ce2e55ca2ab32c8fc851ddefbacb63ab8ef025","2026-06-07T16:19:00.000","1","DRIVER",,"2214297",,"YAMAHA","YAMAHA","IL",,"UNKNOWN","MOTORCYCLE (OVER 150CC)","PERSONAL","W","UNKNOWN/NA",,,"1",,,,,,,,,,,,,,,"Y",,,"SIDE-LEFT",,,,,,,,,,,,,,,,,,,,,,,,,,,,,,,,,
"2321611","c9d2dd500ad2a966af7bf532809e18b4316c2b2a1f07be0b4e6500d58a35bc518f746915a3a489ba1b21afc26fb4eec7957fed00362360ef697aeefffa24918e","2026-06-07T16:18:00.000","1","DRIVER",,"2214257",,"INFINITI","OTHER (EXPLAIN IN NARRATIVE)","IL","2016","UNKNOWN","PASSENGER","PERSONAL","E","STRAIGHT AHEAD",,,"1",,,,,"Y","Y","Y","Y","Y",,,,,,,,"Y","SIDE-RIGHT",,,,,,,,,,,,,,,,,,,,,,,,,,,,,,,,,
"2321612","c9d2dd500ad2a966af7bf532809e18b4316c2b2a1f07be0b4e6500d58a35bc518f746915a3a489ba1b21afc26fb4eec7957fed00362360ef697aeefffa24918e","2026-06-07T16:18:00.000","2","PARKED",,"2214262",,"UNKNOWN","OTHER (EXPLAIN IN NARRATIVE)","IL","2017","UNKNOWN","TRUCK - SINGLE UNIT","OTHER","UNKNOWN","PARKED",,,"0",,,,,,,,,,,"Y","Y","Y","Y","Y",,"Y","SIDE-LEFT",,,,,,,,,,,,,,,,,,,,,,,,,,,,,,,,,
"2322403","b5e65f7eaea40bfe6ccab78e1404eb19db2cabdcc5e4722419e94c47603c0d1a778a4c33c4673b5daa9306c25a3eeebb8809d787d804e8582d410c0e95e94c5d","2026-06-07T16:15:00.000","1","DRIVER",,"2215015",,"MITSUBISHI","ENDEAVOR","IL","2011","UNKNOWN","UNKNOWN/NA","UNKNOWN/NA","E","STRAIGHT AHEAD",,,"1",,,,,"Y","Y",,,,,,,,,,"Y",,"FRONT-RIGHT-CORNER",,,,,,,,,,,,,,,,,,,,,,,,,,,,,,,,,
"2322404","b5e65f7eaea40bfe6ccab78e1404eb19db2cabdcc5e4722419e94c47603c0d1a778a4c33c4673b5daa9306c25a3eeebb8809d787d804e8582d410c0e95e94c5d","2026-06-07T16:15:00.000","2","PARKED",,"2215025",,"CHEVROLET","MALIBU","IL","2022","NONE","PASSENGER","PERSONAL","E","PARKED",,,"0",,,,,,,,,,,"Y","Y","Y","Y","Y",,,"SIDE-LEFT",,,,,,,,,,,,,,,,,,,,,,,,,,,,,,,,,
"2321867","c7050d61ba00d2fe3a6a6210ca4c170d1db60abb29b44797a11ca0941552d0bc6a3d0568a3de72396511a3ece66d65f2048791847afe535593bdcbb54fb70606","2026-06-07T16:15:00.000","1","DRIVER",,"2214505",,"UNKNOWN","OTHER (EXPLAIN IN NARRATIVE)","IL",,"UNKNOWN","PASSENGER","UNKNOWN/NA","N","STRAIGHT AHEAD",,,"1",,,,,"N",,,,,,,,,,"N","Y",,"FRONT",,,,,,,,,,,,,,,,,,,,,,,,,,,,,,,,,
"2321868","c7050d61ba00d2fe3a6a6210ca4c170d1db60abb29b44797a11ca0941552d0bc6a3d0568a3de72396511a3ece66d65f2048791847afe535593bdcbb54fb70606","2026-06-07T16:15:00.000","2","DRIVER",,"2214507",,"BMW","X3","IL","2022","NONE","PASSENGER","PERSONAL","N","STRAIGHT AHEAD",,,"1",,,,,,,,,"Y","Y","Y",,,,,,,"REAR",,,,,,,,,,,,,,,,,,,,,,,,,,,,,,,,,
"2321569","b60c81c8a9f1d40f71dea63861054b16c84e81eb95b41dfe04790bdaa602dee5fc8991ea0777edb7dd0f3b8093afeadf13f9917a2616ec1db30b9772b1fdc420","2026-06-07T16:09:00.000","1","DRIVER",,"2214214",,"TOYOTA","RAV4","IL","2025","UNKNOWN","SPORT UTILITY VEHICLE (SUV)","TAXI/FOR HIRE","W","STRAIGHT AHEAD",,,"1",,,,"N",,,,,,,,,,,,,"Y","UNKNOWN",,,,,,,,,,,,,,,,,,,,,,,,,,,,,,,,,
"2321570","b60c81c8a9f1d40f71dea63861054b16c84e81eb95b41dfe04790bdaa602dee5fc8991ea0777edb7dd0f3b8093afeadf13f9917a2616ec1db30b9772b1fdc420","2026-06-07T16:09:00.000","2","PARKED",,"2214219",,"HONDA","ACCORD","IL","2015","UNKNOWN","PASSENGER","UNKNOWN/NA","W","PARKED",,,"0",,,,,,,"Y",,,,,,,,,,,"SIDE-RIGHT",,,,,,,,,,,,,,,,,,,,,,,,,,,,,,,,,
"2322160","05e13d6d0c2ffb36e42056dfd789eeab56fdd81629a402da111ecdc70590946bc88eee13cf76425079b56b056404fd7f368fd491e15d8f9f13053baf8ba57aba","2026-06-07T16:00:00.000","1","DRIVER",,"2214769",,"JEEP","PATRIOT","IL","2006","UNKNOWN","SPORT UTILITY VEHICLE (SUV)","UNKNOWN/NA","N","CHANGING LANES",,,"1",,,,,,,,,,,,,,,,,"Y","FRONT-LEFT-CORNER",,,,,,,,,,,,,,,,,,,,,,,,,,,,,,,,,
"2322161","05e13d6d0c2ffb36e42056dfd789eeab56fdd81629a402da111ecdc70590946bc88eee13cf76425079b56b056404fd7f368fd491e15d8f9f13053baf8ba57aba","2026-06-07T16:00:00.000","2","DRIVER",,"2214775",,"VOLKSWAGEN","JETTA","IL","2021","NONE","PASSENGER","PERSONAL","N","STRAIGHT AHEAD",,,"1",,,,,,,"Y",,,,,,,,,,,"SIDE-RIGHT",,,,,,,,,,,,,,,,,,,,,,,,,,,,,,,,,
"2321563","4a8e066e9c13d15ceb44ba99c8d31ede6cf3521be2c3f501ffcc52a040a9572a15e63d35eeb4c2e3657bfe5bdaa7baf094fc2a4c407bd0133325c6efdeb04c50","2026-06-07T16:00:00.000","1","DRIVER",,"2214210",,"NISSAN","SENTRA","IL","2016","NONE","PASSENGER","PERSONAL","N","CHANGING LANES",,,"1",,,,,"Y",,,,,,,,,,,,,"FRONT-RIGHT-CORNER",,,,,,,,,,,,,,,,,,,,,,,,,,,,,,,,,
"2321564","4a8e066e9c13d15ceb44ba99c8d31ede6cf3521be2c3f501ffcc52a040a9572a15e63d35eeb4c2e3657bfe5bdaa7baf094fc2a4c407bd0133325c6efdeb04c50","2026-06-07T16:00:00.000","2","DRIVER",,"2214216",,"BUICK","ENCORE","IL","2024","NONE","SPORT UTILITY VEHICLE (SUV)","OTHER","N","STRAIGHT AHEAD",,,"1",,,,,,,,,,,,,"Y",,,,,"SIDE-LEFT",,,,,,,,,,,,,,,,,,,,,,,,,,,,,,,,,
"2321622","f6aae757271e94978d45d230f8dc26f3e130f9c446a2ba0bea38ada7cbdb6c5d6e9bf229468c92a20d563d34648b5300afe4b4be14f30f4205a7c70c02dc8d88","2026-06-07T15:59:00.000","1","DRIVER",,"2214298",,"UNKNOWN","MOTORIZED","IL",,"UNKNOWN","UNKNOWN/NA","UNKNOWN/NA","SE","STRAIGHT AHEAD",,,"1",,,,,"Y","Y","Y",,,,,,,,,,,"SIDE-RIGHT-FRONT",,,,,,,,,,,,,,,,,,,,,,,,,,,,,,,,,
"2321623","f6aae757271e94978d45d230f8dc26f3e130f9c446a2ba0bea38ada7cbdb6c5d6e9bf229468c92a20d563d34648b5300afe4b4be14f30f4205a7c70c02dc8d88","2026-06-07T15:59:00.000","2","DRIVER","1","2214304",,"HONDA","CIVIC","IL","2016","UNKNOWN","SPORT UTILITY VEHICLE (SUV)","PERSONAL","SE","STRAIGHT AHEAD",,,"2",,,,,,,,,,,"Y","Y","Y","Y","Y",,,"SIDE-LEFT",,,,,,,,,,,,,,,,,,,,,,,,,,,,,,,,,
"2321615","eb3f6482681bb1273c4a258005940a16b93e05913cf49c9c4864d9d47952b53e29d70b0ec15bdeebcb787065c16aadd9fc19520a40d876b88e8ff4c034b679ee","2026-06-07T15:57:00.000","1","DRIVER",,"2214264",,"UNKNOWN","MOTORIZED",,,"UNKNOWN","UNKNOWN/NA","UNKNOWN/NA","W","TURNING LEFT",,,"1",,,,,,,,,,,,,,,,,,"NONE",,,,,,,,,,,,,,,,,,,,,,,,,,,,,,,,,
"2321616","eb3f6482681bb1273c4a258005940a16b93e05913cf49c9c4864d9d47952b53e29d70b0ec15bdeebcb787065c16aadd9fc19520a40d876b88e8ff4c034b679ee","2026-06-07T15:57:00.000","2","DRIVER","2","2214270",,"CHEVROLET","EQUINOX","IL","2018","UNKNOWN","SPORT UTILITY VEHICLE (SUV)","PERSONAL","E","STRAIGHT AHEAD","Y",,"3",,"PRIVATE TOW",,,"Y","Y","Y","Y","Y",,,,,,"Y","Y",,"SIDE-RIGHT",,,,,,,,,,,,,,,,,,,,,,,,,,,,,,,,,
"2321617","eb3f6482681bb1273c4a258005940a16b93e05913cf49c9c4864d9d47952b53e29d70b0ec15bdeebcb787065c16aadd9fc19520a40d876b88e8ff4c034b679ee","2026-06-07T15:57:00.000","3","PARKED",,"2214274",,"KIA","OTHER (EXPLAIN IN NARRATIVE)","IL","2023","NONE","VAN/MINI-VAN","NOT IN USE","W","PARKED",,,"0",,,,,,,,,,,"Y","Y","Y",,,,,"SIDE-LEFT-REAR",,,,,,,,,,,,,,,,,,,,,,,,,,,,,,,,,
"2322070","b38986c6d3d23a7ffc0c21f825b085f674731bac12021ace9bbc605bc40fe6ebb01466c55f732cf4197c7bb2551eb595b89cf4c864b1664c1d968f766558e23e","2026-06-07T15:50:00.000","1","DRIVER",,"2214683",,"UNKNOWN","OTHER (EXPLAIN IN NARRATIVE)","IL",,"UNKNOWN","UNKNOWN/NA","UNKNOWN/NA","UNKNOWN","STRAIGHT AHEAD",,,"1",,,,,,,,,,,,,,,,,"Y","SIDE-RIGHT",,,,,,,,,,,,,,,,,,,,,,,,,,,,,,,,,
"2322071","b38986c6d3d23a7ffc0c21f825b085f674731bac12021ace9bbc605bc40fe6ebb01466c55f732cf4197c7bb2551eb595b89cf4c864b1664c1d968f766558e23e","2026-06-07T15:50:00.000","2","PARKED",,"2214688",,"CHEVROLET","TRAVERSE","IL","2014","NONE","PASSENGER","PERSONAL","UNKNOWN","PARKED",,,"0",,,,,,,,,,,,,"Y",,,,,"SIDE-LEFT",,,,,,,,,,,,,,,,,,,,,,,,,,,,,,,,,
"2321565","b774e5da5d0d52fc62a9327a9cbab8c626b1d984c9127e27f5cc2d3e7885475fd28bbb6b238966cfcf311c0f040c72444fb9673ee4208910ed68af164a561d38","2026-06-07T15:41:00.000","1","DRIVER",,"2214211",,"CHEVROLET","MALIBU","IL","2020","UNKNOWN","PASSENGER","UNKNOWN/NA","W","STRAIGHT AHEAD",,,"1",,,,,,,,,,,,,,,,,"Y","UNKNOWN",,,,,,,,,,,,,,,,,,,,,,,,,,,,,,,,,
"2321566","b774e5da5d0d52fc62a9327a9cbab8c626b1d984c9127e27f5cc2d3e7885475fd28bbb6b238966cfcf311c0f040c72444fb9673ee4208910ed68af164a561d38","2026-06-07T15:41:00.000","2","DRIVER",,"2214222",,"TESLA","MODEL Y",,"2024","UNKNOWN","PASSENGER","UNKNOWN/NA","W","STRAIGHT AHEAD",,,"1",,,,,,,,,,"Y",,,,,,,,"REAR",,,,,,,,,,,,,,,,,,,,,,,,,,,,,,,,,
"2321639","30502a17864b6498e36e67a14714086b7e8b31026aceaf967f918d3872a2f052dacfaa6c1c95ce84b21802260e167c64daa875da18c7d9781053430c23e1aea2","2026-06-07T15:40:00.000","1","DRIVER",,"2214314",,"CADILLAC","XT4","IL","2022","UNKNOWN","SPORT UTILITY VEHICLE (SUV)","PERSONAL","S","TURNING RIGHT",,,"1",,,,,,,,,,,,,,,,,,"SIDE-RIGHT-REAR",,,,,,,,,,,,,,,,,,,,,,,,,,,,,,,,,
"2321640","30502a17864b6498e36e67a14714086b7e8b31026aceaf967f918d3872a2f052dacfaa6c1c95ce84b21802260e167c64daa875da18c7d9781053430c23e1aea2","2026-06-07T15:40:00.000","2","DRIVER",,"2214317",,"CHEVROLET","TRAVERSE","IL","2019","UNKNOWN","SPORT UTILITY VEHICLE (SUV)","PERSONAL","UNKNOWN","TURNING RIGHT",,,"1",,,,,,,,,,,,,,,"Y",,,"FRONT-LEFT-CORNER",,,,,,,,,,,,,,,,,,,,,,,,,,,,,,,,,
"2321525","9dbfa0f5c40f7952267162abdcf4b57f805501b86296004ab695ce87d90363a529d10f1534b5e2cc37a90e6ff85bdb6cca8d3a5dec2af9c73d0bf9d8e3c3125e","2026-06-07T15:34:00.000","1","DRIVER",,"2214185",,"VOLKSWAGEN","JETTA","IL","2021","NONE","PASSENGER","PERSONAL","N","STRAIGHT AHEAD",,,"1",,,,,,,,,,,,,,,,"Y",,"FRONT",,,,,,,,,,,,,,,,,,,,,,,,,,,,,,,,,
"2321526","9dbfa0f5c40f7952267162abdcf4b57f805501b86296004ab695ce87d90363a529d10f1534b5e2cc37a90e6ff85bdb6cca8d3a5dec2af9c73d0bf9d8e3c3125e","2026-06-07T15:34:00.000","2","DRIVER","1","2214173",,"HONDA","CIVIC","IL","2023","NONE","PASSENGER","PERSONAL","N","STRAIGHT AHEAD",,,"2",,,,,,,,,,"Y",,,,,,"Y",,"REAR",,,,,,,,,,,,,,,,,,,,,,,,,,,,,,,,,
"2321527","9dbfa0f5c40f7952267162abdcf4b57f805501b86296004ab695ce87d90363a529d10f1534b5e2cc37a90e6ff85bdb6cca8d3a5dec2af9c73d0bf9d8e3c3125e","2026-06-07T15:34:00.000","3","DRIVER",,"2214182",,"CHEVROLET","COBALT","IL","2010","NONE","PASSENGER","PERSONAL","N","STRAIGHT AHEAD",,,"1",,,,,,,,,,"Y",,,,,,,,"REAR",,,,,,,,,,,,,,,,,,,,,,,,,,,,,,,,,
"2321547","0483846376fafbe3a6125f2db7ff01d3649200d3cece081d70f72add35f6020e270bd7334ff35063a32328caee09ed8ef7d378d1820d4ec683aac78e5a276914","2026-06-07T15:30:00.000","1","DRIVER",,"2214212",,"CHEVROLET","EQUINOX","IL","2018","UNKNOWN","SPORT UTILITY VEHICLE (SUV)","PERSONAL","W","STRAIGHT AHEAD",,,"1",,,,,"Y",,,,,,,,,,"Y","Y","Y","FRONT",,,,,,,,,,,,,,,,,,,,,,,,,,,,,,,,,
"2321548","0483846376fafbe3a6125f2db7ff01d3649200d3cece081d70f72add35f6020e270bd7334ff35063a32328caee09ed8ef7d378d1820d4ec683aac78e5a276914","2026-06-07T15:30:00.000","2","DRIVER","1","2214221",,"HONDA","CR-V","IL","2026","UNKNOWN","SPORT UTILITY VEHICLE (SUV)","PERSONAL","W","SLOW/STOP IN TRAFFIC",,,"2",,,,,,,,,"Y","Y","Y",,,,,,"Y","REAR",,,,,,,,,,,,,,,,,,,,,,,,,,,,,,,,,
"2321533","4d79999f10d9ff5d15cd2c05dd1f7e469170d1f08513c747d4929de7d9977019708d52148783986c27dba7581d60a49339431c71a2a2b82751643f11eb11d54d","2026-06-07T15:30:00.000","1","DRIVER",,"2214184",,"UNKNOWN","OTHER (EXPLAIN IN NARRATIVE)",,,"UNKNOWN","UNKNOWN/NA","UNKNOWN/NA","E","STRAIGHT AHEAD",,,"1",,,,,,,,,,,,,,,,,"Y","FRONT",,,,,,,,,,,,,,,,,,,,,,,,,,,,,,,,,
"2321534","4d79999f10d9ff5d15cd2c05dd1f7e469170d1f08513c747d4929de7d9977019708d52148783986c27dba7581d60a49339431c71a2a2b82751643f11eb11d54d","2026-06-07T15:30:00.000","2","DRIVER",,"2214189",,"FORD","ESCAPE","IL","2019","UNKNOWN","UNKNOWN/NA","PERSONAL","E","STRAIGHT AHEAD",,,"1",,,,,,,,,"Y","Y","Y",,,,,,,"REAR",,,,,,,,,,,,,,,,,,,,,,,,,,,,,,,,,
"2321535","4d79999f10d9ff5d15cd2c05dd1f7e469170d1f08513c747d4929de7d9977019708d52148783986c27dba7581d60a49339431c71a2a2b82751643f11eb11d54d","2026-06-07T15:30:00.000","3","DRIVER",,"2214193",,"TOYOTA","RAV4","IL","2018","UNKNOWN","SPORT UTILITY VEHICLE (SUV)","UNKNOWN/NA","E","STRAIGHT AHEAD",,,"1",,,,,,,,,"Y","Y","Y",,,,,,,"REAR",,,,,,,,,,,,,,,,,,,,,,,,,,,,,,,,,
"2321536","4d79999f10d9ff5d15cd2c05dd1f7e469170d1f08513c747d4929de7d9977019708d52148783986c27dba7581d60a49339431c71a2a2b82751643f11eb11d54d","2026-06-07T15:30:00.000","4","DRIVER",,"2214195",,"TOYOTA","CAMRY","IL","2017","UNKNOWN","UNKNOWN/NA","UNKNOWN/NA","E","UNKNOWN/NA",,,"1",,,,,,,,,"Y","Y","Y",,,,,,,"NONE",,,,,,,,,,,,,,,,,,,,,,,,,,,,,,,,,
"2321557","85f3246ffe448108905468d9fdd4f3a367a14ffbc19a516bae73ea59ef8d214371fd97b0fcad3aa62d4177f7ffc2f32a59435badbbd5b8fb71c8d3c52975f60b","2026-06-07T15:20:00.000","1","DRIVER",,"2214199",,"JEEP","WRANGLER","IL",,"NONE","SPORT UTILITY VEHICLE (SUV)","UNKNOWN/NA","S","STRAIGHT AHEAD",,,"1",,,,,,,,,,,,,"N","N","N",,"Y","UNKNOWN",,,,,,,,,,,,,,,,,,,,,,,,,,,,,,,,,
"2321558","85f3246ffe448108905468d9fdd4f3a367a14ffbc19a516bae73ea59ef8d214371fd97b0fcad3aa62d4177f7ffc2f32a59435badbbd5b8fb71c8d3c52975f60b","2026-06-07T15:20:00.000","2","PARKED",,"2214204",,"PORSCHE","PANAMERA","IL","2011","NONE","PASSENGER","PERSONAL","S","PARKED",,,"0",,,,,,,,"Y","Y",,,,,,,,,"REAR-RIGHT-CORNER",,,,,,,,,,,,,,,,,,,,,,,,,,,,,,,,,
"2321508","5dc4c889b197ff6d2eedbcb0475e5819a92a4cde5d58760f3a66ce0b49050a7f048c932018858f92dd14d9d9be8f5fafab5b70605bbffe92aa702d25c9807250","2026-06-07T15:02:00.000","1","DRIVER","1","2214160",,"VOLVO","XC60","IL","2018","NONE","SPORT UTILITY VEHICLE (SUV)","PERSONAL","N","TURNING LEFT",,,"2",,,,,"Y",,,,,,,,,,,,,"FRONT-RIGHT-CORNER",,,,,,,,,,,,,,,,,,,,,,,,,,,,,,,,,
"2321509","5dc4c889b197ff6d2eedbcb0475e5819a92a4cde5d58760f3a66ce0b49050a7f048c932018858f92dd14d9d9be8f5fafab5b70605bbffe92aa702d25c9807250","2026-06-07T15:02:00.000","2","DRIVER","1","2214165",,"CHEVROLET","TRAX","IL","2025","NONE","SPORT UTILITY VEHICLE (SUV)","PERSONAL","W","STRAIGHT AHEAD",,,"2",,,,,,,,,,,"Y","Y",,,,,,"SIDE-LEFT-REAR",,,,,,,,,,,,,,,,,,,,,,,,,,,,,,,,,
"2321944","4bba3b9b5fb2a6aaf5efbe923257ebb05d59280079176a81bad7ec761c4ab040fd6730faad8b3437985b4af8c679bd865e4b1e71171259e1c4f1791866574799","2026-06-07T15:00:00.000","1","DRIVER",,"2214566",,"UNKNOWN","MOTORIZED",,,"UNKNOWN","UNKNOWN/NA","UNKNOWN/NA","UNKNOWN","UNKNOWN/NA",,,"1",,,,,,,,,,,,,,,,,"Y","UNKNOWN",,,,,,,,,,,,,,,,,,,,,,,,,,,,,,,,,
"2321945","4bba3b9b5fb2a6aaf5efbe923257ebb05d59280079176a81bad7ec761c4ab040fd6730faad8b3437985b4af8c679bd865e4b1e71171259e1c4f1791866574799","2026-06-07T15:00:00.000","2","PARKED",,"2214574",,"JEEP","GRAND CHEROKEE","IL","2017","UNKNOWN","PASSENGER","NOT IN USE","S","PARKED",,,"0",,,,,,,,,,,,,,"Y","Y",,,"FRONT-LEFT-CORNER",,,,,,,,,,,,,,,,,,,,,,,,,,,,,,,,,
"2321505","7721f18d950707e8c9f1f536e06c7a7971a52d6c76f6bf82b90d52f1a21e83da2badacd6e393967b6b0d75cbd1ac9d492a3e4407c46e4a62e31e546930d4770b","2026-06-07T15:00:00.000","1","DRIVER",,"2214163",,"GREAT DANE TRAILERS INC.","GREAT DANE TRAILERS INC.","IL","2004","UNKNOWN","TRACTOR W/O SEMI-TRAILER","OTHER","E","STRAIGHT AHEAD","Y",,"1",,"PRIVATE",,,,,,,,,,,,,,,,"TOP",,,,,,,,,,,,,,,,,,,,,,,,,,,,,,,,,
"2321561","9c1deeb31ae61f006da396a2355282c2174346f952450c2a81225c1621bb61c09b6a1a7fa3ac5f9ff8597d1ac6e8a1189c8997c9f7802d796f68e345a544c542","2026-06-07T14:55:00.000","1","DRIVER",,"2214203",,"CHEVROLET","EQUINOX","IL","2013","NONE","PASSENGER","PERSONAL","E","STRAIGHT AHEAD",,,"1",,,,,,,,,,,,,,,,,"Y","FRONT",,,,,,,,,,,,,,,,,,,,,,,,,,,,,,,,,
"2321562","9c1deeb31ae61f006da396a2355282c2174346f952450c2a81225c1621bb61c09b6a1a7fa3ac5f9ff8597d1ac6e8a1189c8997c9f7802d796f68e345a544c542","2026-06-07T14:55:00.000","2","DRIVER","1","2214206",,"LEXUS","ES250","IL","2014","UNKNOWN","PASSENGER","PERSONAL","N","TURNING RIGHT",,,"2",,,,,,,,,,,,,,"Y","Y",,,"FRONT-LEFT-CORNER",,,,,,,,,,,,,,,,,,,,,,,,,,,,,,,,,
"2321544","a07058df3effd55fc8d2bc5c87d8d5d8e2ca355d57c21a86beb1fe0e7af73ec50fecfca5bb97de0492d29bf4dfc51180cb9066fd95b9335963c843b7c03177d9","2026-06-07T14:40:00.000","1","DRIVER",,"2214196",,"CHEVROLET","TAHOE","IL","2015","NONE","PASSENGER","PERSONAL","W","STRAIGHT AHEAD",,,"1",,,,,,"N","Y","Y",,,,,,,,,,"SIDE-RIGHT-FRONT",,,,,,,,,,,,,,,,,,,,,,,,,,,,,,,,,
"2321545","a07058df3effd55fc8d2bc5c87d8d5d8e2ca355d57c21a86beb1fe0e7af73ec50fecfca5bb97de0492d29bf4dfc51180cb9066fd95b9335963c843b7c03177d9","2026-06-07T14:40:00.000","2","PARKED",,"2214194",,"FORD","SUPER DUTY","IL","2014","NONE","OTHER","AMBULANCE","W","PARKED",,,"0",,,,,,,,,,,"Y",,,,,,,"REAR-LEFT-CORNER",,,,,,,,,,,,,,,,,,,,,,,,,,,,,,,,,
"2321540","5ff19cbce4521ee2431a0e06a72e7f0bce6186d1fba75b19b972d760aa46dcd91e6088da5cb9dcf2fa22a08eaf5a7a93348ac288849b0c0a92eccc902b373de0","2026-06-07T14:29:00.000","1","DRIVER",,"2214187",,"TOYOTA","COROLLA","IL","2005","UNKNOWN","PASSENGER","PERSONAL","W","U-TURN",,,"1",,,,,"Y",,,,,,,,,,"Y","Y",,"FRONT",,,,,,,,,,,,,,,,,,,,,,,,,,,,,,,,,
"2321546","5ff19cbce4521ee2431a0e06a72e7f0bce6186d1fba75b19b972d760aa46dcd91e6088da5cb9dcf2fa22a08eaf5a7a93348ac288849b0c0a92eccc902b373de0","2026-06-07T14:29:00.000","2","DRIVER",,"2214205",,"TRIUMPH","OTHER (EXPLAIN IN NARRATIVE)","IL","2022","UNKNOWN","PASSENGER","PERSONAL","E","STRAIGHT AHEAD",,,"1",,,,,,,,,,,"Y","Y","Y","Y","Y",,,"SIDE-LEFT",,,,,,,,,,,,,,,,,,,,,,,,,,,,,,,,,
"2321531","814e446cfda3c7bf36254d61a3f7d25c93d7caa1032fee60ba2cf2454a51d1e53d29331616e3e6d118bed552e927696c76e517771d8a17feef3537e0a7bb942e","2026-06-07T14:27:00.000","1","PARKED","1","2214176",,"HONDA","CR-V","IL","2008","NONE","PASSENGER","NOT IN USE","W","PARKED",,,"1",,,,,,,,,,,,,,"Y",,,,"SIDE-LEFT",,,,,,,,,,,,,,,,,,,,,,,,,,,,,,,,,
"2321532","814e446cfda3c7bf36254d61a3f7d25c93d7caa1032fee60ba2cf2454a51d1e53d29331616e3e6d118bed552e927696c76e517771d8a17feef3537e0a7bb942e","2026-06-07T14:27:00.000","2","BICYCLE",,,,,,,,,,,,,,,,,,,,,,,,,,,,,,,,,,,,,,,,,,,,,,,,,,,,,,,,,,,,,,,,,,
"2321523","d7bcf24861c004680e573c92ef1b90fc8637f63a28465f2e706f17e9538c0c7c163a43213943945e30436342b327c536096430b6e410d1704032e9dbc10ccaf8","2026-06-07T14:20:00.000","1","DRIVER",,"2214179",,"HYUNDAI","OTHER (EXPLAIN IN NARRATIVE)","IL","2006","UNKNOWN","PASSENGER","UNKNOWN/NA","W","STRAIGHT AHEAD",,,"1",,,,,,,,,,,,,,,,,"Y","FRONT-LEFT-CORNER",,,,,,,,,,,,,,,,,,,,,,,,,,,,,,,,,
"2321524","d7bcf24861c004680e573c92ef1b90fc8637f63a28465f2e706f17e9538c0c7c163a43213943945e30436342b327c536096430b6e410d1704032e9dbc10ccaf8","2026-06-07T14:20:00.000","2","PARKED",,"2214171",,"NISSAN","VERSA","IL","2012","NONE","PASSENGER","PERSONAL","W","PARKED",,,"0",,,,,,"Y","Y","Y",,,,,,,,,,"SIDE-RIGHT",,,,,,,,,,,,,,,,,,,,,,,,,,,,,,,,,
"2321541","1c9738b35ca7bdf36685fdbc2c68af688e41c190e4ba81ea995236c5559c71b9e41d10329f1e22520b40f5e47d79aa1794a189e693bc0b98c603213f8ff862a0","2026-06-07T14:18:00.000","1","DRIVER",,"2214188",,"JEEP","GRAND CHEROKEE","IL","2023","OTHER","SPORT UTILITY VEHICLE (SUV)","PERSONAL","W","STRAIGHT AHEAD","Y",,"1",,"PERSONAL",,,"Y","Y","Y",,,,,,,,"Y","Y",,"FRONT-RIGHT-CORNER",,,,,,,,,,,,,,,,,,,,,,,,,,,,,,,,,
"2321542","1c9738b35ca7bdf36685fdbc2c68af688e41c190e4ba81ea995236c5559c71b9e41d10329f1e22520b40f5e47d79aa1794a189e693bc0b98c603213f8ff862a0","2026-06-07T14:18:00.000","2","PARKED",,"2214190",,"HYUNDAI","GENESIS","IL","2012","UNKNOWN","PASSENGER","PERSONAL","W","PARKED",,,"0",,,,,"Y",,,,,"N","Y","Y",,,"Y","Y",,"REAR-LEFT-CORNER",,,,,,,,,,,,,,,,,,,,,,,,,,,,,,,,,
"2321543","1c9738b35ca7bdf36685fdbc2c68af688e41c190e4ba81ea995236c5559c71b9e41d10329f1e22520b40f5e47d79aa1794a189e693bc0b98c603213f8ff862a0","2026-06-07T14:18:00.000","3","PARKED",,"2214192",,"JEEP","GRAND CHEROKEE","IL","2014","UNKNOWN","SPORT UTILITY VEHICLE (SUV)","PERSONAL","W","PARKED",,,"0",,,,"N",,,,,"Y","Y","Y","Y",,,,,,"SIDE-LEFT-REAR",,,,,,,,,,,,,,,,,,,,,,,,,,,,,,,,,
"2321987","9c43f8715be0316a69e6b0a21f9b146a459262d8f5ba782443eba1e3bb1deae00d9c739d4219321c9174ee9fbf3192349e643b423133dec00eed2a542f8b6377","2026-06-07T14:15:00.000","1","DRIVER",,"2214614",,"UNKNOWN","OTHER (EXPLAIN IN NARRATIVE)",,,"UNKNOWN","SPORT UTILITY VEHICLE (SUV)","UNKNOWN/NA","N","STRAIGHT AHEAD",,,"1",,,,,,,,,,,,,,,,,"Y","FRONT",,,,,,,,,,,,,,,,,,,,,,,,,,,,,,,,,
"2321988","9c43f8715be0316a69e6b0a21f9b146a459262d8f5ba782443eba1e3bb1deae00d9c739d4219321c9174ee9fbf3192349e643b423133dec00eed2a542f8b6377","2026-06-07T14:15:00.000","2","DRIVER",,"2214612",,"LEXUS","RX350","IL","2018","NONE","SPORT UTILITY VEHICLE (SUV)","PERSONAL","N","SLOW/STOP IN TRAFFIC",,,"1",,,,,,,,,,"Y","Y",,,,,,,"REAR-LEFT-CORNER",,,,,,,,,,,,,,,,,,,,,,,,,,,,,,,,,
"2321493","ae163cb82e57813f4d5ef3c63571f4b401de0365a1a53dc0cd3622a862bfd490266ae4378775cd29b269798f9a2b707ff360dcb4852dd04316fe949283e4f129","2026-06-07T14:10:00.000","1","DRIVER",,"2214161",,"GENERAL MOTORS CORPORATION (GMC)","ACADIA","IL","2008","NONE","PASSENGER","PERSONAL","S","BACKING",,,"1",,,,,,,,,,,"Y",,,,,,,"REAR-LEFT-CORNER",,,,,,,,,,,,,,,,,,,,,,,,,,,,,,,,,
"2321494","ae163cb82e57813f4d5ef3c63571f4b401de0365a1a53dc0cd3622a862bfd490266ae4378775cd29b269798f9a2b707ff360dcb4852dd04316fe949283e4f129","2026-06-07T14:10:00.000","2","DRIVER","1","2214164",,"BUICK","ENCORE","IL","2015","NONE","PASSENGER","PERSONAL","N","STRAIGHT AHEAD",,,"2",,,,,"Y",,,,,,,,,,,,,"FRONT-RIGHT-CORNER",,,,,,,,,,,,,,,,,,,,,,,,,,,,,,,,,
"2321538","195647206ded40dff895442f7a7c4648b1fb9d6b6f3ca0f660d1128118cc8b1d7e641ddbb6dff073ec5015e3204136e92f63331aca9b145753fd744459cb0e47","2026-06-07T14:09:00.000","1","DRIVER",,"2214191",,"CHEVROLET","EQUINOX","IL","2017","UNKNOWN","SPORT UTILITY VEHICLE (SUV)","PERSONAL","N","PASSING/OVERTAKING",,,"1",,,,,,,,,,,,,,,,,"Y","UNKNOWN",,,,,,,,,,,,,,,,,,,,,,,,,,,,,,,,,
"2321539","195647206ded40dff895442f7a7c4648b1fb9d6b6f3ca0f660d1128118cc8b1d7e641ddbb6dff073ec5015e3204136e92f63331aca9b145753fd744459cb0e47","2026-06-07T14:09:00.000","2","DRIVER",,"2214197",,"FORD","BRONCO / BRONCO II","IL","2025","NONE","SPORT UTILITY VEHICLE (SUV)","PERSONAL","N","CHANGING LANES",,,"1",,,,,,,,,,,,,,,"Y",,,"FRONT-LEFT-CORNER",,,,,,,,,,,,,,,,,,,,,,,,,,,,,,,,,
"2321759","4c05944b0f8beed69883a101b11db184e24c8d8a77ebc4dffe509548e3b5ee678cbb10fb72f56a571cf2072bd26346745ecfe72482049e43bf20ee4158e70ab5","2026-06-07T14:08:00.000","1","DRIVER",,"2214400",,"FORD","BRONCO / BRONCO II","IL","2025","UNKNOWN","SPORT UTILITY VEHICLE (SUV)","PERSONAL","N","CHANGING LANES",,,"1",,,,,,,,,,,,,,,,,"Y","SIDE-LEFT",,,,,,,,,,,,,,,,,,,,,,,,,,,,,,,,,
"2321760","4c05944b0f8beed69883a101b11db184e24c8d8a77ebc4dffe509548e3b5ee678cbb10fb72f56a571cf2072bd26346745ecfe72482049e43bf20ee4158e70ab5","2026-06-07T14:08:00.000","2","DRIVER","1","2214404",,"CHEVROLET","EQUINOX","IL","2017","NONE","SPORT UTILITY VEHICLE (SUV)","PERSONAL","N","STRAIGHT AHEAD",,,"2",,,,,"Y","Y","Y","Y","Y",,,,,,,,,"SIDE-RIGHT",,,,,,,,,,,,,,,,,,,,,,,,,,,,,,,,,
"2321497","ad362dfa8223aa4dedcbcfdbf88f5dcab8cfb3874c506b58783f1d870ccf2b975555b8bd28c44cb218b3567b34cb9e390294e5139e31c6e95d085cb86a2ea460","2026-06-07T14:05:00.000","1","DRIVER",,"2214156",,"VOLVO","S60","IL","2005","NONE","PASSENGER","PERSONAL","N","STRAIGHT AHEAD",,,"1",,,,,,,,,,,,,,,,"Y",,"FRONT",,,,,,,,,,,,,,,,,,,,,,,,,,,,,,,,,
"2321498","ad362dfa8223aa4dedcbcfdbf88f5dcab8cfb3874c506b58783f1d870ccf2b975555b8bd28c44cb218b3567b34cb9e390294e5139e31c6e95d085cb86a2ea460","2026-06-07T14:05:00.000","2","DRIVER",,"2214158",,"MASERATI","LEVANTE","IL","2020","NONE","PASSENGER","PERSONAL","E","TURNING LEFT",,,"1",,,,,"Y","Y",,,,,,,,,,,,"FRONT-RIGHT-CORNER",,,,,,,,,,,,,,,,,,,,,,,,,,,,,,,,,
"2321473","9504d74c01a28cdf1a31f048bbc5a22a0a32856ebda739fd3273c56eacae0ddc3befacd1ede4024c0c72b4e26a949abea5d63dfad07656c82a719544d6cd02bf","2026-06-07T14:00:00.000","1","DRIVER",,"2214126",,"HYUNDAI","ELANTRA","IL",,"UNKNOWN","PASSENGER","UNKNOWN/NA","E","STRAIGHT AHEAD",,,"1",,,,,,,,,,,,,,,,"Y",,"UNKNOWN",,,,,,,,,,,,,,,,,,,,,,,,,,,,,,,,,
"2321474","9504d74c01a28cdf1a31f048bbc5a22a0a32856ebda739fd3273c56eacae0ddc3befacd1ede4024c0c72b4e26a949abea5d63dfad07656c82a719544d6cd02bf","2026-06-07T14:00:00.000","2","DRIVER",,"2214132",,"MERCEDES-BENZ","GLK350",,"2013","NONE","PASSENGER","PERSONAL","S","STRAIGHT AHEAD",,,"1",,,,,,,,"Y","Y",,,,,,,,,"UNKNOWN",,,,,,,,,,,,,,,,,,,,,,,,,,,,,,,,,
"2321537","4f00d185b627dfaa52c01d1ced5d07ce1b22bfe6196f77f086a8cd8298f88a524fe6152ee64d88ca281b57b6bc8d183d1b6a2bc33abc69299d678bedc946e716","2026-06-07T13:55:00.000","1","DRIVER",,"2214181",,"CHEVROLET","IMPALA","IL","2007","UNKNOWN","PASSENGER","UNKNOWN/NA","E","SKIDDING/CONTROL LOSS","Y",,"1",,"steets and san","pound #6",,"Y","Y",,,,,,,,"Y","Y","Y",,"FRONT",,,,,,,,,,,,,,,,,,,,,,,,,,,,,,,,,
"2321551","5dfb299a12426075485b122b1d6a87f07de73e7f958a7373565c484d83c73a8416ff9c579a7e85ceed80fe6a717d57ec5232b435e2477f6ce9019b1f91f56ea4","2026-06-07T13:55:00.000","1","DRIVER",,"2214201",,"FORD","ECONOLINE 100","AZ","2021","NONE","OTHER","PERSONAL","E","STRAIGHT AHEAD",,,"1",,,,,,,,,,,,,,"N","N",,"Y","SIDE-LEFT",,,,,,,,,,,,,,,,,,,,,,,,,,,,,,,,,
"2321552","5dfb299a12426075485b122b1d6a87f07de73e7f958a7373565c484d83c73a8416ff9c579a7e85ceed80fe6a717d57ec5232b435e2477f6ce9019b1f91f56ea4","2026-06-07T13:55:00.000","2","DRIVER",,"2214213",,"AUDI","Q5","IL","2025","NONE","SPORT UTILITY VEHICLE (SUV)","PERSONAL","W","SLOW/STOP IN TRAFFIC",,,"1",,,,,,,,,,,,,"N","Y","Y",,,"FRONT-LEFT-CORNER",,,,,,,,,,,,,,,,,,,,,,,,,,,,,,,,,
"2321484","4c1c0be4daeb07ecf2327123e644ca1c1fc188fe2a4211345e1dbea70c0f3f0c6e95bcbc1e694946f0790b8d0e1daf2db44a4e97c6876384b266292b3c360299","2026-06-07T13:45:00.000","1","DRIVER",,"2214145",,"TOYOTA","PRIUS","IL","2010","UNKNOWN","PASSENGER","OTHER","E","UNKNOWN/NA",,,"1",,,,,,,,,,,,,,,,"Y",,"FRONT",,,,,,,,,,,,,,,,,,,,,,,,,,,,,,,,,
"2321485","4c1c0be4daeb07ecf2327123e644ca1c1fc188fe2a4211345e1dbea70c0f3f0c6e95bcbc1e694946f0790b8d0e1daf2db44a4e97c6876384b266292b3c360299","2026-06-07T13:45:00.000","2","DRIVER",,"2214146",,"NISSAN","PATHFINDER","IL","2017","NONE","SPORT UTILITY VEHICLE (SUV)","PERSONAL","N","STRAIGHT AHEAD",,,"1",,,,,,,,,,,,,"Y",,,,,"SIDE-LEFT",,,,,,,,,,,,,,,,,,,,,,,,,,,,,,,,,
"2322104","ca63e573e39e2b1f31fdb612beaaf720c0b551a8cfa80e724bbf9037454e8e5295dfd3a9fe3cab82a5f62c78429c2ad82e2aef2b5099307da521e1a7a8fbe912","2026-06-07T13:45:00.000","1","DRIVER",,"2214718",,"INFINITI","Q50","TX","2021","UNKNOWN","SPORT UTILITY VEHICLE (SUV)","UNKNOWN/NA","UNKNOWN","LEAVING TRAFFIC LANE TO PARK",,,"1",,,,,,,,,,,,,,,,,"Y","UNKNOWN",,,,,,,,,,,,,,,,,,,,,,,,,,,,,,,,,
"2322105","ca63e573e39e2b1f31fdb612beaaf720c0b551a8cfa80e724bbf9037454e8e5295dfd3a9fe3cab82a5f62c78429c2ad82e2aef2b5099307da521e1a7a8fbe912","2026-06-07T13:45:00.000","2","PARKED",,"2214720",,"GENERAL MOTORS CORPORATION (GMC)","TERRAIN","IL","2020","NONE","SPORT UTILITY VEHICLE (SUV)","NOT IN USE","UNKNOWN","PARKED",,,"0",,,,,,,,"Y",,,,,,,,,,"SIDE-RIGHT",,,,,,,,,,,,,,,,,,,,,,,,,,,,,,,,,
"2321477","7edc8ff643a6a27d88880dc73a449337c210bf3e208824813ae12bc110cb5828db454fb2f2623a6b805d4f55bf753faa2c3e925e86bcf8f98cace8d8a8012712","2026-06-07T13:40:00.000","1","DRIVER",,"2214127",,"BMW","760 LI","IL","2023","UNKNOWN","PASSENGER","UNKNOWN/NA","N","TURNING LEFT",,,"1",,,,,"Y",,,,,,,,,,,"Y",,"FRONT-RIGHT-CORNER",,,,,,,,,,,,,,,,,,,,,,,,,,,,,,,,,
"2321478","7edc8ff643a6a27d88880dc73a449337c210bf3e208824813ae12bc110cb5828db454fb2f2623a6b805d4f55bf753faa2c3e925e86bcf8f98cace8d8a8012712","2026-06-07T13:40:00.000","2","DRIVER",,"2214136",,"NISSAN","ROGUE",,"2018","UNKNOWN","SPORT UTILITY VEHICLE (SUV)","UNKNOWN/NA","W","STRAIGHT AHEAD",,,"1",,,,,,,,,,,,"Y","Y","Y",,,,"SIDE-LEFT",,,,,,,,,,,,,,,,,,,,,,,,,,,,,,,,,
"2322053","de11de7042f5a123f4ba4b1f39153edaf3ab08bf2c8d9ed0d27fff788fd78c11689f862f8fa1db3053580d6880375a06a9abaff01cead3509804da76b18ab86b","2026-06-07T13:40:00.000","1","DRIVER",,"2214674",,"CHEVROLET","COBALT","IL","2006","NONE","PASSENGER","PERSONAL","E","STRAIGHT AHEAD",,,"1",,,,,,,,,,,,,,,,"Y",,"FRONT",,,,,,,,,,,,,,,,,,,,,,,,,,,,,,,,,
"2322054","de11de7042f5a123f4ba4b1f39153edaf3ab08bf2c8d9ed0d27fff788fd78c11689f862f8fa1db3053580d6880375a06a9abaff01cead3509804da76b18ab86b","2026-06-07T13:40:00.000","2","DRIVER",,"2214679",,"HONDA","CIVIC","IL","2015","NONE","PASSENGER","PERSONAL","S","STRAIGHT AHEAD",,,"1",,,,,,,,,"Y",,,,,,,,,"REAR-RIGHT-CORNER",,,,,,,,,,,,,,,,,,,,,,,,,,,,,,,,,
"2321475","0335a20f1e0c74e2c9763036bcdac5022ef6cbf9af9c900bf1496ec57752b3eeed8dc82ceadb0ee3292f5658d15a4238976b3a49d7a5f6cb93edb82429821d74","2026-06-07T13:38:00.000","1","DRIVER",,"2214128",,"FORD","FUSION","IL","2015","UNKNOWN","PASSENGER","PERSONAL","W","BACKING",,,"1",,,,,"Y",,,,,,,,,,,"Y",,"FRONT",,,,,,,,,,,,,,,,,,,,,,,,,,,,,,,,,
"2321476","0335a20f1e0c74e2c9763036bcdac5022ef6cbf9af9c900bf1496ec57752b3eeed8dc82ceadb0ee3292f5658d15a4238976b3a49d7a5f6cb93edb82429821d74","2026-06-07T13:38:00.000","2","PARKED",,"2214123",,"NISSAN","KICKS","IL","2025","NONE","PASSENGER","OTHER","W","PARKED",,,"0",,,,,"Y","Y","N",,,,,,,,,,,"FRONT-RIGHT-CORNER",,,,,,,,,,,,,,,,,,,,,,,,,,,,,,,,,
"2322378","76fd522c85d4cd6b04b011f0b0d4d34d232f24772c898c42c0af69cef61d417d0446dd322ebdb3180a99f7561dd6a3dadf427977b16a392649ed96bf5eae0ec4","2026-06-07T13:30:00.000","1","DRIVER","1","2214985",,"NISSAN","MAXIMA","IL","2010","NONE","PASSENGER","UNKNOWN/NA","E","STRAIGHT AHEAD",,,"2",,,,,,,,,,,,,,,,"Y",,"FRONT",,,,,,,,,,,,,,,,,,,,,,,,,,,,,,,,,
"2322379","76fd522c85d4cd6b04b011f0b0d4d34d232f24772c898c42c0af69cef61d417d0446dd322ebdb3180a99f7561dd6a3dadf427977b16a392649ed96bf5eae0ec4","2026-06-07T13:30:00.000","2","DRIVER","1","2214988",,"HYUNDAI","TIBURON","IL","2026","NONE","SPORT UTILITY VEHICLE (SUV)","OTHER","E","SLOW/STOP IN TRAFFIC",,,"2",,,,,,,,,,"Y",,,,,,,,"REAR",,,,,,,,,,,,,,,,,,,,,,,,,,,,,,,,,
"2321559","d89ebdaeae52a99c38e58acd209d2bbd8802c50ba1b66c9a207c2caec10665bc08091a4eed39a2a08d7ea043fcff0a806b177dc423eae9b6ec595b95aa92a434","2026-06-07T13:30:00.000","1","DRIVER",,"2214202",,"TOYOTA","HIGHLANDER","IN","2008","UNKNOWN","SPORT UTILITY VEHICLE (SUV)","PERSONAL","N","STRAIGHT AHEAD",,,"1",,,,,"Y",,,,,,,,,,,,,"FRONT-RIGHT-CORNER",,,,,,,,,,,,,,,,,,,,,,,,,,,,,,,,,
"2321560","d89ebdaeae52a99c38e58acd209d2bbd8802c50ba1b66c9a207c2caec10665bc08091a4eed39a2a08d7ea043fcff0a806b177dc423eae9b6ec595b95aa92a434","2026-06-07T13:30:00.000","2","DRIVER",,"2214207",,"TOYOTA","CELICA","IL","2003","UNKNOWN","PASSENGER","PERSONAL","N","STRAIGHT AHEAD",,,"1",,,,,,,,,,,"Y",,,,,,,"REAR-LEFT-CORNER",,,,,,,,,,,,,,,,,,,,,,,,,,,,,,,,,
"2321469","fb82dd2be65379090b4f7dabed756f8aaacbe6f5acc3006482014d14ed0aa26a2a813a0940e8ed1812971e48daafdd4c541ab62c9bb9189af48d238fd892bc53","2026-06-07T13:28:00.000","1","DRIVER",,"2214130",,"FORD","ESCAPE","IL","2022","UNKNOWN","PASSENGER","PERSONAL","W","UNKNOWN/NA",,,"1",,,,,"Y",,,,,,,,,,,"Y",,"FRONT-RIGHT-CORNER",,,,,,,,,,,,,,,,,,,,,,,,,,,,,,,,,
"2321470","fb82dd2be65379090b4f7dabed756f8aaacbe6f5acc3006482014d14ed0aa26a2a813a0940e8ed1812971e48daafdd4c541ab62c9bb9189af48d238fd892bc53","2026-06-07T13:28:00.000","2","DRIVER",,"2214139",,"SUBARU","CROSSTREK","IL","2024","UNKNOWN","PASSENGER","PERSONAL","W","UNKNOWN/NA",,,"1",,,,,,,,,,,"Y",,,,,,,"REAR-LEFT-CORNER",,,,,,,,,,,,,,,,,,,,,,,,,,,,,,,,,
"2321468","765cf2061f3aaf2c54607247fdf6753c373e9743e0b0ad4f11ac31ef03e9c9196bdc8ee423d0ffe01c9dea23ac309ded3974c87e76b1427ab9a85b7d3bb54278","2026-06-07T13:27:00.000","2","DRIVER","3","2214125",,"TOYOTA","AVALON","IL","2008","NONE","PASSENGER","PERSONAL","W","STRAIGHT AHEAD",,,"4",,,,,"Y","Y",,,,,,,,,,"Y",,"TOTAL (ALL AREAS)",,,,,,,,,,,,,,,,,,,,,,,,,,,,,,,,,
"2321490","765cf2061f3aaf2c54607247fdf6753c373e9743e0b0ad4f11ac31ef03e9c9196bdc8ee423d0ffe01c9dea23ac309ded3974c87e76b1427ab9a85b7d3bb54278","2026-06-07T13:27:00.000","1","DRIVER",,"2214140",,"TOYOTA","CAMRY","IL","2010","NONE","UNKNOWN/NA","UNKNOWN/NA","W","STRAIGHT AHEAD",,,"1",,,,,,,,,,,,,"Y","Y","Y",,,"TOTAL (ALL AREAS)",,,,,,,,,,,,,,,,,,,,,,,,,,,,,,,,,
"2321516","70730859512a1667f15ddffdd2eec61b057619234a8f559e72775169379b7e9eab28460aedb3b9d3999300da3f3c9708cc1ad3dfdcd145ff53fa71012a177f8e","2026-06-07T13:25:00.000","1","DRIVER",,"2214168",,"DODGE","DART","IL","2015","UNKNOWN","PASSENGER","UNKNOWN/NA","W","STRAIGHT AHEAD",,,"1",,,,,"Y","Y","Y",,,,,,,,,,,"FRONT-RIGHT-CORNER",,,,,,,,,,,,,,,,,,,,,,,,,,,,,,,,,
"2321517","70730859512a1667f15ddffdd2eec61b057619234a8f559e72775169379b7e9eab28460aedb3b9d3999300da3f3c9708cc1ad3dfdcd145ff53fa71012a177f8e","2026-06-07T13:25:00.000","2","DRIVER","2","2214180",,"KIA","TELLURIDE","IL","2020","NONE","PASSENGER","PERSONAL","W","STRAIGHT AHEAD",,,"3",,,,,,,,,,"Y","Y","Y",,,,,,"REAR-LEFT-CORNER",,,,,,,,,,,,,,,,,,,,,,,,,,,,,,,,,
"2321453","36a08bd9f97bce084d0f172426fc81de5a1be7304ee3698ecb58cc290b7af5353667464459f8f69ee8929762c820d782ca783e0064a27919f770176fb6711da0","2026-06-07T13:15:00.000","1","DRIVER",,"2214106",,"UNKNOWN","OTHER (EXPLAIN IN NARRATIVE)","IL",,"UNKNOWN","UNKNOWN/NA","PERSONAL","N","STRAIGHT AHEAD",,,"1",,,,,,,,,,,,,,,,,"Y","FRONT",,,,,,,,,,,,,,,,,,,,,,,,,,,,,,,,,
"2321454","36a08bd9f97bce084d0f172426fc81de5a1be7304ee3698ecb58cc290b7af5353667464459f8f69ee8929762c820d782ca783e0064a27919f770176fb6711da0","2026-06-07T13:15:00.000","2","DRIVER",,"2214118",,"TOYOTA","MATRIX","IL","2010","UNKNOWN","PASSENGER","PERSONAL","N","STRAIGHT AHEAD",,,"1",,,,,,,,,"Y","Y","Y",,,,,,,"REAR",,,,,,,,,,,,,,,,,,,,,,,,,,,,,,,,,
"2321842","fcce4c2d1f474676df552f7f0e85b36c8aa13b256bddb5ee3466a47d332ea533bde79da13d4ca4c32a023410e62e64b49ae8708e4675fbbeaa6d75edeb4461d8","2026-06-07T13:09:00.000","2","BICYCLE",,,,,,,,,,,,,,,,,,,,,,,,,,,,,,,,,,,,,,,,,,,,,,,,,,,,,,,,,,,,,,,,,,
"2321860","fcce4c2d1f474676df552f7f0e85b36c8aa13b256bddb5ee3466a47d332ea533bde79da13d4ca4c32a023410e62e64b49ae8708e4675fbbeaa6d75edeb4461d8","2026-06-07T13:09:00.000","1","DRIVER","1","2214499",,"UNKNOWN","OTHER (EXPLAIN IN NARRATIVE)","IL",,"UNKNOWN","PASSENGER","PERSONAL","S","TURNING LEFT",,,"2",,,,,,,,,,,,,,,,,"Y","FRONT",,,,,,,,,,,,,,,,,,,,,,,,,,,,,,,,,
"2322088","1b62e617e9acc61f0c2b1090408895170c847b9a122159142f357d91bb574af253288b14218cdcb21d3110c017666dcca7ef98729ee2a6e24203102b1baca777","2026-06-07T13:05:00.000","1","DRIVER",,"2214709",,"TOYOTA","RAV4","IL","2017","UNKNOWN","SPORT UTILITY VEHICLE (SUV)","PERSONAL","S","PASSING/OVERTAKING",,,"1",,,,,"Y",,,,,,,,,,,,,"FRONT-RIGHT-CORNER",,,,,,,,,,,,,,,,,,,,,,,,,,,,,,,,,
"2322089","1b62e617e9acc61f0c2b1090408895170c847b9a122159142f357d91bb574af253288b14218cdcb21d3110c017666dcca7ef98729ee2a6e24203102b1baca777","2026-06-07T13:05:00.000","2","DRIVER",,"2215016",,"MAZDA","CX-5","IL","2020","NONE","SPORT UTILITY VEHICLE (SUV)","PERSONAL","S","OTHER",,,"1",,,,,,,,,,,,,,,"Y",,,"FRONT-LEFT-CORNER",,,,,,,,,,,,,,,,,,,,,,,,,,,,,,,,,
"2321459","9dd57bbc3bcf491945043fcbb2f9ad887af4b4e30f4355be2329e9ba3fb2c675ec711a63d770f2762fa93d21f17513634ebc07eff3b277a95b4462036f8e6b25","2026-06-07T13:05:00.000","1","DRIVER","1","2214110",,"DODGE","CHARGER","IL","2013","NONE","PASSENGER","PERSONAL","S","STRAIGHT AHEAD",,,"2",,,,,,"Y","Y","Y","Y",,,,,,,,,"SIDE-RIGHT",,,,,,,,,,,,,,,,,,,,,,,,,,,,,,,,,
"2321460","9dd57bbc3bcf491945043fcbb2f9ad887af4b4e30f4355be2329e9ba3fb2c675ec711a63d770f2762fa93d21f17513634ebc07eff3b277a95b4462036f8e6b25","2026-06-07T13:05:00.000","2","DRIVER","1","2214122",,"INFINITI","QX50","IL","2020","NONE","PASSENGER","PERSONAL","E","STRAIGHT AHEAD",,,"2",,,,,,,,,,,,"Y","Y","Y","Y","Y",,"FRONT-LEFT-CORNER",,,,,,,,,,,,,,,,,,,,,,,,,,,,,,,,,
"2322123","28827d45d4f1567a890d735854044a18f100f1104b11e194fba228fd4da757e51e33589dac5991fa651c3660298ca9a55fba235f61eada5b426af50da8cc24dd","2026-06-07T13:00:00.000","1","DRIVER",,"2214732",,"HONDA","CR-V","IL","2023","UNKNOWN","SPORT UTILITY VEHICLE (SUV)","UNKNOWN/NA","E","UNKNOWN/NA",,,"1",,,,,"Y",,,,,,,,,,,"Y",,"FRONT-RIGHT-CORNER",,,,,,,,,,,,,,,,,,,,,,,,,,,,,,,,,
"2322124","28827d45d4f1567a890d735854044a18f100f1104b11e194fba228fd4da757e51e33589dac5991fa651c3660298ca9a55fba235f61eada5b426af50da8cc24dd","2026-06-07T13:00:00.000","2","DRIVER","1","2214738",,"CADILLAC","STS","IL","2006","UNKNOWN","PASSENGER","UNKNOWN/NA","E","UNKNOWN/NA",,,"2",,,,,,,,,,"Y","Y",,,,,,,"REAR-RIGHT-CORNER",,,,,,,,,,,,,,,,,,,,,,,,,,,,,,,,,
"2321471","73f323db06f8756aaa06e20c0ad32db8c0d72a7a0a6b203a7a69abfbeab36e0a4468b664817ac6ef1dcf1dcd5ac7d7fe12cc59119d03874525c02cf46a8d56ee","2026-06-07T13:00:00.000","1","DRIVER",,"2214137",,"ECO-BIKE ELEC MOTORCYCLE","ECO-BIKE ELEC MOTORCYCLE","IL","2025","NONE","MOPED OR MOTORIZED BICYCLE","PERSONAL","S","STRAIGHT AHEAD",,,"1",,,,,,,,,,,,,,,,"Y",,"FRONT",,,,,,,,,,,,,,,,,,,,,,,,,,,,,,,,,
"2321472","73f323db06f8756aaa06e20c0ad32db8c0d72a7a0a6b203a7a69abfbeab36e0a4468b664817ac6ef1dcf1dcd5ac7d7fe12cc59119d03874525c02cf46a8d56ee","2026-06-07T13:00:00.000","2","PARKED",,"2214131",,"SUBARU","CROSSTREK","IL","2023","NONE","SPORT UTILITY VEHICLE (SUV)","PERSONAL","S","PARKED",,,"0",,,,,,,,,,"Y",,,,,,,,"REAR-LEFT-CORNER",,,,,,,,,,,,,,,,,,,,,,,,,,,,,,,,,
"2321455","1bc929e02d038829f38211b82faeb5d769780a8b64acf899d0b1fc8817987f1057a9ff8d8af5ecdc8d5b4134a7f6aa1e3ae1bd53116b6060675c7e73722f099c","2026-06-07T12:54:00.000","1","DRIVER",,"2214107",,"FORD","FOCUS","IL",,"UNKNOWN","PASSENGER","UNKNOWN/NA","N","ENTERING TRAFFIC LANE FROM PARKING",,,"1",,,,,,,,,,,,,,,"N",,"Y","FRONT-LEFT-CORNER",,,,,,,,,,,,,,,,,,,,,,,,,,,,,,,,,
"2321456","1bc929e02d038829f38211b82faeb5d769780a8b64acf899d0b1fc8817987f1057a9ff8d8af5ecdc8d5b4134a7f6aa1e3ae1bd53116b6060675c7e73722f099c","2026-06-07T12:54:00.000","2","DRIVER",,"2214109",,"HONDA","PILOT","IL","2018","UNKNOWN","SPORT UTILITY VEHICLE (SUV)","UNKNOWN/NA","N","STRAIGHT AHEAD",,,"1",,,,,,"Y","Y","N",,,,,,,,,,"SIDE-RIGHT",,,,,,,,,,,,,,,,,,,,,,,,,,,,,,,,,
"2321461","0083cf9d541dc7cf2980aceaa7aba341bc9fdbd69c0f3bd889c520c1067620f27d6d79e69a2cee8b14d11507d222dd5f7f15c1235ed07184c9e3c5ccdbea6529","2026-06-07T12:50:00.000","1","DRIVER",,"2214108",,"TOYOTA","CAMRY","IL","2015","NONE","PASSENGER","PERSONAL","N","MERGING",,,"1",,,,,,,"Y","Y","Y",,,,,,,,,"SIDE-RIGHT-REAR",,,,,,,,,,,,,,,,,,,,,,,,,,,,,,,,,
"2321462","0083cf9d541dc7cf2980aceaa7aba341bc9fdbd69c0f3bd889c520c1067620f27d6d79e69a2cee8b14d11507d222dd5f7f15c1235ed07184c9e3c5ccdbea6529","2026-06-07T12:50:00.000","2","DRIVER",,"2214111",,"MERCEDES-BENZ","GLE","IL","2025","NONE","PASSENGER","PERSONAL","N","STRAIGHT AHEAD",,,"1",,,,,,,,,,,"Y","Y",,,,,,"SIDE-LEFT-REAR",,,,,,,,,,,,,,,,,,,,,,,,,,,,,,,,,
"2321417","1369d80f5ccb5507fb1f11a23140b2ff470c4759d756ffc47b0d672a3c333d6f33f1424d6ab96f68f7f0e71a77e2de4cf2e3f511901e2502a909daf601d6d3d1","2026-06-07T12:50:00.000","1","DRIVER",,"2214080",,"CHEVROLET","SILVERADO","IL","2002","NONE","PICKUP","PERSONAL","E","STRAIGHT AHEAD",,,"1",,,,,,,,,,,,,,,"Y",,,"FRONT-LEFT-CORNER",,,,,,,,,,,,,,,,,,,,,,,,,,,,,,,,,
"2321418","1369d80f5ccb5507fb1f11a23140b2ff470c4759d756ffc47b0d672a3c333d6f33f1424d6ab96f68f7f0e71a77e2de4cf2e3f511901e2502a909daf601d6d3d1","2026-06-07T12:50:00.000","2","PARKED",,"2214075",,"HONDA","CR-V","IL","2002","NONE","SPORT UTILITY VEHICLE (SUV)","PERSONAL","E","PARKED",,,"0",,,,,,,,,"Y",,,,,,,,,"REAR-RIGHT-CORNER",,,,,,,,,,,,,,,,,,,,,,,,,,,,,,,,,
"2321850","a82d505d262fbe3b0dcfeb0ddd01f8bf04d87c946dfc1fb85a4259ee016b0a216eeaf9db50eca55aa2ab7eec1ce414dc4e0b305eb3a42076ea3dc8e134dce7cb","2026-06-07T12:50:00.000","1","DRIVER",,"2214492",,"FORD","EDGE","MD","2017","NONE","PASSENGER","PERSONAL","S","STRAIGHT AHEAD",,,"1",,,,,,,,,,,,,,"Y","Y",,,"FRONT-LEFT-CORNER",,,,,,,,,,,,,,,,,,,,,,,,,,,,,,,,,
"2321851","a82d505d262fbe3b0dcfeb0ddd01f8bf04d87c946dfc1fb85a4259ee016b0a216eeaf9db50eca55aa2ab7eec1ce414dc4e0b305eb3a42076ea3dc8e134dce7cb","2026-06-07T12:50:00.000","2","DRIVER","1","2214495",,"TOYOTA","PRIUS","IL","2014","NONE","PASSENGER","TAXI/FOR HIRE","W","STRAIGHT AHEAD","Y",,"2",,"OWNER",,,"Y","Y","Y",,,,,,,,,,,"SIDE-RIGHT-FRONT",,,,,,,,,,,,,,,,,,,,,,,,,,,,,,,,,
"2321427","b269b2b85b38c83393d97ceb6f9ad1422c8baa81c56d139e3639e0983ea2e117a7d7b33096a89cd9ee1ab806fbb09a8d4a4db12ecd5efc99a561fcaab33d55c4","2026-06-07T12:48:00.000","1","DRIVER",,"2214082",,"HONDA","HR-V","IL","2021","NONE","SPORT UTILITY VEHICLE (SUV)","PERSONAL","E","STRAIGHT AHEAD",,,"1",,,,,,,,,,,,,,,,"Y",,"FRONT",,,,,,,,,,,,,,,,,,,,,,,,,,,,,,,,,
"2321428","b269b2b85b38c83393d97ceb6f9ad1422c8baa81c56d139e3639e0983ea2e117a7d7b33096a89cd9ee1ab806fbb09a8d4a4db12ecd5efc99a561fcaab33d55c4","2026-06-07T12:48:00.000","2","DRIVER",,"2214087",,"FORD","ESCAPE","IL","2019","NONE","SPORT UTILITY VEHICLE (SUV)","PERSONAL","E","STRAIGHT AHEAD",,,"1",,,,,,,,,,"Y",,,,,,"Y",,"REAR",,,,,,,,,,,,,,,,,,,,,,,,,,,,,,,,,
"2321429","b269b2b85b38c83393d97ceb6f9ad1422c8baa81c56d139e3639e0983ea2e117a7d7b33096a89cd9ee1ab806fbb09a8d4a4db12ecd5efc99a561fcaab33d55c4","2026-06-07T12:48:00.000","3","DRIVER",,"2214089",,"JEEP","GRAND CHEROKEE","IL","2018","NONE","SPORT UTILITY VEHICLE (SUV)","PERSONAL","E","STRAIGHT AHEAD",,,"1",,,,"Y",,,,,,,,,,,,,,"REAR",,,,,,,,,,,,,,,,,,,,,,,,,,,,,,,,,
"2321491","09bcdc47d97b8d91470bb94dcf18582b8f5b3d71f98d359ff2d981f2df8a92ca5d70f95120d1283cf051440cc7d80d91d2372f55e7b064c557bf34e5a1bd01bd","2026-06-07T12:45:00.000","1","DRIVER",,"2214143",,"UNKNOWN","OTHER (EXPLAIN IN NARRATIVE)",,,"UNKNOWN","VAN/MINI-VAN","PERSONAL","N","MERGING",,,"1",,,,,,,,,,,,,,,,,"Y","UNKNOWN",,,,,,,,,,,,,,,,,,,,,,,,,,,,,,,,,
"2321492","09bcdc47d97b8d91470bb94dcf18582b8f5b3d71f98d359ff2d981f2df8a92ca5d70f95120d1283cf051440cc7d80d91d2372f55e7b064c557bf34e5a1bd01bd","2026-06-07T12:45:00.000","2","DRIVER","1","2214142",,"FORD","FOCUS","IL","2006","NONE","PASSENGER","PERSONAL","N","STRAIGHT AHEAD",,,"2",,,,,,,,,,,,,,"N","Y",,,"FRONT-LEFT-CORNER",,,,,,,,,,,,,,,,,,,,,,,,,,,,,,,,,
"2321424","d1d72260f44dbffcd8182eb3bd6098c7b3e94bcfb4e033156a2ea18c7ad89bc1ae4afc2ef1c4005b923a1da80335ba4899a14d545e99216637ab6a2e1e30871f","2026-06-07T12:45:00.000","2","DRIVER",,"2214081",,"NISSAN","MURANO","IL","2010","UNKNOWN","PASSENGER","PERSONAL","UNKNOWN","STRAIGHT AHEAD",,,"1",,,,"Y",,,,,,,,,,,,,,"FRONT",,,,,,,,,,,,,,,,,,,,,,,,,,,,,,,,,
"2321426","d1d72260f44dbffcd8182eb3bd6098c7b3e94bcfb4e033156a2ea18c7ad89bc1ae4afc2ef1c4005b923a1da80335ba4899a14d545e99216637ab6a2e1e30871f","2026-06-07T12:45:00.000","1","DRIVER",,"2214078",,"HYUNDAI","ACCENT","IL","2021","UNKNOWN","PASSENGER","PERSONAL","UNKNOWN","BACKING",,,"1",,,,"Y",,,,,,,,,,,,,,"REAR",,,,,,,,,,,,,,,,,,,,,,,,,,,,,,,,,
"2321421","2871f1ca6c577899997bb49811714c84d8b20894583b7bd5141b71468529ef4c749e5721912ef9eb2a9eac83302c82c1d4ba51d5b92aa6c1313db64b2be633eb","2026-06-07T12:17:00.000","1","DRIVER",,"2214077",,"FORD","ESCAPE","IL","2017","UNKNOWN","SPORT UTILITY VEHICLE (SUV)","PERSONAL","S","TURNING LEFT",,,"1",,,,,,,,,,,,"Y",,,,,,"SIDE-LEFT-REAR",,,,,,,,,,,,,,,,,,,,,,,,,,,,,,,,,
"2321422","2871f1ca6c577899997bb49811714c84d8b20894583b7bd5141b71468529ef4c749e5721912ef9eb2a9eac83302c82c1d4ba51d5b92aa6c1313db64b2be633eb","2026-06-07T12:17:00.000","2","PEDESTRIAN",,,,,,,,,,,,,,,,,,,,,,,,,,,,,,,,,,,,,,,,,,,,,,,,,,,,,,,,,,,,,,,,,,
"2321436","b3058ceaed1b62d5858d14ff6fbbbf96c64cef52078fb0e9e1631d1614bca3d6e69c124e0e7c82ca1227731f0f0eb72a0491dbaf6f87ba94889936c003d10524","2026-06-07T12:17:00.000","1","DRIVER","1","2214086",,"GENERAL MOTORS CORPORATION (GMC)","SONOMA","IL","2002","UNKNOWN","PICKUP","UNKNOWN/NA","N","STRAIGHT AHEAD","Y",,"2",,"CITY AUTO POUND","701 S SACRAMENTO BLVD",,"Y","Y",,,,,,,,,,,,"FRONT-RIGHT-CORNER",,,,,,,,,,,,,,,,,,,,,,,,,,,,,,,,,
"2321437","b3058ceaed1b62d5858d14ff6fbbbf96c64cef52078fb0e9e1631d1614bca3d6e69c124e0e7c82ca1227731f0f0eb72a0491dbaf6f87ba94889936c003d10524","2026-06-07T12:17:00.000","2","DRIVER","1","2214090",,"HYUNDAI","ELANTRA",,"2014","NONE","PASSENGER","PERSONAL","N","STRAIGHT AHEAD",,,"2",,,,,,,,,,,,,"Y","Y","Y",,,"SIDE-LEFT",,,,,,,,,,,,,,,,,,,,,,,,,,,,,,,,,
"2321447","acb25526ba39a00b17c51948e8134defab86b0899b21e2d643a8bd1c58cb4c4e0b40a23794c6c5e1a963d6a234b5df6d26d2adc7fe366248602c2a6d3cab8da8","2026-06-07T12:08:00.000","1","DRIVER",,"2214094",,"TOYOTA","CAMRY",,"2024","NONE","PASSENGER","UNKNOWN/NA","SE","BACKING",,,"1",,,,,,,,,"Y","Y","N",,,,,,,"REAR",,,,,,,,,,,,,,,,,,,,,,,,,,,,,,,,,
"2321448","acb25526ba39a00b17c51948e8134defab86b0899b21e2d643a8bd1c58cb4c4e0b40a23794c6c5e1a963d6a234b5df6d26d2adc7fe366248602c2a6d3cab8da8","2026-06-07T12:08:00.000","2","DRIVER",,"2214100",,"FORD","ESCAPE","IL","2018","NONE","SPORT UTILITY VEHICLE (SUV)","PERSONAL","W","SLOW/STOP IN TRAFFIC",,,"1",,,,,"Y",,,,,,,,,,"Y","Y",,"FRONT-RIGHT-CORNER",,,,,,,,,,,,,,,,,,,,,,,,,,,,,,,,,
"2321529","2e9ac1e94d725505e0bd24f3c5f3e87d066d669fc3ee60c0e34f4c077671a65cb542a9f367a8220bd8c07937b18f784eba81077818a8dd2a425ef40463e4949f","2026-06-07T12:00:00.000","1","DRIVER",,"2214175",,"UNKNOWN","OTHER (EXPLAIN IN NARRATIVE)",,,"UNKNOWN","PICKUP","UNKNOWN/NA","S","STRAIGHT AHEAD",,,"1",,,,,"Y",,,,,,,,,,"Y","Y",,"FRONT",,,,,,,,,,,,,,,,,,,,,,,,,,,,,,,,,
"2321530","2e9ac1e94d725505e0bd24f3c5f3e87d066d669fc3ee60c0e34f4c077671a65cb542a9f367a8220bd8c07937b18f784eba81077818a8dd2a425ef40463e4949f","2026-06-07T12:00:00.000","2","DRIVER","2","2214186",,"CHEVROLET","MALIBU","IL","2018","UNKNOWN","PASSENGER","PERSONAL","S","TURNING RIGHT","Y",,"3",,"PRIVATE TOW",,,,,,,"Y","Y","Y",,,,,,,"REAR",,,,,,,,,,,,,,,,,,,,,,,,,,,,,,,,,
"2321577","3c4f98840404a401b692fbfc24e3d151a6f87538ad9a61ee53c212bdda3a13983aebd0631cdb1b21805d47a4b267c1890123208a39ac379160b1acf049f954f2","2026-06-07T12:00:00.000","1","DRIVER",,"2214225",,"UNKNOWN","ENCLOSED BODY","IL",,"NONE","PASSENGER","UNKNOWN/NA","W","STRAIGHT AHEAD",,,"1",,,,,,,,,,,,,,,,"Y",,"FRONT",,,,,,,,,,,,,,,,,,,,,,,,,,,,,,,,,
"2321578","3c4f98840404a401b692fbfc24e3d151a6f87538ad9a61ee53c212bdda3a13983aebd0631cdb1b21805d47a4b267c1890123208a39ac379160b1acf049f954f2","2026-06-07T12:00:00.000","2","DRIVER",,"2214230",,"CHEVROLET","EQUINOX","IL","2022","NONE","SPORT UTILITY VEHICLE (SUV)","PERSONAL","W","STRAIGHT AHEAD",,,"1",,,,,,,,,,"Y",,,,,,,,"REAR",,,,,,,,,,,,,,,,,,,,,,,,,,,,,,,,,
"2321434","d363f917e6558e706535b5b6b9b67eb2d4bfbbac9ad634911e1a47fb9d3245fd6f194b342d043bfa733914a934d9bf5f0d9bddf56a90a87066644266d0268cf9","2026-06-07T12:00:00.000","1","DRIVER",,"2214084",,"DODGE","DURANGO","IL","2022","UNKNOWN","SPORT UTILITY VEHICLE (SUV)","PERSONAL","N","PASSING/OVERTAKING",,,"1",,,,,"Y",,,,,,,,,,"Y","Y","Y","FRONT",,,,,,,,,,,,,,,,,,,,,,,,,,,,,,,,,
"2321435","d363f917e6558e706535b5b6b9b67eb2d4bfbbac9ad634911e1a47fb9d3245fd6f194b342d043bfa733914a934d9bf5f0d9bddf56a90a87066644266d0268cf9","2026-06-07T12:00:00.000","2","DRIVER","1","2214091",,"HONDA","CIVIC","IL","2001","UNKNOWN","PASSENGER","PERSONAL","N","STRAIGHT AHEAD",,,"2",,,,,,,,,,"Y","Y","Y",,,,,"Y","REAR-LEFT-CORNER",,,,,,,,,,,,,,,,,,,,,,,,,,,,,,,,,
"2321406","d729b21717cecb59d514eb8cfc92911df7f484284df5dd35e8d4dc58a3c5fb086e70120a7dca83815751df92cb41db4fefb59e272f56e8b50e9879fef76ddabd","2026-06-07T12:00:00.000","1","DRIVER",,"2214061",,"TOYOTA","COROLLA","IL",,"UNKNOWN","PASSENGER","UNKNOWN/NA","W","BACKING",,,"1",,,,,,,,,,,,,,,,,,"REAR",,,,,,,,,,,,,,,,,,,,,,,,,,,,,,,,,
"2321407","d729b21717cecb59d514eb8cfc92911df7f484284df5dd35e8d4dc58a3c5fb086e70120a7dca83815751df92cb41db4fefb59e272f56e8b50e9879fef76ddabd","2026-06-07T12:00:00.000","2","DRIVER",,"2214066",,"CHRYSLER","PACIFICA","CA","2025","NONE","VAN/MINI-VAN","PERSONAL","E","STRAIGHT AHEAD",,,"1",,,,,,,,,,,,,,,,,,"FRONT",,,,,,,,,,,,,,,,,,,,,,,,,,,,,,,,,
"2321402","8731e33f501d7226891d5d833b2e36395f175a4c3257389387643ccc4c6c1d3270929797614d23eabc6d167c6d9b3b4ea3116364c7c47c5c01f8994cf5eed0f8","2026-06-07T11:52:00.000","1","DRIVER",,"2214059",,"UNKNOWN","OTHER (EXPLAIN IN NARRATIVE)","IL",,"UNKNOWN","UNKNOWN/NA","UNKNOWN/NA","S","UNKNOWN/NA",,,"1",,,,,,,,,,,,,,,,,"Y","UNKNOWN",,,,,,,,,,,,,,,,,,,,,,,,,,,,,,,,,
"2321403","8731e33f501d7226891d5d833b2e36395f175a4c3257389387643ccc4c6c1d3270929797614d23eabc6d167c6d9b3b4ea3116364c7c47c5c01f8994cf5eed0f8","2026-06-07T11:52:00.000","2","PARKED",,"2214063",,"DODGE","DURANGO","IL","2026","UNKNOWN","PASSENGER","PERSONAL","N","PARKED",,,"0",,,,,,,,,"N",,"Y","Y",,,,,,"REAR-LEFT-CORNER",,,,,,,,,,,,,,,,,,,,,,,,,,,,,,,,,
"2321419","759188356448206e0ba8fac7c69bf053c65d0294fa8190aaf2a39e7b268e3a7924bb382922e969f79ff162713430f60ae9c92f3620cd8081dc2a215ed2c38788","2026-06-07T11:45:00.000","1","DRIVER",,"2214076",,"FORD","EDGE","IL","2008","UNKNOWN","PASSENGER","PERSONAL","NW","TURNING LEFT",,,"1",,,,,"Y",,,,,,,,,,"Y","Y",,"FRONT",,,,,,,,,,,,,,,,,,,,,,,,,,,,,,,,,
"2321420","759188356448206e0ba8fac7c69bf053c65d0294fa8190aaf2a39e7b268e3a7924bb382922e969f79ff162713430f60ae9c92f3620cd8081dc2a215ed2c38788","2026-06-07T11:45:00.000","2","DRIVER",,"2214083",,"ACURA","RLX","IL","2012","UNKNOWN","PASSENGER","PERSONAL","S","STRAIGHT AHEAD",,,"1",,,,,,,,,,,,,,,"Y",,,"FRONT-LEFT-CORNER",,,,,,,,,,,,,,,,,,,,,,,,,,,,,,,,,
"2321445","5a4a479b49639bbdbb484c86faf3bee73b4a012e61d0757dea639702783b2d8af2a177595ee78befe38155d70557252fac64094a82ff8c1c0e957d0d3804db23","2026-06-07T11:40:00.000","1","DRIVER",,"2214115",,"TOYOTA","YARIS","IL","2017","UNKNOWN","PASSENGER","PERSONAL","S","STRAIGHT AHEAD",,,"1",,,,,,,,,,,,"Y","Y","Y",,,,"SIDE-LEFT",,,,,,,,,,,,,,,,,,,,,,,,,,,,,,,,,
"2321446","5a4a479b49639bbdbb484c86faf3bee73b4a012e61d0757dea639702783b2d8af2a177595ee78befe38155d70557252fac64094a82ff8c1c0e957d0d3804db23","2026-06-07T11:40:00.000","2","DRIVER",,"2214121",,"CHRYSLER","PACIFICA","NY","2026","UNKNOWN","VAN/MINI-VAN","PERSONAL","N","STRAIGHT AHEAD",,,"1",,,,,,,,,,,"Y",,,,,,,"REAR-LEFT-CORNER",,,,,,,,,,,,,,,,,,,,,,,,,,,,,,,,,
"2321605","f61e6ee4e0d68a5e577f7c0c623a68131067dc628023187eac676fe1feb3ea125bb30ae2722b85b9b1f7bc2e7ee2ec44c7204fa3a9a0c3ba85e6b59f03ce9c99","2026-06-07T11:40:00.000","1","DRIVER",,"2214252",,"TOYOTA","CAMRY","IL","2012","NONE","PASSENGER","UNKNOWN/NA","S","STRAIGHT AHEAD",,,"1",,,,,,,,"Y","Y","Y",,,,,,,,"REAR-RIGHT-CORNER",,,,,,,,,,,,,,,,,,,,,,,,,,,,,,,,,
"2321606","f61e6ee4e0d68a5e577f7c0c623a68131067dc628023187eac676fe1feb3ea125bb30ae2722b85b9b1f7bc2e7ee2ec44c7204fa3a9a0c3ba85e6b59f03ce9c99","2026-06-07T11:40:00.000","2","DRIVER",,"2214253",,"VOLKSWAGEN","JETTA","IL","2026","NONE","PASSENGER","PERSONAL","E","STRAIGHT AHEAD",,,"1",,,,,"Y",,,,,,,,,,"Y","Y",,"FRONT",,,,,,,,,,,,,,,,,,,,,,,,,,,,,,,,,
"2321410","ad533bed3573d8642ffea3d2200924a48293c8e93d3b9d6730e59ab08b63f5d0af6b3f0638c345ca0f199ccd0c6ae00d5e0acb39478ba931514b5a3bfe2f65a9","2026-06-07T11:36:00.000","1","DRIVER",,"2214068",,"MERCEDES-BENZ","C-CLASS","IL","2015","NONE","PASSENGER","PERSONAL","S","PASSING/OVERTAKING",,,"1",,,,,,"Y","Y","Y","Y",,,,,,,,"Y","SIDE-RIGHT-REAR",,,,,,,,,,,,,,,,,,,,,,,,,,,,,,,,,
"2321411","ad533bed3573d8642ffea3d2200924a48293c8e93d3b9d6730e59ab08b63f5d0af6b3f0638c345ca0f199ccd0c6ae00d5e0acb39478ba931514b5a3bfe2f65a9","2026-06-07T11:36:00.000","2","DRIVER",,"2214072",,"LEXUS","NX","IL","2015","NONE","PASSENGER","PERSONAL","S","SLOW/STOP IN TRAFFIC",,,"1",,,,,,,,,,"Y","Y","Y","Y",,,,"Y","REAR-LEFT-CORNER",,,,,,,,,,,,,,,,,,,,,,,,,,,,,,,,,
"2321589","371cde2b5ff267709187ba5df33927805b1c04cc8471c6e4410f296f15bc8cd5f52b00a74f0f0df55979c04b478b79787a375499d7e89f6ef5d4cc9774f1f692","2026-06-07T11:30:00.000","1","DRIVER",,"2214236",,"TOYOTA","HIGHLANDER","IL","2018","NONE","SPORT UTILITY VEHICLE (SUV)","PERSONAL","N","STRAIGHT AHEAD",,,"1",,,,,,,,,,,,,,,,"Y",,"FRONT",,,,,,,,,,,,,,,,,,,,,,,,,,,,,,,,,
"2321590","371cde2b5ff267709187ba5df33927805b1c04cc8471c6e4410f296f15bc8cd5f52b00a74f0f0df55979c04b478b79787a375499d7e89f6ef5d4cc9774f1f692","2026-06-07T11:30:00.000","2","DRIVER",,"2214241",,"TESLA","MODEL Y","IL","2024","NONE","PASSENGER","PERSONAL","N","SLOW/STOP IN TRAFFIC",,,"1",,,,,,,,,,"Y",,,,,,,,"REAR",,,,,,,,,,,,,,,,,,,,,,,,,,,,,,,,,
"2321501","d9681379058eeb70c5b1a7e9e70c58f9196d9b08122629beb211d610d0d75f327c9b3db17c10a4283ced884e5042b464115e2c591293fc1ccf1651de32bb7a01","2026-06-07T11:25:00.000","1","DRIVER",,"2214155",,"FORD","ESCAPE","IL","2014","UNKNOWN","UNKNOWN/NA","UNKNOWN/NA","UNKNOWN","UNKNOWN/NA",,,"1",,,,,,,,,,,,,,,,,"Y","REAR",,,,,,,,,,,,,,,,,,,,,,,,,,,,,,,,,
"2321502","d9681379058eeb70c5b1a7e9e70c58f9196d9b08122629beb211d610d0d75f327c9b3db17c10a4283ced884e5042b464115e2c591293fc1ccf1651de32bb7a01","2026-06-07T11:25:00.000","2","PARKED","1","2214157",,"NISSAN","SENTRA","IL","2025","UNKNOWN","PASSENGER","PERSONAL","UNKNOWN","PARKED",,,"1",,,,,,,,,,,,,,,"Y",,,"FRONT-LEFT-CORNER",,,,,,,,,,,,,,,,,,,,,,,,,,,,,,,,,
"2321835","87a4d3e0ab92ed85baff2b2455fc172ba8a9b62c14af673c415054773b9e9318ffb5e76afab2c09b4508386e72a8926b055301545832fc97b2864c8da67a1d7a","2026-06-07T11:15:00.000","1","DRIVER",,"2214477",,"NISSAN","ROGUE",,"2014","NONE","PASSENGER","PERSONAL","S","TURNING LEFT",,,"1",,,,,,"Y","Y","Y",,,,,,,,,,"SIDE-RIGHT",,,,,,,,,,,,,,,,,,,,,,,,,,,,,,,,,
"2321836","87a4d3e0ab92ed85baff2b2455fc172ba8a9b62c14af673c415054773b9e9318ffb5e76afab2c09b4508386e72a8926b055301545832fc97b2864c8da67a1d7a","2026-06-07T11:15:00.000","2","DRIVER",,"2214478",,"SUBARU","LEGACY","IL","2022","NONE","PASSENGER","PERSONAL","N","STRAIGHT AHEAD",,,"1",,,,,,,,,,,,,,,"Y","Y",,"FRONT",,,,,,,,,,,,,,,,,,,,,,,,,,,,,,,,,
"2321399","f7dd065e3fe3ba7d4c946005e4d121306c746f0cd159e4c1e69b8e142f578fb73a6aefe4c70c3fb898131ede279ca24fd72f2b5c3eb339e3aa8c624b440ec568","2026-06-07T11:15:00.000","1","DRIVER","1","2214058",,"JEEP","COMPASS","IL","2023","UNKNOWN","SPORT UTILITY VEHICLE (SUV)","PERSONAL","S","STRAIGHT AHEAD","Y",,"2",,"personal tow","home",,"Y",,,,,,,,,,"Y","Y",,"FRONT",,,,,,,,,,,,,,,,,,,,,,,,,,,,,,,,,
"2321400","f7dd065e3fe3ba7d4c946005e4d121306c746f0cd159e4c1e69b8e142f578fb73a6aefe4c70c3fb898131ede279ca24fd72f2b5c3eb339e3aa8c624b440ec568","2026-06-07T11:15:00.000","2","DRIVER","1","2214064",,"BUICK","LACROSSE","IL","2013","NONE","PASSENGER","PERSONAL","E","STRAIGHT AHEAD","Y",,"2",,,,,"Y",,,,,,,"Y",,"Y","Y","Y",,"REAR-LEFT-CORNER",,,,,,,,,,,,,,,,,,,,,,,,,,,,,,,,,
"2321376","689da5e9af0a1a697bd18c93bcc46b4192a9fb78c8a5d35e947d1ea39be75d036b5b2b52851281c748988dd064317cc1c2ad357a06a4401f94667bf4c4881269","2026-06-07T11:10:00.000","1","DRIVER",,"2214037",,"FORD","EXPLORER","IL","2020","NONE","SPORT UTILITY VEHICLE (SUV)","OTHER","S","PASSING/OVERTAKING",,,"1",,,,,,,"Y",,,,,,,,,,,"OTHER",,,,,,,,,,,,,,,,,,,,,,,,,,,,,,,,,
"2321394","689da5e9af0a1a697bd18c93bcc46b4192a9fb78c8a5d35e947d1ea39be75d036b5b2b52851281c748988dd064317cc1c2ad357a06a4401f94667bf4c4881269","2026-06-07T11:10:00.000","2","DRIVER","1","2214044",,"HONDA","CR-V","IL","2020","UNKNOWN","SPORT UTILITY VEHICLE (SUV)","PERSONAL","S","STRAIGHT AHEAD",,,"2",,,,,,,,,,,,,"Y",,,,,"OTHER",,,,,,,,,,,,,,,,,,,,,,,,,,,,,,,,,
"2321438","c955e71845b202545e75fae821113609eba5dd5fbffd0e58e814b2fb05e4c9fc81e78fd23dada451130fc08bab5ad20dfea133ce9fad17d49203eb629d215710","2026-06-07T11:07:00.000","1","DRIVER",,"2214088",,"FORD","FOCUS","IN","2007","UNKNOWN","PASSENGER","PERSONAL","S","STRAIGHT AHEAD","Y",,"1",,"city of chicago","103 s. doty rd.",,"Y","Y","Y",,,,,,"Y","Y","Y","Y",,"FRONT",,,,,,,,,,,,,,,,,,,,,,,,,,,,,,,,,
"2321397","a5ef3f829c601688d5cf51f09b41ae8648e61a6d21acbbe106dd00e15d937f14dfb88090f4df7e00080076f807115093901da9017f3b9e68af0f1ff3f451267e","2026-06-07T11:05:00.000","1","DRIVER",,"2214048",,"UNKNOWN","OTHER (EXPLAIN IN NARRATIVE)",,,"UNKNOWN","SPORT UTILITY VEHICLE (SUV)","PERSONAL","W","STRAIGHT AHEAD",,,"1",,,,,,,,,,,,,,,,,"Y","FRONT-RIGHT-CORNER",,,,,,,,,,,,,,,,,,,,,,,,,,,,,,,,,
"2321398","a5ef3f829c601688d5cf51f09b41ae8648e61a6d21acbbe106dd00e15d937f14dfb88090f4df7e00080076f807115093901da9017f3b9e68af0f1ff3f451267e","2026-06-07T11:05:00.000","2","DRIVER",,"2214053","Y","NOVA BUS","OTHER (EXPLAIN IN NARRATIVE)","IL","2022","UNKNOWN","BUS OVER 15 PASS.","CTA","W","STRAIGHT AHEAD",,,"1",,,,,,,,,,,,,"Y","Y","Y",,,"SIDE-LEFT","23630",,,,,,"CHICAGO TRANSIT AUTHORITY BUS#8354","IL","CHICAGO",,,,"N","N",,"N",,"N","N",,,,,,,,,"BUS","BUS","OTHER","N","N",
"2321793","57706972d191b21ae8cbacd0516f7f6a2b596871a38f52c59955e8b470a822371e0945264c7ba5135d1d877d1c968c2e0d7758c6c7d269e8263cdb012af715d5","2026-06-07T11:00:00.000","1","DRIVER",,"2214428",,"UNKNOWN","OTHER (EXPLAIN IN NARRATIVE)",,,"UNKNOWN","PASSENGER","UNKNOWN/NA","E","CHANGING LANES",,,"1",,,,,"Y","Y",,,,,,,,,,,,"FRONT-RIGHT-CORNER",,,,,,,,,,,,,,,,,,,,,,,,,,,,,,,,,
"2321796","57706972d191b21ae8cbacd0516f7f6a2b596871a38f52c59955e8b470a822371e0945264c7ba5135d1d877d1c968c2e0d7758c6c7d269e8263cdb012af715d5","2026-06-07T11:00:00.000","2","DRIVER","1","2214432",,"AUDI","Q7","NB","2020","UNKNOWN","PASSENGER","PERSONAL","E","MERGING",,,"2",,,,,,,,,,,,,,"Y","Y",,,"REAR-LEFT-CORNER",,,,,,,,,,,,,,,,,,,,,,,,,,,,,,,,,
"2321395","5d5b8cbe85ab40b6e6655390041c66be43a6ff5ef438ad58f6a03a94a0571f4973f96e8318c867efcc2d7fa4cbf32781c2d181d62a929ebea342d860137d4503","2026-06-07T11:00:00.000","1","DRIVER",,"2214050",,"HYUNDAI","ELANTRA","IL","2024","NONE","PASSENGER","PERSONAL","NW","TURNING RIGHT",,,"1",,,,,,"Y","Y","Y","Y",,,,,,,,,"SIDE-RIGHT-REAR",,,,,,,,,,,,,,,,,,,,,,,,,,,,,,,,,
"2321396","5d5b8cbe85ab40b6e6655390041c66be43a6ff5ef438ad58f6a03a94a0571f4973f96e8318c867efcc2d7fa4cbf32781c2d181d62a929ebea342d860137d4503","2026-06-07T11:00:00.000","2","DRIVER",,"2214056",,"BLUEBIRD INTERNATIONAL","BLUEBIRD INTERNATIONAL","IL","2016","NONE","TRUCK - SINGLE UNIT","PERSONAL","NW","TURNING RIGHT",,,"1",,,,,,,,,,,"Y","Y",,,,,,"SIDE-LEFT-REAR",,,,,,,,,,,,,,,,,,,,,,,,,,,,,,,,,
"2321390","c27d395cf33be2a20274862e980eea5837aeba642c46cfbab769f43fa42a7b3bdc7d1ae379eb91deb099b6527b6cd249aa26a2a7d06742e48df0fd91b9fe0557","2026-06-07T11:00:00.000","1","DRIVER",,"2214049",,"FORD","F150","IL","2009","UNKNOWN","PICKUP","PERSONAL","N","MERGING",,,"1",,,,,,,,,,,"Y",,,,,,,"SIDE-LEFT",,,,,,,,,,,,,,,,,,,,,,,,,,,,,,,,,
"2321391","c27d395cf33be2a20274862e980eea5837aeba642c46cfbab769f43fa42a7b3bdc7d1ae379eb91deb099b6527b6cd249aa26a2a7d06742e48df0fd91b9fe0557","2026-06-07T11:00:00.000","2","DRIVER",,"2214055",,"VOLVO","XC60","IL","2015","UNKNOWN","PASSENGER","PERSONAL","N","STRAIGHT AHEAD",,,"1",,,,,"Y","Y",,,,,,,,,,,,"SIDE-LEFT-FRONT",,,,,,,,,,,,,,,,,,,,,,,,,,,,,,,,,
"2321382","26347266c62bde09b94b41411cdcbf791ad90f9da4955cb6c00a7e1936fb0bab48a7259ddb77fd5dc89be09d06913c87c820ce7a2e8f3a28e1ea5544f0966247","2026-06-07T10:54:00.000","1","DRIVER",,"2214041",,"FORD","EXPLORER","IL","2002","NONE","SPORT UTILITY VEHICLE (SUV)","PERSONAL","N","STRAIGHT AHEAD",,,"1",,,,,,,,,,,,,,,,"Y",,"FRONT",,,,,,,,,,,,,,,,,,,,,,,,,,,,,,,,,
"2321383","26347266c62bde09b94b41411cdcbf791ad90f9da4955cb6c00a7e1936fb0bab48a7259ddb77fd5dc89be09d06913c87c820ce7a2e8f3a28e1ea5544f0966247","2026-06-07T10:54:00.000","2","DRIVER",,"2214046",,"TESLA","MODEL X","IL","2018","NONE","PASSENGER","PERSONAL","N","STRAIGHT AHEAD",,,"1",,,,,,,,,,"Y",,,,,,"Y",,"REAR",,,,,,,,,,,,,,,,,,,,,,,,,,,,,,,,,
"2321384","26347266c62bde09b94b41411cdcbf791ad90f9da4955cb6c00a7e1936fb0bab48a7259ddb77fd5dc89be09d06913c87c820ce7a2e8f3a28e1ea5544f0966247","2026-06-07T10:54:00.000","3","DRIVER",,"2214052",,"ACURA","ADX","IL","2016","NONE","SPORT UTILITY VEHICLE (SUV)","PERSONAL","N","SLOW/STOP IN TRAFFIC",,,"1",,,,,,,,,,"Y",,,,,,,,"REAR",,,,,,,,,,,,,,,,,,,,,,,,,,,,,,,,,
"2321380","070bba00489cae5d385cc1ee89fafd4f70312154ed3e6536a66c7ec306b68b50f6c8f83814a37a1a22fced6adead0e4696622c9c7d660343d15b7302667b4415","2026-06-07T10:50:00.000","1","DRIVER",,"2214054",,"HONDA","OTHER (EXPLAIN IN NARRATIVE)","IL",,"OTHER","UNKNOWN/NA","UNKNOWN/NA","E","BACKING",,,"1",,,,,,,,,,,,,,,,,,"UNKNOWN",,,,,,,,,,,,,,,,,,,,,,,,,,,,,,,,,
"2321381","070bba00489cae5d385cc1ee89fafd4f70312154ed3e6536a66c7ec306b68b50f6c8f83814a37a1a22fced6adead0e4696622c9c7d660343d15b7302667b4415","2026-06-07T10:50:00.000","2","DRIVER","1","2214038",,"CHEVROLET","MALIBU","IL","2006","NONE","PASSENGER","PERSONAL","W","SLOW/STOP IN TRAFFIC",,,"2",,,,,,,,,,,,,,"Y","Y",,,"SIDE-LEFT",,,,,,,,,,,,,,,,,,,,,,,,,,,,,,,,,
"2321378","72dcffb73b3d798ec55ed52f96831bdf5bc9b4854bb016e915e54d0fc78855fce4e723269cd4257bec472c48d74d586a92fd8d5915c8e79fffcc4b76486fc713","2026-06-07T10:50:00.000","1","DRIVER",,"2214030",,"CHEVROLET","TAHOE","MN","2003","NONE","PASSENGER","PERSONAL","N","PASSING/OVERTAKING",,,"1",,,,,"Y","Y","Y","Y",,,,,,,,,,"SIDE-RIGHT",,,,,,,,,,,,,,,,,,,,,,,,,,,,,,,,,
"2321379","72dcffb73b3d798ec55ed52f96831bdf5bc9b4854bb016e915e54d0fc78855fce4e723269cd4257bec472c48d74d586a92fd8d5915c8e79fffcc4b76486fc713","2026-06-07T10:50:00.000","2","DRIVER",,"2214047",,"LEXUS","UX","IL","2021","NONE","PASSENGER","PERSONAL","N","STRAIGHT AHEAD",,,"1",,,,,,,,,,,,"Y","Y","Y","Y",,,"SIDE-LEFT",,,,,,,,,,,,,,,,,,,,,,,,,,,,,,,,,
"2321486","dceff6ed4ddca12533ecff663d759a472beedee12335d93d8f15aad67111f8b32a1f4e53b244f54eef4d83a5e44d5b66c575cd38eca9f041b16a7a6c8e8d8455","2026-06-07T10:45:00.000","1","DRIVER",,"2214144",,"HYUNDAI","ELANTRA","IL","2020","NONE","PASSENGER","PERSONAL","S","STRAIGHT AHEAD","Y",,"1",,"PRIVATE TOW COMPANY","AUTO BODY SHOP",,,,,,,,,,,"Y","Y",,,"SIDE-LEFT-FRONT",,,,,,,,,,,,,,,,,,,,,,,,,,,,,,,,,
"2321487","dceff6ed4ddca12533ecff663d759a472beedee12335d93d8f15aad67111f8b32a1f4e53b244f54eef4d83a5e44d5b66c575cd38eca9f041b16a7a6c8e8d8455","2026-06-07T10:45:00.000","2","DRIVER","2","2214150",,"LINCOLN","NAVIGATOR","IL","2005","NONE","PASSENGER","PERSONAL","S","CHANGING LANES","Y",,"3",,"CITY OF CHICAGO","AUTO POUND",,,,,,"Y","Y",,,,,,,,"REAR-RIGHT-CORNER",,,,,,,,,,,,,,,,,,,,,,,,,,,,,,,,,
"2321360","23a7a43f2fe602e1d053697f830af11a3c84fa42a4b2a51c5cce781be1f9831ae41f5853e3b1607edd7c02bc50466c544d5ebf7e4fbd77d2715be0080271f1a8","2026-06-07T10:42:00.000","1","DRIVER",,"2214017",,"HYUNDAI","SONATA","IL","2018","NONE","PASSENGER","PERSONAL","S","PASSING/OVERTAKING","Y",,"1",,,,,"Y",,,,,,,,,,,,,"FRONT-RIGHT-CORNER",,,,,,,,,,,,,,,,,,,,,,,,,,,,,,,,,
"2321361","23a7a43f2fe602e1d053697f830af11a3c84fa42a4b2a51c5cce781be1f9831ae41f5853e3b1607edd7c02bc50466c544d5ebf7e4fbd77d2715be0080271f1a8","2026-06-07T10:42:00.000","2","DRIVER",,"2214021",,"UNKNOWN","OTHER (EXPLAIN IN NARRATIVE)","IL",,"UNKNOWN","SPORT UTILITY VEHICLE (SUV)","UNKNOWN/NA","S","SLOW/STOP IN TRAFFIC",,,"1",,,,,,,,,,,,,,"Y","Y","N",,"FRONT-LEFT-CORNER",,,,,,,,,,,,,,,,,,,,,,,,,,,,,,,,,
"2321430","8350c2e27bd9eee108f65775c66708c7bc5f9f1232753ca8c5c0795328c681ab75afa2b1ca33d534319e0def3d02accc6c4224b5d8f8087641dc01cd2fd6e15c","2026-06-07T10:42:00.000","1","DRIVER",,"2214085",,"CHEVROLET","TRAIL BLAZER","IL","2026","NONE","PASSENGER","PERSONAL","SE","TURNING LEFT",,,"1",,,,,,,,,,,,,,,,,"Y","UNKNOWN",,,,,,,,,,,,,,,,,,,,,,,,,,,,,,,,,
"2321431","8350c2e27bd9eee108f65775c66708c7bc5f9f1232753ca8c5c0795328c681ab75afa2b1ca33d534319e0def3d02accc6c4224b5d8f8087641dc01cd2fd6e15c","2026-06-07T10:42:00.000","2","DRIVER",,"2214097",,"BMW","325I","IN","2024","NONE","PASSENGER","PERSONAL","E","STRAIGHT AHEAD","Y",,"1",,"private","unk",,"Y","Y",,,,"Y","Y","Y",,,"Y","Y","Y","REAR-LEFT-CORNER",,,,,,,,,,,,,,,,,,,,,,,,,,,,,,,,,
"2321432","8350c2e27bd9eee108f65775c66708c7bc5f9f1232753ca8c5c0795328c681ab75afa2b1ca33d534319e0def3d02accc6c4224b5d8f8087641dc01cd2fd6e15c","2026-06-07T10:42:00.000","3","DRIVERLESS",,"2214101",,"FORD","ESCAPE","IL","2011","NONE","PASSENGER","PERSONAL","E","PARKED",,,"0",,,,,,,,,,"Y","Y","Y",,,"Y","Y","Y","REAR",,,,,,,,,,,,,,,,,,,,,,,,,,,,,,,,,
"2321433","8350c2e27bd9eee108f65775c66708c7bc5f9f1232753ca8c5c0795328c681ab75afa2b1ca33d534319e0def3d02accc6c4224b5d8f8087641dc01cd2fd6e15c","2026-06-07T10:42:00.000","4","DRIVERLESS",,"2214104",,"SUBARU","CROSSTREK","IL","2019","NONE","PASSENGER","PERSONAL","E","PARKED",,,"0",,,,,,,,,,"Y","Y","N",,,,,"Y","REAR",,,,,,,,,,,,,,,,,,,,,,,,,,,,,,,,,
"2321408","281ed45f3306b9ced1249b588e98859f5869e232bfdc3af4af5cd7ddb4697f492154965a6c349226976101ccfc5974941fd1faf1d6a89641832b70a39160b6ec","2026-06-07T10:32:00.000","1","DRIVER",,"2214065",,"HYUNDAI","TUCSON","IL","2010","UNKNOWN","PASSENGER","PERSONAL","E","STRAIGHT AHEAD",,,"1",,,,,,,,,,,,,,,"Y","Y",,"FRONT-LEFT-CORNER",,,,,,,,,,,,,,,,,,,,,,,,,,,,,,,,,
"2321409","281ed45f3306b9ced1249b588e98859f5869e232bfdc3af4af5cd7ddb4697f492154965a6c349226976101ccfc5974941fd1faf1d6a89641832b70a39160b6ec","2026-06-07T10:32:00.000","2","DRIVER",,"2214070",,"BMW","OTHER (EXPLAIN IN NARRATIVE)","IL","2024","UNKNOWN","PASSENGER","PERSONAL","W","STRAIGHT AHEAD",,,"1",,,,,,,,,,,,,,,"Y",,,"FRONT-LEFT-CORNER",,,,,,,,,,,,,,,,,,,,,,,,,,,,,,,,,
"2321581","5a2de77075e916a44c096ba74efad24678b8380e4e4f6c9cbba179d5b7fb2190a7ccbc09e151a4d7d48edefa87578224cd02227e6587449b13411ee6908bdb66","2026-06-07T10:27:00.000","1","DRIVER",,"2214232",,"VOLKSWAGEN","JETTA","IL","2018","UNKNOWN","PASSENGER","UNKNOWN/NA","S","STRAIGHT AHEAD",,,"1",,,,,,,,,,,,,,,,"Y",,"FRONT",,,,,,,,,,,,,,,,,,,,,,,,,,,,,,,,,
"2321582","5a2de77075e916a44c096ba74efad24678b8380e4e4f6c9cbba179d5b7fb2190a7ccbc09e151a4d7d48edefa87578224cd02227e6587449b13411ee6908bdb66","2026-06-07T10:27:00.000","2","DRIVER",,"2214233",,"CHEVROLET","COLORADO","IL","2012","NONE","PICKUP","PERSONAL","E","STRAIGHT AHEAD",,,"1",,,,,,,,,,,,,,,,"Y",,"FRONT",,,,,,,,,,,,,,,,,,,,,,,,,,,,,,,,,
"2321338","12ae48ea08a3067ea0fd6ce6e761c0b34523de29ad0d5d4197ea5ea44756d0e824a9fd81e9c953ac40c4760b6f98e058894ba2ee6c8040e8b41ae06431685841","2026-06-07T10:25:00.000","1","DRIVER",,"2214001",,"NISSAN","OTHER (EXPLAIN IN NARRATIVE)","FL","2023","UNKNOWN","PASSENGER","OTHER","E","CHANGING LANES",,,"1",,,,,,,,,,,,"Y","Y",,,,,"SIDE-LEFT",,,,,,,,,,,,,,,,,,,,,,,,,,,,,,,,,
"2321339","12ae48ea08a3067ea0fd6ce6e761c0b34523de29ad0d5d4197ea5ea44756d0e824a9fd81e9c953ac40c4760b6f98e058894ba2ee6c8040e8b41ae06431685841","2026-06-07T10:25:00.000","2","DRIVER","2","2214003",,"SUBARU","FORESTER","IL","2019","UNKNOWN","SPORT UTILITY VEHICLE (SUV)","PERSONAL","E","STRAIGHT AHEAD",,,"3",,,,,"Y","Y",,,,,,,,,,,,"FRONT-RIGHT-CORNER",,,,,,,,,,,,,,,,,,,,,,,,,,,,,,,,,
"2321374","2b1ec6c7b9b275142b6f899828730de480e6a5aab8eaa52fd4d2951bd6e40765bbcfaf564a45364ae96f0191758b00f8b4b1867a98698ee560f391b1da32bda1","2026-06-07T10:22:00.000","1","DRIVER",,"2214029",,"HYUNDAI","ACCENT","IL","2013","NONE","PASSENGER","PERSONAL","N","TURNING RIGHT",,,"1",,,,,,,"N","Y",,,,,,,,,,"SIDE-RIGHT-REAR",,,,,,,,,,,,,,,,,,,,,,,,,,,,,,,,,
"2321375","2b1ec6c7b9b275142b6f899828730de480e6a5aab8eaa52fd4d2951bd6e40765bbcfaf564a45364ae96f0191758b00f8b4b1867a98698ee560f391b1da32bda1","2026-06-07T10:22:00.000","2","DRIVER",,"2214034",,"NOVA BUS","LFS","IL",,"NONE","BUS OVER 15 PASS.","CTA","N","STRAIGHT AHEAD",,,"1",,,,,,,,,,,,,,,"Y",,,"FRONT-LEFT-CORNER",,,,,,,,,,,,,,,,,,,,,,,,,,,,,,,,,
"2321364","19685df89aa96c75f54a0bebba6434f2d60701b8f643ba0f5bcf5128a3cc6c0ed58d88bcc066b77ed019f3cbf050b1788254ee681052038d1e82b0a3a97d470a","2026-06-07T10:00:00.000","1","DRIVER",,"2214018",,"FORD","ECONOLINE E350","IL","1990","NONE","VAN/MINI-VAN","UNKNOWN/NA","N","PASSING/OVERTAKING",,,"1",,,,,"Y",,,,,,,,,,"Y","Y",,"SIDE-RIGHT",,,,,,,,,,,,,,,,,,,,,,,,,,,,,,,,,
"2321365","19685df89aa96c75f54a0bebba6434f2d60701b8f643ba0f5bcf5128a3cc6c0ed58d88bcc066b77ed019f3cbf050b1788254ee681052038d1e82b0a3a97d470a","2026-06-07T10:00:00.000","2","DRIVER","1","2214026",,"FORD","F450","IL","2020","NONE","BUS UP TO 15 PASS.","OTHER","N","SLOW/STOP IN TRAFFIC",,,"2",,,,,,,,,,,"Y","Y","Y",,,,,"SIDE-LEFT",,,,,,,,,,,,,,,,,,,,,,,,,,,,,,,,,
"2321369","2c3fd56dcde8a103d1b66e6a8b3224b30cac7ca81e1b929aa427110cf09fa10a6260003ff6223c0613ccbb1223b0e051eaa27afd6f93f87d3b3ae35f65f811d6","2026-06-07T10:00:00.000","1","DRIVER",,"2214028",,"FORD","F150","IL","2007","NONE","PICKUP","PERSONAL","UNKNOWN","ENTERING TRAFFIC LANE FROM PARKING",,,"1",,,,,,,,,,,,,,,,"Y",,"FRONT",,,,,,,,,,,,,,,,,,,,,,,,,,,,,,,,,
"2321370","2c3fd56dcde8a103d1b66e6a8b3224b30cac7ca81e1b929aa427110cf09fa10a6260003ff6223c0613ccbb1223b0e051eaa27afd6f93f87d3b3ae35f65f811d6","2026-06-07T10:00:00.000","2","DRIVER",,"2214031",,"LEXUS","GS350","IL","2007","NONE","PASSENGER","PERSONAL","UNKNOWN","STRAIGHT AHEAD",,,"1",,,,,,"Y","Y","Y","Y",,,,,,,,,"SIDE-RIGHT",,,,,,,,,,,,,,,,,,,,,,,,,,,,,,,,,
"2321782","31ab84b996cf837e61fc576b9e8f644d3397f90aa4499853572afe81b517d50e1471efff585c2359d8e5a727c6e2681ed5dea39f1226675ab754c7150f25c28e","2026-06-07T10:00:00.000","2","PARKED",,"2214448",,"CHEVROLET","EQUINOX","IL","2021","NONE","PASSENGER","PERSONAL","E","PARKED","Y",,"0",,"OWNER","OWNER",,,,,,,,"Y","Y","Y",,,,,"REAR-LEFT-CORNER",,,,,,,,,,,,,,,,,,,,,,,,,,,,,,,,,
"2321813","31ab84b996cf837e61fc576b9e8f644d3397f90aa4499853572afe81b517d50e1471efff585c2359d8e5a727c6e2681ed5dea39f1226675ab754c7150f25c28e","2026-06-07T10:00:00.000","1","DRIVER",,"2214455",,"UNKNOWN","OTHER (EXPLAIN IN NARRATIVE)",,,"UNKNOWN","UNKNOWN/NA","UNKNOWN/NA","E","UNKNOWN/NA",,,"1",,,,,,,,,,,,,,,,,"Y","UNKNOWN",,,,,,,,,,,,,,,,,,,,,,,,,,,,,,,,,
"2321334","391f0a088cd939871850ac2235ca3a457914e6a9a8a6ef1b1133644c4da6b5abab50452e46d97d6f02f4822b2d5b3de4290748b70cad9014d723b7bad9475f19","2026-06-07T10:00:00.000","1","DRIVER",,"2213997",,"AUDI","SQ5","IL","2022","UNKNOWN","SPORT UTILITY VEHICLE (SUV)","UNKNOWN/NA","W","STRAIGHT AHEAD",,,"1",,,,,,,,,,,,,,"Y","Y",,,"FRONT-LEFT-CORNER",,,,,,,,,,,,,,,,,,,,,,,,,,,,,,,,,
"2321335","391f0a088cd939871850ac2235ca3a457914e6a9a8a6ef1b1133644c4da6b5abab50452e46d97d6f02f4822b2d5b3de4290748b70cad9014d723b7bad9475f19","2026-06-07T10:00:00.000","2","DRIVER",,"2214000",,"MITSUBISHI","ECLIPSE","GA","2025","NONE","SPORT UTILITY VEHICLE (SUV)","PERSONAL","W","SLOW/STOP IN TRAFFIC",,,"1",,,,,,,,"Y","Y","Y",,,,,,,,"REAR-RIGHT-CORNER",,,,,,,,,,,,,,,,,,,,,,,,,,,,,,,,,
"2321479","c4781fcf0c5ca21ee04b2382a392a73914565283f8e377cc882c97f5c9aceedbf1728c5574e2e0214902f131ec46cde9145e9a87c1824fca333bd9d8b21845ba","2026-06-07T10:00:00.000","1","DRIVER",,"2214134",,"LEXUS","OTHER (EXPLAIN IN NARRATIVE)",,"2025","UNKNOWN","PASSENGER","PERSONAL","SE","TURNING RIGHT",,,"1",,,,,,,,,,,,,,,"Y","Y",,"FRONT",,,,,,,,,,,,,,,,,,,,,,,,,,,,,,,,,
"2321480","c4781fcf0c5ca21ee04b2382a392a73914565283f8e377cc882c97f5c9aceedbf1728c5574e2e0214902f131ec46cde9145e9a87c1824fca333bd9d8b21845ba","2026-06-07T10:00:00.000","2","DRIVER",,"2214129",,"MERCEDES-BENZ","GLE","IL","2020","NONE","PASSENGER","PERSONAL","SE","TURNING RIGHT",,,"1",,,,,,"Y","Y","Y",,,,,,,,,,"SIDE-RIGHT",,,,,,,,,,,,,,,,,,,,,,,,,,,,,,,,,
"2321733","2b353236d3fe437faacc07299d41a4cec3b0cc9161b4ea48b01988b82e4c15b1aa584d940161d972709a7e381ee1f97fc2f71717ec4daf0780b73c520c9cf6b0","2026-06-07T09:30:00.000","1","DRIVER",,"2214383",,"FORD","EXPLORER","IL","2011","UNKNOWN","SPORT UTILITY VEHICLE (SUV)","UNKNOWN/NA","UNKNOWN","UNKNOWN/NA",,,"1",,,,,,,,,,,,,,,,,"Y","UNKNOWN",,,,,,,,,,,,,,,,,,,,,,,,,,,,,,,,,
"2321734","2b353236d3fe437faacc07299d41a4cec3b0cc9161b4ea48b01988b82e4c15b1aa584d940161d972709a7e381ee1f97fc2f71717ec4daf0780b73c520c9cf6b0","2026-06-07T09:30:00.000","2","DRIVER",,"2214389",,"CHEVROLET","EQUINOX","IL","2012","UNKNOWN","SPORT UTILITY VEHICLE (SUV)","PERSONAL","UNKNOWN","UNKNOWN/NA",,,"1",,,,,,,,,,,,,,"Y","Y",,,"UNKNOWN",,,,,,,,,,,,,,,,,,,,,,,,,,,,,,,,,
"2321352","781f9f8c416e2b569bb6224a32f69430cc66f3cd5682c192188d36bf8dea0a17fa62c21b2f54d60bbcda9a9fb8ca9392a6b0318d3aac252d218db0fc7fdaf96a","2026-06-07T09:29:00.000","1","DRIVER",,"2214022",,"DODGE","RAM 1500 PU","OK","2019","UNKNOWN","PICKUP","UNKNOWN/NA","S","TURNING LEFT",,,"1",,,,,"Y",,,,,,,,,,"Y","Y",,"FRONT",,,,,,,,,,,,,,,,,,,,,,,,,,,,,,,,,
"2321353","781f9f8c416e2b569bb6224a32f69430cc66f3cd5682c192188d36bf8dea0a17fa62c21b2f54d60bbcda9a9fb8ca9392a6b0318d3aac252d218db0fc7fdaf96a","2026-06-07T09:29:00.000","2","DRIVER",,"2214039",,"PORSCHE","CAYENNE","IL","2013","UNKNOWN","PASSENGER","UNKNOWN/NA","E","TURNING LEFT",,,"1",,,,,,,,,,,,"Y","Y","Y",,,,"SIDE-LEFT-FRONT",,,,,,,,,,,,,,,,,,,,,,,,,,,,,,,,,
"2321342","9c8380940c112d0483ed1a23db98133b0d4a308dca2f596f1b42e0b97202e6d7bba9328563ff2140ff6ad0f2e3a2cac8000936c74254185dd280a02a0b3a365a","2026-06-07T09:29:00.000","1","DRIVER",,"2214015",,"PORSCHE","CAYENNE","IL","2013","NONE","PASSENGER","UNKNOWN/NA","W","STRAIGHT AHEAD",,,"1",,,,,,,,,,,,"Y","Y","Y",,,,"SIDE-LEFT",,,,,,,,,,,,,,,,,,,,,,,,,,,,,,,,,
"2321343","9c8380940c112d0483ed1a23db98133b0d4a308dca2f596f1b42e0b97202e6d7bba9328563ff2140ff6ad0f2e3a2cac8000936c74254185dd280a02a0b3a365a","2026-06-07T09:29:00.000","2","DRIVER",,"2214005",,"DODGE","RAM 1500 PU","OK","2019","NONE","PASSENGER","PERSONAL","N","TURNING LEFT",,,"1",,,,,"Y",,,,,,,,,,"Y","Y",,"FRONT",,,,,,,,,,,,,,,,,,,,,,,,,,,,,,,,,
"2321332","9afac83dcbb00841526e77419e7f2c8690b3640611bb5ceba53c55c160596dcb9d0810b9aea8783e48f31b6ed82b4395327de3def192fa5c1cf6d2ffc923ac12","2026-06-07T09:07:00.000","1","DRIVER",,"2213999",,"HONDA","ODYSSEY","IL","2014","UNKNOWN","VAN/MINI-VAN","UNKNOWN/NA","S","TURNING RIGHT",,,"1",,,,,,"Y","Y","Y",,,,,,,,,,"SIDE-RIGHT",,,,,,,,,,,,,,,,,,,,,,,,,,,,,,,,,
"2321333","9afac83dcbb00841526e77419e7f2c8690b3640611bb5ceba53c55c160596dcb9d0810b9aea8783e48f31b6ed82b4395327de3def192fa5c1cf6d2ffc923ac12","2026-06-07T09:07:00.000","2","DRIVER","1","2214006",,"NOVA BUS","LFS","IL","2023","UNKNOWN","BUS OVER 15 PASS.","CTA","S","STRAIGHT AHEAD","N",,"2",,,,,,,,,,,,,,"Y","Y","Y",,"FRONT-LEFT-CORNER",,,,,,,,,,,,,,,,,,,,,,,,,,,,,,,,,
"2321317","3da3536fd75fe1efffb5ab56eb33ce8e82bb4562f7b8c8f99c08ed6267554693c56f561e50e2b4d807472efd8d587e24b1656e8067743e86adf4464440a0613d","2026-06-07T09:00:00.000","1","DRIVER",,"2213983",,"FREIGHTLINER CORPORATION","FREIGHTLINER CORP.","OH",,"NONE","TRUCK - SINGLE UNIT","OTHER","E","BACKING",,,"1",,,,"Y",,,,,,,,,,,,,,"FRONT-RIGHT-CORNER",,,,,,,,,,,,,,,,,,,,,,,,,,,,,,,,,
"2321499","b04122230a305871b7880f1af3895715a4fd24f1ba8b1aed5a50f76264bce376042943b9af776d1278df4144c62348ef5493993d0e9651aaa1fbcba684299203","2026-06-07T09:00:00.000","1","DRIVER",,"2214151",,"UNKNOWN","OTHER (EXPLAIN IN NARRATIVE)","IL",,"UNKNOWN","UNKNOWN/NA","UNKNOWN/NA","UNKNOWN","UNKNOWN/NA",,,"1",,,,,,,,,,,,,,,,,"Y","UNKNOWN",,,,,,,,,,,,,,,,,,,,,,,,,,,,,,,,,
"2321500","b04122230a305871b7880f1af3895715a4fd24f1ba8b1aed5a50f76264bce376042943b9af776d1278df4144c62348ef5493993d0e9651aaa1fbcba684299203","2026-06-07T09:00:00.000","2","PARKED",,"2214152",,"HONDA","CR-V","IL","2008","NONE","SPORT UTILITY VEHICLE (SUV)","PERSONAL","W","PARKED","Y",,"0",,"chicago northwest","2643 haymond river grove",,"Y",,,,,,,,,,"Y","Y",,"FRONT",,,,,,,,,,,,,,,,,,,,,,,,,,,,,,,,,
"2321328","fb5fed2fd187cd5d37341fb1f067db4bea386b71349cf4239f8ae09b95f8b11ffda4bf38b965c86806432bf40e0c68d7446914846d77c28138c2e39c15a5331d","2026-06-07T08:58:00.000","1","DRIVER",,"2214004",,"UNKNOWN","OTHER (EXPLAIN IN NARRATIVE)",,,"UNKNOWN","PASSENGER","PERSONAL","N","STRAIGHT AHEAD",,,"1",,,,,,,,,,,,,,,,,,"UNKNOWN",,,,,,,,,,,,,,,,,,,,,,,,,,,,,,,,,
"2321331","fb5fed2fd187cd5d37341fb1f067db4bea386b71349cf4239f8ae09b95f8b11ffda4bf38b965c86806432bf40e0c68d7446914846d77c28138c2e39c15a5331d","2026-06-07T08:58:00.000","2","BICYCLE",,,,,,,,,,,,,,,,,,,,,,,,,,,,,,,,,,,,,,,,,,,,,,,,,,,,,,,,,,,,,,,,,,
"2321346","ae2cdbae16e764d36b9a635228cd6ee86207d52b3113bdad23949cd9377b428a8de8ba6da4fbf4ac6541f420bd26e6333a25e8de84a4362dc3203278e77d327a","2026-06-07T08:40:00.000","1","DRIVER",,"2214025",,"CHEVROLET","CRUZE","IL","2017","UNKNOWN","UNKNOWN/NA","UNKNOWN/NA","E","STRAIGHT AHEAD",,,"1",,,,,,,,,,,,,,,,,"Y","UNKNOWN",,,,,,,,,,,,,,,,,,,,,,,,,,,,,,,,,
"2321347","ae2cdbae16e764d36b9a635228cd6ee86207d52b3113bdad23949cd9377b428a8de8ba6da4fbf4ac6541f420bd26e6333a25e8de84a4362dc3203278e77d327a","2026-06-07T08:40:00.000","2","DRIVER","2","2214008",,"TESLA","MODEL Y","IL","2023","NONE","PASSENGER","PERSONAL","E","STRAIGHT AHEAD",,,"3",,,,,,,,,"Y","Y","Y",,,,,,,"REAR",,,,,,,,,,,,,,,,,,,,,,,,,,,,,,,,,
"2321303","ce9c8fa0a42a1d8fcf0724255c4f5458b111729e47abf2a9706558f3a4f925c8bbc8b1376330198ff0ef3ac3b9b4f612d4c7d2b2eefbce73110f061b50198345","2026-06-07T08:20:00.000","1","DRIVER","2","2213967",,"LEXUS","RX350","IL","2012","NONE","PASSENGER","PERSONAL","S","STRAIGHT AHEAD",,,"3",,,,,,,,,,,,,,,"Y",,,"FRONT-LEFT-CORNER",,,,,,,,,,,,,,,,,,,,,,,,,,,,,,,,,
"2321304","ce9c8fa0a42a1d8fcf0724255c4f5458b111729e47abf2a9706558f3a4f925c8bbc8b1376330198ff0ef3ac3b9b4f612d4c7d2b2eefbce73110f061b50198345","2026-06-07T08:20:00.000","2","DRIVER",,"2213972",,"TOYOTA","COROLLA","IL","2019","NONE","PASSENGER","RIDESHARE SERVICE","S","STRAIGHT AHEAD",,,"1",,,,,,,,,"Y",,,,,,,,,"REAR-RIGHT-CORNER",,,,,,,,,,,,,,,,,,,,,,,,,,,,,,,,,
"2321289","57852fb5a70fa8feb67161b3c090460da17b6d2235236d0cb3786d5d7ed3187779eaa6dc6961bdf4d7be3a20255b0b843cfe46493993a878fe182460b5e08a0a","2026-06-07T08:09:00.000","1","DRIVER",,"2213954",,"HONDA","CIVIC","IL",,"UNKNOWN","UNKNOWN/NA","UNKNOWN/NA","N","STRAIGHT AHEAD",,,"1",,,,,,,,,,,"Y","Y","Y","Y","Y",,,"FRONT-RIGHT-CORNER",,,,,,,,,,,,,,,,,,,,,,,,,,,,,,,,,
"2321290","57852fb5a70fa8feb67161b3c090460da17b6d2235236d0cb3786d5d7ed3187779eaa6dc6961bdf4d7be3a20255b0b843cfe46493993a878fe182460b5e08a0a","2026-06-07T08:09:00.000","2","PARKED",,"2213958","N","CHRYSLER","VOYAGER","KS","2024","UNKNOWN","VAN/MINI-VAN","PERSONAL","N","PARKED",,,"0",,,,,,,,,,,"Y","Y","Y",,,,,"REAR-LEFT-CORNER",,,,,,,,,,,,,,,,,,,,,,,,,,,,,,,,,
"2321449","0c1e6a7a3c807d0cad5244b8d6687ea7b5d60068121ff633f0a48ffe6463dd9c4fc5bebd00cb2de385bfb4f6ea0f57832d2e411361ee37c529648a99d50c699d","2026-06-07T08:00:00.000","1","DRIVER",,"2214098",,"KIA","SORENTO","IL","2019","NONE","SPORT UTILITY VEHICLE (SUV)","PERSONAL","N","BACKING",,,"1",,,,,"Y","Y",,"N","N",,,,,,,,,"FRONT-RIGHT-CORNER",,,,,,,,,,,,,,,,,,,,,,,,,,,,,,,,,
"2321450","0c1e6a7a3c807d0cad5244b8d6687ea7b5d60068121ff633f0a48ffe6463dd9c4fc5bebd00cb2de385bfb4f6ea0f57832d2e411361ee37c529648a99d50c699d","2026-06-07T08:00:00.000","2","PARKED",,"2214103",,"TOYOTA","PRIUS","IL","2010","NONE","PASSENGER","PERSONAL","S","PARKED",,,"0",,,,,,,,,,,"Y","Y",,,,,,"SIDE-LEFT-REAR",,,,,,,,,,,,,,,,,,,,,,,,,,,,,,,,,
"2321322","12c9b24200a7dfb8479fece21d94080f5a85f231c845099a8bf36b9f0dcd072ed67ae7ca2ffec762c868d2f7e2e2353404a1e66017da4f88629f7ddc480fa369","2026-06-07T08:00:00.000","1","DRIVER",,"2213991",,"UNKNOWN","OTHER (EXPLAIN IN NARRATIVE)",,,"UNKNOWN","UNKNOWN/NA","UNKNOWN/NA","UNKNOWN","UNKNOWN/NA",,,"1",,,,,,,,,,,,,,,,,"Y","UNKNOWN",,,,,,,,,,,,,,,,,,,,,,,,,,,,,,,,,
"2321323","12c9b24200a7dfb8479fece21d94080f5a85f231c845099a8bf36b9f0dcd072ed67ae7ca2ffec762c868d2f7e2e2353404a1e66017da4f88629f7ddc480fa369","2026-06-07T08:00:00.000","2","PARKED",,"2213987",,"CADILLAC","CTS","IL","2016","NONE","PASSENGER","UNKNOWN/NA","W","PARKED","Y",,"0",,"LONE STAR TOWING & RECOVERY","4500 W 72ND ST CHGO IL",,,,,,,,,,,"Y","Y","Y",,"SIDE-LEFT",,,,,,,,,,,,,,,,,,,,,,,,,,,,,,,,,
"2321291","8675526cfd54db259455e11dfe24d14fe2d1a8d36e6ba3c7670795e2724e41991fefaa93ff77ee1f10ac06755a12a6965db24d51897e616e724a0153fb6cae7e","2026-06-07T08:00:00.000","1","DRIVER",,"2213965",,"HYUNDAI","SONATA","IL","2011","UNKNOWN","PASSENGER","UNKNOWN/NA","S","OTHER",,,"1",,,,,,,,,,,,,"Y",,,,,"SIDE-LEFT",,,,,,,,,,,,,,,,,,,,,,,,,,,,,,,,,
"2321292","8675526cfd54db259455e11dfe24d14fe2d1a8d36e6ba3c7670795e2724e41991fefaa93ff77ee1f10ac06755a12a6965db24d51897e616e724a0153fb6cae7e","2026-06-07T08:00:00.000","2","DRIVER",,"2213969",,"UNKNOWN","MOTORIZED",,,"UNKNOWN","PASSENGER","UNKNOWN/NA","S","STRAIGHT AHEAD",,,"1",,,,,,,,,,,,,,,,,"Y","FRONT",,,,,,,,,,,,,,,,,,,,,,,,,,,,,,,,,
"2321296","f613666a54e7f4d17c3688bcbe156385a8f647f090b5781293109038b284fe7ea73bf69cfe4f75bae38b5e4d0efeb1e5ecbd51360aea9f6b891432be5aa8ffb8","2026-06-07T07:45:00.000","1","DRIVER",,"2213963",,"TOYOTA","PRIUS","IL","2011","NONE","PASSENGER","PERSONAL","S","STRAIGHT AHEAD",,,"1",,,,,"Y",,,,,,,,,,,"Y",,"FRONT-RIGHT-CORNER",,,,,,,,,,,,,,,,,,,,,,,,,,,,,,,,,
"2321297","f613666a54e7f4d17c3688bcbe156385a8f647f090b5781293109038b284fe7ea73bf69cfe4f75bae38b5e4d0efeb1e5ecbd51360aea9f6b891432be5aa8ffb8","2026-06-07T07:45:00.000","2","PARKED",,"2213966",,"FORD","ECONOLINE E450","AZ","2025","UNKNOWN","TRUCK - SINGLE UNIT","UNKNOWN/NA","S","PARKED",,,"0",,,,,,,,,,,"Y",,,,,,,"REAR-LEFT-CORNER",,,,,,,,,,,,,,,,,,,,,,,,,,,,,,,,,
"2321314","1cf1d2e22fe9695ccf4cae51e95057d562863ad5623a94b938b534b6bb6c829934a808ab2f7b810f8ae5394cda3cf994efcbe3f79f0cbcd9a1a4228ad6ce4f4b","2026-06-07T07:42:00.000","2","BICYCLE",,,,,,,,,,,,,,,,,,,,,,,,,,,,,,,,,,,,,,,,,,,,,,,,,,,,,,,,,,,,,,,,,,
"2321371","1cf1d2e22fe9695ccf4cae51e95057d562863ad5623a94b938b534b6bb6c829934a808ab2f7b810f8ae5394cda3cf994efcbe3f79f0cbcd9a1a4228ad6ce4f4b","2026-06-07T07:42:00.000","1","DRIVER",,"2214023",,"UNKNOWN","OTHER (EXPLAIN IN NARRATIVE)","IL",,"UNKNOWN","PASSENGER","UNKNOWN/NA","S","STRAIGHT AHEAD",,,"1",,,,,,,,,,,,,,"Y","Y",,,"SIDE-LEFT",,,,,,,,,,,,,,,,,,,,,,,,,,,,,,,,,
"2321279","5f254fc24866e4ac489febbfbca26db1b6df404dc467a94dd33069599befed373feda66c7428b467ac93eb1cc820eafdc5e83e503a94ed6925a2a7cb7d2abef5","2026-06-07T07:40:00.000","1","DRIVER",,"2213947",,"HONDA","CR-V",,,"UNKNOWN","SPORT UTILITY VEHICLE (SUV)","PERSONAL","S","TURNING LEFT",,,"1",,,,,,,,,,,,"Y","Y","Y",,,,"SIDE-LEFT",,,,,,,,,,,,,,,,,,,,,,,,,,,,,,,,,
"2321280","5f254fc24866e4ac489febbfbca26db1b6df404dc467a94dd33069599befed373feda66c7428b467ac93eb1cc820eafdc5e83e503a94ed6925a2a7cb7d2abef5","2026-06-07T07:40:00.000","2","DRIVER",,"2213949",,"BMW","330I","IL","2024","NONE","PASSENGER","PERSONAL","S","STRAIGHT AHEAD",,,"1",,,,,"Y",,,,,,,,,,,"Y",,"FRONT-RIGHT-CORNER",,,,,,,,,,,,,,,,,,,,,,,,,,,,,,,,,
"2321348","d8cc23b3364545990346df59ec84e63c15a296e0558603d406ff74330e0bf5798f110b6d3baa3eca9e265c5a56749b1d213dc0b0d0a0661aa98d43ec0f383cf1","2026-06-07T07:34:00.000","1","DRIVER","1","2214014",,"NISSAN","KICKS","IL","2019","UNKNOWN","SPORT UTILITY VEHICLE (SUV)","UNKNOWN/NA","E","STRAIGHT AHEAD","Y",,"2",,"city of chicago","northerly island",,"Y",,,,,,,,,"Y","Y","Y",,"FRONT-LEFT-CORNER",,,,,,,,,,,,,,,,,,,,,,,,,,,,,,,,,
"2321349","d8cc23b3364545990346df59ec84e63c15a296e0558603d406ff74330e0bf5798f110b6d3baa3eca9e265c5a56749b1d213dc0b0d0a0661aa98d43ec0f383cf1","2026-06-07T07:34:00.000","2","DRIVER",,"2214024",,"NISSAN","KICKS","IL","2026","UNKNOWN","SPORT UTILITY VEHICLE (SUV)","RIDESHARE SERVICE","S","STRAIGHT AHEAD",,,"1",,,,,"Y","Y",,,,,,,,"N","Y","Y",,"FRONT-RIGHT-CORNER",,,,,,,,,,,,,,,,,,,,,,,,,,,,,,,,,
"2321362","b343090625ca88e2c4d35554d14d61b524cf626d930ac6812bb6a9addc2bc43d45f6eee51ebe9fb171797196d02b86e0c29b23259ebfb8cb1b7c1e6faf4a4f58","2026-06-07T07:30:00.000","1","DRIVER",,"2214019",,"FORD","TAURUS","IL","2011","NONE","PASSENGER","PERSONAL","S","STRAIGHT AHEAD",,,"1",,,,,,,,,,,,,,,,"Y",,"FRONT",,,,,,,,,,,,,,,,,,,,,,,,,,,,,,,,,
"2321363","b343090625ca88e2c4d35554d14d61b524cf626d930ac6812bb6a9addc2bc43d45f6eee51ebe9fb171797196d02b86e0c29b23259ebfb8cb1b7c1e6faf4a4f58","2026-06-07T07:30:00.000","2","DRIVER",,"2214016",,"TOYOTA","RAV4","IL","2024","NONE","PASSENGER","PERSONAL","S","STRAIGHT AHEAD",,,"1",,,,,,,,,,"Y",,,,,,,,"REAR",,,,,,,,,,,,,,,,,,,,,,,,,,,,,,,,,
"2321309","78cc1e67ef7df2a732be892a7af021f0c1f53dec0e2700817c96f781b12a3105945d3829017d738b74b8ffeb0ee87b77fba9241fd0bfc0118d3056f79a3a833a","2026-06-07T07:09:00.000","1","DRIVER",,"2213975",,"CHEVROLET","CAMARO","IL","2014","NONE","PASSENGER","PERSONAL","W","LEAVING TRAFFIC LANE TO PARK","Y",,"1",,"CITY OF CHICAGO","POUND 6",,"Y","Y","Y",,,,,,,,,"Y",,"FRONT-RIGHT-CORNER",,,,,,,,,,,,,,,,,,,,,,,,,,,,,,,,,
"2321310","78cc1e67ef7df2a732be892a7af021f0c1f53dec0e2700817c96f781b12a3105945d3829017d738b74b8ffeb0ee87b77fba9241fd0bfc0118d3056f79a3a833a","2026-06-07T07:09:00.000","2","PARKED",,"2213981",,"HUMMER","H3","IL","2006","UNKNOWN","PICKUP","NOT IN USE","N","PARKED",,,"0",,,,,,,,,,,"Y","Y",,,,,,"REAR-LEFT-CORNER",,,,,,,,,,,,,,,,,,,,,,,,,,,,,,,,,
"2321301","2347828b4fe2f7be314e7571153179b0cab6347a621bb252f5837612b8002ba70f8e42d77a99d09d791074e2f1393e3ef0997d109d975063e07cea958b29f0c6","2026-06-07T07:00:00.000","1","DRIVER",,"2213968",,"FORD","F150","IL","2013","UNKNOWN","PICKUP","PERSONAL","S","TURNING LEFT",,,"1",,,,,,,,,,,,,,,,"Y",,"FRONT-RIGHT-CORNER",,,,,,,,,,,,,,,,,,,,,,,,,,,,,,,,,
"2321302","2347828b4fe2f7be314e7571153179b0cab6347a621bb252f5837612b8002ba70f8e42d77a99d09d791074e2f1393e3ef0997d109d975063e07cea958b29f0c6","2026-06-07T07:00:00.000","2","DRIVER",,"2213973",,"HYUNDAI","GENESIS","IL","2018","NONE","PASSENGER","PERSONAL","E","STRAIGHT AHEAD",,,"1",,,,,,,,,,,"Y",,"Y","Y","Y",,,"SIDE-LEFT",,,,,,,,,,,,,,,,,,,,,,,,,,,,,,,,,
"2321318","7b86d16cd11f0be0db9f2b55b3a078129a24ecda3ab015069db9e26561ff996c2d6cd47dd4eac5078d0789a99036c026061cc4fdd68b57d26e558bdfec63f300","2026-06-07T07:00:00.000","1","DRIVER",,"2213984",,"UNKNOWN","OTHER (EXPLAIN IN NARRATIVE)",,,"UNKNOWN","UNKNOWN/NA","UNKNOWN/NA","S","STRAIGHT AHEAD",,,"1",,,,,"Y","Y",,,,,,,,,,"Y",,"FRONT-RIGHT-CORNER",,,,,,,,,,,,,,,,,,,,,,,,,,,,,,,,,
"2321319","7b86d16cd11f0be0db9f2b55b3a078129a24ecda3ab015069db9e26561ff996c2d6cd47dd4eac5078d0789a99036c026061cc4fdd68b57d26e558bdfec63f300","2026-06-07T07:00:00.000","2","PARKED",,"2213985",,"TOYOTA","RAV4","IL","2017","NONE","PASSENGER","PERSONAL","S","PARKED",,,"0",,,,,,,,,,,,,"Y","Y","Y",,,"FRONT-LEFT-CORNER",,,,,,,,,,,,,,,,,,,,,,,,,,,,,,,,,
"2321307","7e84ec356fa0857780043139c9b7ee2c048ebc6885c6600516f139ebd9547969cb04867ff5087bf70d7aee354d749f6327121861ecaebee75fe960781a347641","2026-06-07T06:59:00.000","1","DRIVER",,"2213974",,"CHEVROLET","CAMARO","IL","2014","UNKNOWN","PASSENGER","PERSONAL","E","UNKNOWN/NA","Y",,"1",,"CITY OF CHICAGO","701 N SACRAMENTO (POUND 6)",,"Y","Y","Y","Y",,,,,,,,,,"UNKNOWN",,,,,,,,,,,,,,,,,,,,,,,,,,,,,,,,,
"2321308","7e84ec356fa0857780043139c9b7ee2c048ebc6885c6600516f139ebd9547969cb04867ff5087bf70d7aee354d749f6327121861ecaebee75fe960781a347641","2026-06-07T06:59:00.000","2","PARKED",,"2213982",,"AUDI","A4","WA","2006","UNKNOWN","PASSENGER","UNKNOWN/NA","UNKNOWN","PARKED",,,"0",,,,,,,,,,,"Y","Y","Y","Y","Y",,,"REAR-LEFT-CORNER",,,,,,,,,,,,,,,,,,,,,,,,,,,,,,,,,
"2321260","bc2f4c90f90b470d4b9219666df012a0cda0c55901f411bcc5710ef4429e94ef308fd8ec99548a512e51224cd912c501bfb12c3cd7d18084f0b614914f7a99b7","2026-06-07T06:42:00.000","1","DRIVER",,"2213929",,"UNKNOWN","OTHER (EXPLAIN IN NARRATIVE)","IL",,"UNKNOWN","UNKNOWN/NA","UNKNOWN/NA","UNKNOWN","UNKNOWN/NA",,,"1",,,,,,,,,,,,,,,,,"Y","UNKNOWN",,,,,,,,,,,,,,,,,,,,,,,,,,,,,,,,,
"2321261","bc2f4c90f90b470d4b9219666df012a0cda0c55901f411bcc5710ef4429e94ef308fd8ec99548a512e51224cd912c501bfb12c3cd7d18084f0b614914f7a99b7","2026-06-07T06:42:00.000","2","PEDESTRIAN",,,,,,,,,,,,,,,,,,,,,,,,,,,,,,,,,,,,,,,,,,,,,,,,,,,,,,,,,,,,,,,,,,
"2321320","049a136afc0fcf419af9254f7c3302fc1763bfdeb9d35307e14531d3385d5e2b427113d518d98b38f04df14b64a587bee26c8c14af9d419c9d1d5e4dcceb67bc","2026-06-07T06:30:00.000","1","DRIVER",,"2213986",,"UNKNOWN","OTHER (EXPLAIN IN NARRATIVE)","IL",,"UNKNOWN","UNKNOWN/NA","UNKNOWN/NA","UNKNOWN","UNKNOWN/NA",,,"1",,,,,,,,,,,,,,,,,"Y","UNKNOWN",,,,,,,,,,,,,,,,,,,,,,,,,,,,,,,,,
"2321321","049a136afc0fcf419af9254f7c3302fc1763bfdeb9d35307e14531d3385d5e2b427113d518d98b38f04df14b64a587bee26c8c14af9d419c9d1d5e4dcceb67bc","2026-06-07T06:30:00.000","2","PARKED",,"2213993",,"MAZDA","CX-30","IL","2022","NONE","SPORT UTILITY VEHICLE (SUV)","PERSONAL","S","PARKED",,,"0",,,,,,,,,,"Y",,,,,,,,"REAR",,,,,,,,,,,,,,,,,,,,,,,,,,,,,,,,,
"2321270","0ad10e755db73d0231f2b3f7af09b890dbe4f3c703280bcfc6e235f0d74f027199b0cf9dd3078f9229821f42a355b4b95e7c35b3aec2deb9337563bd81577793","2026-06-07T06:30:00.000","1","DRIVER",,"2213939",,"JEEP","PATRIOT","IL","2010","UNKNOWN","SPORT UTILITY VEHICLE (SUV)","UNKNOWN/NA","N","STRAIGHT AHEAD",,,"1",,,,,"Y","Y",,,,,,,,,,,,"FRONT-RIGHT-CORNER",,,,,,,,,,,,,,,,,,,,,,,,,,,,,,,,,
"2321271","0ad10e755db73d0231f2b3f7af09b890dbe4f3c703280bcfc6e235f0d74f027199b0cf9dd3078f9229821f42a355b4b95e7c35b3aec2deb9337563bd81577793","2026-06-07T06:30:00.000","2","PARKED",,"2213940",,"ACURA","RLX","IL","2013","NONE","SPORT UTILITY VEHICLE (SUV)","NOT IN USE","N","PARKED",,,"0",,,,,,,,,,,"Y","Y",,,,,,"REAR-LEFT-CORNER",,,,,,,,,,,,,,,,,,,,,,,,,,,,,,,,,
"2321272","0ad10e755db73d0231f2b3f7af09b890dbe4f3c703280bcfc6e235f0d74f027199b0cf9dd3078f9229821f42a355b4b95e7c35b3aec2deb9337563bd81577793","2026-06-07T06:30:00.000","3","PARKED",,"2213941",,"ACURA","TLX","IL","2022","NONE","PASSENGER","NOT IN USE","N","PARKED",,,"0",,,,,,,,,,"Y",,,,,,,,"REAR",,,,,,,,,,,,,,,,,,,,,,,,,,,,,,,,,
"2321425","53a3d7ed98a0ac893845b7e0a72c5b8e6a7bed11ac5d59fa4406287666c410773bbc1b04fcb9493443e298bf39651cf677da2c79309320abd7985755e10e7ba2","2026-06-07T06:30:00.000","1","DRIVER",,"2214079",,"DODGE","DURANGO","IL","2017","NONE","PASSENGER","PERSONAL","S","STRAIGHT AHEAD","Y",,"1",,"PRIVATE TOW","220 e 72ND",,"Y","Y",,,,,,,,"Y","Y","Y",,"FRONT-RIGHT-CORNER",,,,,,,,,,,,,,,,,,,,,,,,,,,,,,,,,
"2321275","631e63b9e1dac4f04c403c2221e7ea76044be83d855058cfba01e917edb25fa71029f0602403b1cf1f960c5b19f989495e991fb63be8b5f0a63b5bc48802b1d6","2026-06-07T06:30:00.000","1","DRIVER",,"2213943",,"CHRYSLER","CARAVAN","IL","2008","UNKNOWN","PASSENGER","PERSONAL","N","STRAIGHT AHEAD",,,"1",,,,,,,,,,,,,,,,"Y",,"FRONT",,,,,,,,,,,,,,,,,,,,,,,,,,,,,,,,,
"2321276","631e63b9e1dac4f04c403c2221e7ea76044be83d855058cfba01e917edb25fa71029f0602403b1cf1f960c5b19f989495e991fb63be8b5f0a63b5bc48802b1d6","2026-06-07T06:30:00.000","2","DRIVER",,"2213945",,"LINCOLN","MKZ","IL","2014","NONE","PASSENGER","PERSONAL","N","SLOW/STOP IN TRAFFIC",,,"1",,,,,,,,,,"Y",,,,,,,,"REAR",,,,,,,,,,,,,,,,,,,,,,,,,,,,,,,,,
"2321294","d504cc4737e88faadaa9b1decc6023a12a859f6fcd48433ac61d57a5e2f4d836b27e5697b80b1246e785f3c90d0f095797fbf95fa0f72b8f2d5dd87143cd6ef5","2026-06-07T06:30:00.000","2","PARKED",,"2213960",,"CHEVROLET","OTHER (EXPLAIN IN NARRATIVE)","IL","2026","NONE","PASSENGER","PERSONAL","N","PARKED",,,"0",,,,,,,,,,"Y","Y","Y",,,,,,"REAR-LEFT-CORNER",,,,,,,,,,,,,,,,,,,,,,,,,,,,,,,,,
"2321295","d504cc4737e88faadaa9b1decc6023a12a859f6fcd48433ac61d57a5e2f4d836b27e5697b80b1246e785f3c90d0f095797fbf95fa0f72b8f2d5dd87143cd6ef5","2026-06-07T06:30:00.000","3","PARKED",,"2213962",,"VOLKSWAGEN","OTHER (EXPLAIN IN NARRATIVE)","IL","2021","NONE","PASSENGER","PERSONAL","W","PARKED",,,"0",,,,,,,,,"Y","Y","Y",,,,,,,"REAR",,,,,,,,,,,,,,,,,,,,,,,,,,,,,,,,,
"2321300","d504cc4737e88faadaa9b1decc6023a12a859f6fcd48433ac61d57a5e2f4d836b27e5697b80b1246e785f3c90d0f095797fbf95fa0f72b8f2d5dd87143cd6ef5","2026-06-07T06:30:00.000","1","DRIVER",,"2213959",,"NISSAN","MAXIMA","IL","2022","UNKNOWN","PASSENGER","PERSONAL","N","STRAIGHT AHEAD","Y",,"1",,,"auto pound",,"Y",,,,"Y","Y","Y","Y","Y","Y","Y","Y",,"UNKNOWN",,,,,,,,,,,,,,,,,,,,,,,,,,,,,,,,,
"2321262","dbdff346c0342e192082a34b82a26bb8b7a74cf7be5f9d49a6e8a7b3e59a6239cea12d592205854e95f2959d11ee7ecb78696f0c5627510e22bb93f65164cc37","2026-06-07T06:20:00.000","1","DRIVER",,"2213933",,"HONDA","PILOT","IL","2014","UNKNOWN","PASSENGER","UNKNOWN/NA","N","STRAIGHT AHEAD",,,"1",,,,,,,,,,,,"N","N",,,,"Y","UNKNOWN",,,,,,,,,,,,,,,,,,,,,,,,,,,,,,,,,
"2321263","dbdff346c0342e192082a34b82a26bb8b7a74cf7be5f9d49a6e8a7b3e59a6239cea12d592205854e95f2959d11ee7ecb78696f0c5627510e22bb93f65164cc37","2026-06-07T06:20:00.000","2","DRIVER",,"2213938",,"HONDA","CIVIC","IL","2025","UNKNOWN","PASSENGER","PERSONAL","N","STRAIGHT AHEAD",,,"1",,,,,,,,,,,,"Y","Y",,,,"Y","UNKNOWN",,,,,,,,,,,,,,,,,,,,,,,,,,,,,,,,,
"2321283","66484e156654e76e0754cb7891ce9a8405da111cd68db6182ea798b79c10184f7569d75e3b84b80928bfb4718b65718a0f83be6b9d861f179aec7c5f82c7ff19","2026-06-07T06:19:00.000","1","DRIVER",,"2213952",,"HONDA","ACCORD","IL","2008","UNKNOWN","PASSENGER","UNKNOWN/NA","S","STRAIGHT AHEAD",,,"1",,,,,"Y",,,,,,,,,,"Y","Y",,"FRONT-LEFT-CORNER",,,,,,,,,,,,,,,,,,,,,,,,,,,,,,,,,
"2321284","66484e156654e76e0754cb7891ce9a8405da111cd68db6182ea798b79c10184f7569d75e3b84b80928bfb4718b65718a0f83be6b9d861f179aec7c5f82c7ff19","2026-06-07T06:19:00.000","2","PARKED",,"2213953",,"CADILLAC","SRX","IL","2012","NONE","PASSENGER","PERSONAL","S","PARKED",,,"0",,,,,"Y",,,"Y","Y","Y",,,,,,"Y",,"REAR-RIGHT-CORNER",,,,,,,,,,,,,,,,,,,,,,,,,,,,,,,,,
"2321285","66484e156654e76e0754cb7891ce9a8405da111cd68db6182ea798b79c10184f7569d75e3b84b80928bfb4718b65718a0f83be6b9d861f179aec7c5f82c7ff19","2026-06-07T06:19:00.000","3","PARKED",,"2213957",,"BMW","X3","IL","2024","NONE","PASSENGER","PERSONAL","S","PARKED",,,"0",,,,,,,,,"Y",,,,,,,,,"REAR-RIGHT-CORNER",,,,,,,,,,,,,,,,,,,,,,,,,,,,,,,,,
"2321273","a3860e2bd63fa4c609fff10f543022ae03be811c4db9529f4b7db9c0eb221d92579a33f99a7c735f31e8b6ba7e7cb51f3498c78bc62a6c04f3843a436a2d4f76","2026-06-07T05:45:00.000","1","DRIVER",,"2213942",,"HONDA","CIVIC","IL","2024","NONE","PASSENGER","PERSONAL","S","STRAIGHT AHEAD",,,"1",,,,,"Y","Y",,,,,,,,,,,,"FRONT-RIGHT-CORNER",,,,,,,,,,,,,,,,,,,,,,,,,,,,,,,,,
"2321274","a3860e2bd63fa4c609fff10f543022ae03be811c4db9529f4b7db9c0eb221d92579a33f99a7c735f31e8b6ba7e7cb51f3498c78bc62a6c04f3843a436a2d4f76","2026-06-07T05:45:00.000","2","DRIVER",,"2213944",,"LEXUS","ES350","IL","2014","NONE","PASSENGER","PERSONAL","S","SLOW/STOP IN TRAFFIC",,,"1",,,,,,,,,,,"Y","Y",,,,,,"REAR-LEFT-CORNER",,,,,,,,,,,,,,,,,,,,,,,,,,,,,,,,,
"2321847","793196c0af95948fe70c6474be4cdb6a9f8bca567b538ac0503822ed345432c7a9393c50b78ad85ba2c183490166639f8fcadab49ef062c7f81e35588b17fd50","2026-06-07T05:29:00.000","1","DRIVER",,"2214490",,"NISSAN","MURANO","IL","2009","UNKNOWN","PASSENGER","UNKNOWN/NA","W","UNKNOWN/NA","Y",,"1",,,"CITY POUND",,"Y","Y",,,,,,,,"Y","Y","Y",,"FRONT",,,,,,,,,,,,,,,,,,,,,,,,,,,,,,,,,
"2321247","b18170d755c8d078b7bae32138502762b6ddaf71da4443b1eb15b75a8828837576feb8189ec0a72a01740a9ed41789f90820e59c784dca218596cd99bea1179d","2026-06-07T05:27:00.000","1","DRIVER",,"2213916",,"TOYOTA","CAMRY",,"2012","UNKNOWN","PASSENGER","PERSONAL","E","STRAIGHT AHEAD","Y",,"1",,"CITY OF CHICAGO",,,"Y",,,,,,,,,,"Y","Y",,"FRONT",,,,,,,,,,,,,,,,,,,,,,,,,,,,,,,,,
"2321248","b18170d755c8d078b7bae32138502762b6ddaf71da4443b1eb15b75a8828837576feb8189ec0a72a01740a9ed41789f90820e59c784dca218596cd99bea1179d","2026-06-07T05:27:00.000","2","PARKED",,"2213921",,"HONDA","CIVIC",,"2016","NONE","PASSENGER","NOT IN USE","E","PARKED",,,"0",,,,,"Y",,,,,"Y","Y",,,,"Y","Y",,"REAR-LEFT-CORNER",,,,,,,,,,,,,,,,,,,,,,,,,,,,,,,,,
"2321249","b18170d755c8d078b7bae32138502762b6ddaf71da4443b1eb15b75a8828837576feb8189ec0a72a01740a9ed41789f90820e59c784dca218596cd99bea1179d","2026-06-07T05:27:00.000","3","PARKED",,"2213925",,"TOYOTA","RAV4","IL","2021","NONE","PASSENGER","PERSONAL","E","PARKED",,,"0",,,,,,,,,"Y","Y","Y",,,,,,,"REAR",,,,,,,,,,,,,,,,,,,,,,,,,,,,,,,,,
"2321278","cef2a6177d070091cfeac6dd724e66ca1e6c1888264660f4d6acc66cf5ccd9f9b7339562e4f8e71fab14578c08cab0273e83b54b5cf81ad7c71c757bf9b3329d","2026-06-07T05:26:00.000","1","DRIVER",,"2213946",,"MAZDA","CX-9","IL","2012","UNKNOWN","SPORT UTILITY VEHICLE (SUV)","PERSONAL","SE","OTHER",,,"1",,,,,"Y",,,,,,,,,,"Y","Y","Y","FRONT",,,,,,,,,,,,,,,,,,,,,,,,,,,,,,,,,
"2321268","594e20e6ae6b03219de1d41c035416b611d1f79c8faeda1504ea9ebac00a4fc256f5ea5a4a9503f0e6090fe702a3bdf8e3d4d49732324895ced3759f04a370e5","2026-06-07T05:15:00.000","1","DRIVER",,"2213935",,"UNKNOWN","OTHER (EXPLAIN IN NARRATIVE)",,,"UNKNOWN","PASSENGER","UNKNOWN/NA","W","STRAIGHT AHEAD",,,"1",,,,,"Y",,,,,,,,,,,,,"FRONT-RIGHT-CORNER",,,,,,,,,,,,,,,,,,,,,,,,,,,,,,,,,
"2321269","594e20e6ae6b03219de1d41c035416b611d1f79c8faeda1504ea9ebac00a4fc256f5ea5a4a9503f0e6090fe702a3bdf8e3d4d49732324895ced3759f04a370e5","2026-06-07T05:15:00.000","2","PARKED","1","2213936",,"DODGE","DURANGO","IL","2025","UNKNOWN","SPORT UTILITY VEHICLE (SUV)","UNKNOWN/NA","W","PARKED",,,"1",,,,,,,,,,,,,"Y","Y",,,,"SIDE-LEFT",,,,,,,,,,,,,,,,,,,,,,,,,,,,,,,,,
"2321553","bbbeb450cbcc0d79cd0501b5d120fa45bc7007401334b324ad05f9a3b20a6a8dac4b959769e0aed334e27839aba356b848e6d19c53fd24544efe3b54da161cf5","2026-06-07T05:08:00.000","1","DRIVER",,"2214208",,"NISSAN","MURANO","IL","2010","UNKNOWN","PASSENGER","PERSONAL","S","STRAIGHT AHEAD",,,"1",,,,,"Y",,,,,,,,,,"Y","Y",,"FRONT",,,,,,,,,,,,,,,,,,,,,,,,,,,,,,,,,
"2321554","bbbeb450cbcc0d79cd0501b5d120fa45bc7007401334b324ad05f9a3b20a6a8dac4b959769e0aed334e27839aba356b848e6d19c53fd24544efe3b54da161cf5","2026-06-07T05:08:00.000","2","DRIVER",,"2214220",,"HYUNDAI","TUCSON","IL","2021","UNKNOWN","SPORT UTILITY VEHICLE (SUV)","PERSONAL","S","STRAIGHT AHEAD",,,"1",,,,,,,,,"Y","Y","Y",,,,,,,"REAR",,,,,,,,,,,,,,,,,,,,,,,,,,,,,,,,,
"2321555","bbbeb450cbcc0d79cd0501b5d120fa45bc7007401334b324ad05f9a3b20a6a8dac4b959769e0aed334e27839aba356b848e6d19c53fd24544efe3b54da161cf5","2026-06-07T05:08:00.000","3","DRIVER","1","2214242",,"FORD","FUSION","IL","2008","UNKNOWN","PASSENGER","PERSONAL","S","STRAIGHT AHEAD","N",,"2",,,,,"Y",,,,"Y","Y","Y",,,,"Y","Y",,"REAR",,,,,,,,,,,,,,,,,,,,,,,,,,,,,,,,,
"2321556","bbbeb450cbcc0d79cd0501b5d120fa45bc7007401334b324ad05f9a3b20a6a8dac4b959769e0aed334e27839aba356b848e6d19c53fd24544efe3b54da161cf5","2026-06-07T05:08:00.000","4","DRIVER",,"2214256",,"CHEVROLET","IMPALA","IL","2018","UNKNOWN","PASSENGER","PERSONAL","S","STRAIGHT AHEAD",,,"1",,,,,,,,,"Y","Y","Y",,,,,,,"REAR",,,,,,,,,,,,,,,,,,,,,,,,,,,,,,,,,
"2321441","1b34f58dc881153a6d0fcc7a5df7da20548f0697ecac30305a73e134f16ceac7f5a148a1567b42adf1ce6d1b84f3049ba6392ae248b19fc6dc2cd4094b18a9e8","2026-06-07T05:03:00.000","1","DRIVER",,"2214095",,"HYUNDAI","TUCSON","IL","2018","UNKNOWN","SPORT UTILITY VEHICLE (SUV)","UNKNOWN/NA","E","STRAIGHT AHEAD","Y",,"1",,"PRIVATE","UNK",,"Y","Y",,,,,,,,"Y","Y","Y",,"FRONT",,,,,,,,,,,,,,,,,,,,,,,,,,,,,,,,,
"2321442","1b34f58dc881153a6d0fcc7a5df7da20548f0697ecac30305a73e134f16ceac7f5a148a1567b42adf1ce6d1b84f3049ba6392ae248b19fc6dc2cd4094b18a9e8","2026-06-07T05:03:00.000","2","PARKED",,"2214102",,"GENERAL MOTORS CORPORATION (GMC)","YUKON","IL","2015","UNKNOWN","SPORT UTILITY VEHICLE (SUV)","PERSONAL","W","PARKED",,,"0",,,,,"Y","Y",,,,,,,,"Y","Y","Y",,"FRONT",,,,,,,,,,,,,,,,,,,,,,,,,,,,,,,,,
"2321845","69332175c59977ed345b8b9b73290a49d2902ecf5e70a23013b7186c104041020725aac3ca28f9e685cc4a56d048918d3377b9ae6f2a3fb647de2111786fa193","2026-06-07T05:00:00.000","1","DRIVER",,"2214485",,"UNKNOWN","MOTORIZED","IL",,"UNKNOWN","UNKNOWN/NA","UNKNOWN/NA","E","STRAIGHT AHEAD",,,"1",,,,,"Y",,,,,,,,,,,,,"FRONT-RIGHT-CORNER",,,,,,,,,,,,,,,,,,,,,,,,,,,,,,,,,
"2321846","69332175c59977ed345b8b9b73290a49d2902ecf5e70a23013b7186c104041020725aac3ca28f9e685cc4a56d048918d3377b9ae6f2a3fb647de2111786fa193","2026-06-07T05:00:00.000","2","PARKED",,"2214487",,"BUICK","ENVISION","IL","2020","NONE","PASSENGER","PERSONAL","E","PARKED",,,"0",,,,,,,,,,,"Y",,"Y",,"Y",,,"SIDE-LEFT",,,,,,,,,,,,,,,,,,,,,,,,,,,,,,,,,
"2321286","b6bc75f5784b1d890175c341f8a3d29188e2ff3ce8095c0cf991460743ee0257b50c8e8f41d50a9f924fad9de827a4ce77dc8263e8df3c884f5f4c8134ed9f26","2026-06-07T05:00:00.000","1","DRIVER",,"2213964",,"CHEVROLET","IMPALA","IL","2016","NONE","PASSENGER","PERSONAL","E","STRAIGHT AHEAD",,,"1",,,,,"Y",,,,"Y","Y","Y",,,,"Y","Y",,"TOTAL (ALL AREAS)",,,,,,,,,,,,,,,,,,,,,,,,,,,,,,,,,
"2321287","b6bc75f5784b1d890175c341f8a3d29188e2ff3ce8095c0cf991460743ee0257b50c8e8f41d50a9f924fad9de827a4ce77dc8263e8df3c884f5f4c8134ed9f26","2026-06-07T05:00:00.000","2","PARKED",,"2213955",,"CHEVROLET","BLAZER","IL","2020","NONE","PASSENGER","NOT IN USE","E","PARKED",,,"0",,,,,"Y","Y","Y",,,,,,,,,,,"SIDE-RIGHT-FRONT",,,,,,,,,,,,,,,,,,,,,,,,,,,,,,,,,
"2321288","b6bc75f5784b1d890175c341f8a3d29188e2ff3ce8095c0cf991460743ee0257b50c8e8f41d50a9f924fad9de827a4ce77dc8263e8df3c884f5f4c8134ed9f26","2026-06-07T05:00:00.000","3","PARKED",,"2213956",,"VOLKSWAGEN","TIGUAN","IL","2022","NONE","PASSENGER","NOT IN USE","E","PARKED",,,"0",,,,,"Y","Y","Y",,,,,,,,,,,"SIDE-RIGHT-FRONT",,,,,,,,,,,,,,,,,,,,,,,,,,,,,,,,,
"2321350","d09caa27758ba41c0f9d8ab0781df073bbd2e51e4430f69d2a763c730fbd2e70426b769fe6b3a46fb1fc6c99eee8cee3c0342bd3ad80e91ccac076b5e98d2ebb","2026-06-07T05:00:00.000","1","DRIVER",,"2214007",,"UNKNOWN","OTHER (EXPLAIN IN NARRATIVE)",,,"UNKNOWN","UNKNOWN/NA","UNKNOWN/NA","UNKNOWN","UNKNOWN/NA",,,"1",,,,,,,,,,,,,,,,,"Y","UNKNOWN",,,,,,,,,,,,,,,,,,,,,,,,,,,,,,,,,
"2321351","d09caa27758ba41c0f9d8ab0781df073bbd2e51e4430f69d2a763c730fbd2e70426b769fe6b3a46fb1fc6c99eee8cee3c0342bd3ad80e91ccac076b5e98d2ebb","2026-06-07T05:00:00.000","2","PARKED",,"2214012",,"SUBARU","OUTBACK","OH","2019","UNKNOWN","UNKNOWN/NA","UNKNOWN/NA","E","PARKED",,,"0",,,,,,,,,,,"Y","Y","Y","Y","Y",,,"SIDE-LEFT",,,,,,,,,,,,,,,,,,,,,,,,,,,,,,,,,
"2321236","5355905778a27a9a4f3bf39abdc197754f96d2a3d88c64cc5caae4d8e00573223ee659f28861d4b2b0f89b29daf378cfa6e0f67a9a78b94a8df3e8ae06f391f7","2026-06-07T04:50:00.000","1","DRIVER",,"2213906",,"UNKNOWN","OTHER (EXPLAIN IN NARRATIVE)",,,"NONE","PASSENGER","UNKNOWN/NA","E","PASSING/OVERTAKING",,,"1",,,,,,,,,,,,,,,,,,"UNKNOWN",,,,,,,,,,,,,,,,,,,,,,,,,,,,,,,,,
"2321237","5355905778a27a9a4f3bf39abdc197754f96d2a3d88c64cc5caae4d8e00573223ee659f28861d4b2b0f89b29daf378cfa6e0f67a9a78b94a8df3e8ae06f391f7","2026-06-07T04:50:00.000","2","PARKED",,"2213909",,"TOYOTA","HIGHLANDER","IL","2025","NONE","PASSENGER","PERSONAL","E","PARKED",,,"0",,,,,,,,,,,"Y","Y","Y",,,,,"REAR-LEFT-CORNER",,,,,,,,,,,,,,,,,,,,,,,,,,,,,,,,,
"2321233","7d3de7ae02accf5d6cbed5a64ecb729e134802dad2659e4652cc39b2998cc33d62ec826523602908d7042c59a7b839af582732fceaae59f7b1f4519384da000f","2026-06-07T04:37:00.000","2","DRIVER",,"2213912",,"JEEP","CHEROKEE","IL","2018","UNKNOWN","PASSENGER","PERSONAL","SE","OTHER","N",,"1",,,,,"Y","Y",,,,,,,,"Y","Y","Y",,"FRONT-RIGHT-CORNER",,,,,,,,,,,,,,,,,,,,,,,,,,,,,,,,,
"2321238","7d3de7ae02accf5d6cbed5a64ecb729e134802dad2659e4652cc39b2998cc33d62ec826523602908d7042c59a7b839af582732fceaae59f7b1f4519384da000f","2026-06-07T04:37:00.000","1","DRIVER",,"2213903",,"CHRYSLER","300","IL",,"UNKNOWN","UNKNOWN/NA","PERSONAL","SE","UNKNOWN/NA",,,"1",,,,,"Y","Y",,,,,,,,"Y","Y","Y",,"FRONT-LEFT-CORNER",,,,,,,,,,,,,,,,,,,,,,,,,,,,,,,,,
"2321256","7d3de7ae02accf5d6cbed5a64ecb729e134802dad2659e4652cc39b2998cc33d62ec826523602908d7042c59a7b839af582732fceaae59f7b1f4519384da000f","2026-06-07T04:37:00.000","3","DRIVER",,"2213924",,"TOYOTA","CAMRY","IL",,"UNKNOWN","PASSENGER","PERSONAL","E","STRAIGHT AHEAD",,,"1",,,,,"Y","Y",,,,,,,,"Y","Y","Y",,"UNKNOWN",,,,,,,,,,,,,,,,,,,,,,,,,,,,,,,,,
"2321244","7789ee2106dc24e4a9b159cc6c8bf7115fbf9d0e5463a00c1a6275f18021b18f30320ad2d3c99c59fa885939512efa57b059b132c1bc32c3792cce5074df7b77","2026-06-07T04:29:00.000","1","DRIVER",,"2213908",,"HONDA","CR-V","IL","2018","NONE","SPORT UTILITY VEHICLE (SUV)","PERSONAL","E","STRAIGHT AHEAD","Y",,"1",,"PRIVATE TOW","UNK",,"Y","Y","Y",,,,,,"Y","Y","Y","Y",,"FRONT-RIGHT-CORNER",,,,,,,,,,,,,,,,,,,,,,,,,,,,,,,,,
"2321245","7789ee2106dc24e4a9b159cc6c8bf7115fbf9d0e5463a00c1a6275f18021b18f30320ad2d3c99c59fa885939512efa57b059b132c1bc32c3792cce5074df7b77","2026-06-07T04:29:00.000","2","PARKED",,"2213914",,"HONDA","ACCORD","TN","2010","NONE","PASSENGER","PERSONAL","E","PARKED","Y",,"0",,"PRIVATE TOW","UNK",,,,,,,"Y","Y","Y","Y",,,,,"REAR-LEFT-CORNER",,,,,,,,,,,,,,,,,,,,,,,,,,,,,,,,,
"2321246","7789ee2106dc24e4a9b159cc6c8bf7115fbf9d0e5463a00c1a6275f18021b18f30320ad2d3c99c59fa885939512efa57b059b132c1bc32c3792cce5074df7b77","2026-06-07T04:29:00.000","3","PARKED",,"2213915",,"HONDA","ODYSSEY","IL","2006","NONE","VAN/MINI-VAN","UNKNOWN/NA","W","PARKED","Y",,"0",,"PRIVATE TOW","UNK",,,,,,,,"Y","Y","Y","Y","Y",,,"SIDE-LEFT-REAR",,,,,,,,,,,,,,,,,,,,,,,,,,,,,,,,,
"2321254","e54b0cb30de731cb9b56203bbd773298368965102a1c5cb316574b33446d8b78b8d4823bb139e5a911ecbb8f9787915628461713931575d69c5788d7d49e970e","2026-06-07T04:28:00.000","1","DRIVER",,"2213920",,"TOYOTA","PRIUS","XX",,"UNKNOWN","PASSENGER","UNKNOWN/NA","N","STRAIGHT AHEAD",,,"1",,,,,,,,,,,,,"Y","Y","Y","Y",,"FRONT-LEFT-CORNER",,,,,,,,,,,,,,,,,,,,,,,,,,,,,,,,,
"2321255","e54b0cb30de731cb9b56203bbd773298368965102a1c5cb316574b33446d8b78b8d4823bb139e5a911ecbb8f9787915628461713931575d69c5788d7d49e970e","2026-06-07T04:28:00.000","2","DRIVER",,"2213923",,"TOYOTA","HIGHLANDER","IL","2023","UNKNOWN","PASSENGER","PERSONAL","E","STRAIGHT AHEAD","Y",,"1",,"PRIVATE TOW",,,"Y","Y",,,,,,,,"Y","Y","Y",,"FRONT",,,,,,,,,,,,,,,,,,,,,,,,,,,,,,,,,
"2321229","9ed409e64ff6c264c65297007a46e0a9d3634658efc20d69ae20b35df24d238c04dc09dc8320f9fb17cfda157bd2be2f3ee798ffba41de7602fcd2773ca327da","2026-06-07T04:26:00.000","1","DRIVER",,"2213894",,"NISSAN","MURANO","IL","2015","UNKNOWN","PASSENGER","UNKNOWN/NA","UNKNOWN","UNKNOWN/NA","Y",,"1",,"city of chicago",,,"Y","Y","Y","Y","Y","Y","Y","Y","Y","Y","Y","Y",,"UNKNOWN",,,,,,,,,,,,,,,,,,,,,,,,,,,,,,,,,
"2321250","0f84161044e50a6f94181929c9d7176846862eb357fdf8fcb9f477a2d1dc9267b48a403e78f73b44828cf41f048859e3c10ad7743c65afc4223e7a2c3c01d316","2026-06-07T04:00:00.000","1","DRIVER","3","2213919",,"CHEVROLET","TAHOE","IL","1998","NONE","SPORT UTILITY VEHICLE (SUV)","PERSONAL","S","STRAIGHT AHEAD","N",,"4",,,,"Y",,,,,,,,,,,,,,"FRONT",,,,,,,,,,,,,,,,,,,,,,,,,,,,,,,,,
"2321251","0f84161044e50a6f94181929c9d7176846862eb357fdf8fcb9f477a2d1dc9267b48a403e78f73b44828cf41f048859e3c10ad7743c65afc4223e7a2c3c01d316","2026-06-07T04:00:00.000","2","DRIVER","1","2213926",,"FORD","FOCUS","IL","2009","NONE","PASSENGER","PERSONAL","S","STRAIGHT AHEAD",,,"2",,,,,,,,,"Y","Y","Y",,,,,,,"REAR",,,,,,,,,,,,,,,,,,,,,,,,,,,,,,,,,
"2321226","ba6a30cc536d8d2af7dd7b1b27aff94dceaedae043b20c5d850286daaa5715ef486018079b056f7ff3d50486c3b40fae57e229f207725f27d7aa6efa56e5a8c8","2026-06-07T03:55:00.000","1","DRIVER","2","2213892",,"CHEVROLET","EQUINOX","IL","2022","UNKNOWN","PASSENGER","PERSONAL","E","STRAIGHT AHEAD","Y",,"3",,"PRIVATE","PRIVATE",,,,,,,,,,,"Y","Y","Y",,"FRONT-LEFT-CORNER",,,,,,,,,,,,,,,,,,,,,,,,,,,,,,,,,
"2321227","ba6a30cc536d8d2af7dd7b1b27aff94dceaedae043b20c5d850286daaa5715ef486018079b056f7ff3d50486c3b40fae57e229f207725f27d7aa6efa56e5a8c8","2026-06-07T03:55:00.000","2","PARKED",,"2213897",,"JEEP","CHEROKEE","IL","2012","UNKNOWN","PASSENGER","PERSONAL","E","PARKED",,,"0",,,,,"N","N","N",,,,,,"Y","Y","Y","Y",,"FRONT-LEFT-CORNER",,,,,,,,,,,,,,,,,,,,,,,,,,,,,,,,,
"2321228","ba6a30cc536d8d2af7dd7b1b27aff94dceaedae043b20c5d850286daaa5715ef486018079b056f7ff3d50486c3b40fae57e229f207725f27d7aa6efa56e5a8c8","2026-06-07T03:55:00.000","3","PARKED",,"2213899",,"ACURA","TLX","MO","2021","UNKNOWN","PASSENGER","PERSONAL","E","PARKED",,,"0",,,,,,,,,,,,,,"Y","Y","Y",,"FRONT",,,,,,,,,,,,,,,,,,,,,,,,,,,,,,,,,
"2321219","55d69f6d6bfeb7595f0e6ca13de0a181c2b5b58e4e7262ecbc97045893d8ca15f26a45993006e216e0f354e20bcb9ebd6c431f6499bab375ac8506adc93a5090","2026-06-07T03:46:00.000","1","DRIVER",,"2213884",,"INFINITI","G35","IL","2011","NONE","PASSENGER","PERSONAL","S","STRAIGHT AHEAD","Y",,"1",,"streers& sanitation","10301 S DOTY AVE",,"Y",,,,,,,,,,"Y","Y",,"FRONT",,,,,,,,,,,,,,,,,,,,,,,,,,,,,,,,,
"2321220","55d69f6d6bfeb7595f0e6ca13de0a181c2b5b58e4e7262ecbc97045893d8ca15f26a45993006e216e0f354e20bcb9ebd6c431f6499bab375ac8506adc93a5090","2026-06-07T03:46:00.000","2","DRIVER","1","2213886",,"JAGUAR","F-PACE","IN","2018","NONE","PASSENGER","PERSONAL","N","TURNING LEFT","Y",,"2",,,,,,,,,"Y","Y","Y","Y",,,,,,"REAR",,,,,,,,,,,,,,,,,,,,,,,,,,,,,,,,,
"2321655","47678bca3458c38ce5f694c4ccc20a03d7fd3d1d2d9a483837895b3294ce16ab2b483f6e6919f763fc251f4091b1a372f0053afe3e2df1b37955da0eb9f6142d","2026-06-07T03:30:00.000","1","DRIVER",,"2214300",,"UNKNOWN","MOTORIZED",,,"UNKNOWN","UNKNOWN/NA","UNKNOWN/NA","UNKNOWN","STRAIGHT AHEAD",,,"1",,,,,,,,,,,,,,,,,"Y","UNKNOWN",,,,,,,,,,,,,,,,,,,,,,,,,,,,,,,,,
"2321656","47678bca3458c38ce5f694c4ccc20a03d7fd3d1d2d9a483837895b3294ce16ab2b483f6e6919f763fc251f4091b1a372f0053afe3e2df1b37955da0eb9f6142d","2026-06-07T03:30:00.000","2","PARKED",,"2214303",,"HONDA","ACCORD","IL","2010","NONE","PASSENGER","PERSONAL","UNKNOWN","PARKED",,,"0",,,,,,,,,,,"Y","Y",,,,,,"SIDE-LEFT",,,,,,,,,,,,,,,,,,,,,,,,,,,,,,,,,
"2321217","2677168c64e1b1e827d8255c57074cd5f0743a3e4cc264656518db137a984d2a24ecfe0cc6073fc9cc4f0cc3e8c069b959e8143d961acc44ba17c9d96ecf34af","2026-06-07T03:25:00.000","1","DRIVER",,"2213882",,"NISSAN","ROGUE","IL","2019","UNKNOWN","PASSENGER","UNKNOWN/NA","S","STRAIGHT AHEAD","Y",,"1",,,,,"Y","Y","Y","Y","Y",,,,,"Y","Y","Y",,"FRONT",,,,,,,,,,,,,,,,,,,,,,,,,,,,,,,,,
"2321218","2677168c64e1b1e827d8255c57074cd5f0743a3e4cc264656518db137a984d2a24ecfe0cc6073fc9cc4f0cc3e8c069b959e8143d961acc44ba17c9d96ecf34af","2026-06-07T03:25:00.000","2","PARKED",,"2213883",,"ACURA","ADX","IL","2002","NONE","PASSENGER","NOT IN USE","N","PARKED",,,"0",,,,,,,,,,,,"Y","Y","Y","Y","Y",,"FRONT-LEFT-CORNER",,,,,,,,,,,,,,,,,,,,,,,,,,,,,,,,,
"2321239","2677168c64e1b1e827d8255c57074cd5f0743a3e4cc264656518db137a984d2a24ecfe0cc6073fc9cc4f0cc3e8c069b959e8143d961acc44ba17c9d96ecf34af","2026-06-07T03:25:00.000","3","PARKED",,"2213904",,"TOYOTA","4RUNNER","IL","2025","NONE","PASSENGER","NOT IN USE","S","PARKED",,,"0",,,,,,,,,,,,"Y","Y","Y","Y",,,"SIDE-LEFT",,,,,,,,,,,,,,,,,,,,,,,,,,,,,,,,,
"2321230","d6721548ba70731ff194ac796ef7ed3b64927ff6c1cf54a84e844047125e8e3b7dbc01685b358e4927ca6e98883914f81b8a235935b3dff7cc728e81f4b1e34b","2026-06-07T03:20:00.000","1","DRIVER",,"2213898",,"UNKNOWN","OTHER (EXPLAIN IN NARRATIVE)","IL",,"UNKNOWN","UNKNOWN/NA","UNKNOWN/NA","W","UNKNOWN/NA",,,"1",,,,,"N",,,,,,,,,,"N","N","Y","FRONT",,,,,,,,,,,,,,,,,,,,,,,,,,,,,,,,,
"2321231","d6721548ba70731ff194ac796ef7ed3b64927ff6c1cf54a84e844047125e8e3b7dbc01685b358e4927ca6e98883914f81b8a235935b3dff7cc728e81f4b1e34b","2026-06-07T03:20:00.000","2","PARKED",,"2213901",,"HONDA","CR-V","IL","2015","UNKNOWN","SPORT UTILITY VEHICLE (SUV)","PERSONAL","E","PARKED",,,"0",,,,,"Y","Y",,,,,,,,,,"Y",,"FRONT-RIGHT-CORNER",,,,,,,,,,,,,,,,,,,,,,,,,,,,,,,,,
"2321221","0b51c6e2004149792cc7bb871dbc1af43d58731c254e2d64a6f4037aa2c84cf336b124e027c50cb4db43967b74add6516e488253e76307a2e3c9e89b4f4110b0","2026-06-07T03:15:00.000","1","DRIVER",,"2213888",,"VOLKSWAGEN","JETTA","IL","2020","NONE","PASSENGER","PERSONAL","S","UNKNOWN/NA",,,"1",,,,,"Y",,,,,,,,,,"Y","Y",,"FRONT",,,,,,,,,,,,,,,,,,,,,,,,,,,,,,,,,
"2321222","0b51c6e2004149792cc7bb871dbc1af43d58731c254e2d64a6f4037aa2c84cf336b124e027c50cb4db43967b74add6516e488253e76307a2e3c9e89b4f4110b0","2026-06-07T03:15:00.000","2","DRIVERLESS",,"2213890",,"TOYOTA","SIENNA","IL","2023","NONE","VAN/MINI-VAN","PERSONAL","S","PARKED",,,"0",,,,,"Y",,,,,"Y","Y","Y","Y",,"Y","Y",,"SIDE-LEFT",,,,,,,,,,,,,,,,,,,,,,,,,,,,,,,,,
"2321223","0b51c6e2004149792cc7bb871dbc1af43d58731c254e2d64a6f4037aa2c84cf336b124e027c50cb4db43967b74add6516e488253e76307a2e3c9e89b4f4110b0","2026-06-07T03:15:00.000","3","DRIVERLESS",,"2213896",,"CHEVROLET","EQUINOX","IL","2020","NONE","PASSENGER","NOT IN USE","S","PARKED",,,"0",,,,,,,,,"Y","Y","Y","Y",,,,,,"REAR",,,,,,,,,,,,,,,,,,,,,,,,,,,,,,,,,
"2321240","358fb4685da9ce3bb8b6a61ec17c07b474c53fb38f44c8c2b640e891040a1c1336c2f4d96789b991492af71994206d9aaf6d566b17920c5ddf5a539acf939af7","2026-06-07T03:10:00.000","1","DRIVERLESS",,"2213905",,"UNKNOWN","OTHER (EXPLAIN IN NARRATIVE)",,,"UNKNOWN","UNKNOWN/NA","UNKNOWN/NA","UNKNOWN","UNKNOWN/NA",,,"0",,,,,,,,,,,,,,,,,"Y","UNKNOWN",,,,,,,,,,,,,,,,,,,,,,,,,,,,,,,,,
"2321241","358fb4685da9ce3bb8b6a61ec17c07b474c53fb38f44c8c2b640e891040a1c1336c2f4d96789b991492af71994206d9aaf6d566b17920c5ddf5a539acf939af7","2026-06-07T03:10:00.000","2","PARKED",,"2213910",,"FORD","MUSTANG","IL","1994","NONE","PASSENGER","PERSONAL","UNKNOWN","PARKED",,,"0",,,,,,,,,,,,,,,"Y","Y",,"UNKNOWN",,,,,,,,,,,,,,,,,,,,,,,,,,,,,,,,,
"2321213","ebc3c88a07e7ac388905be3a6f15aae205b42d4e4cbed9f9679e5d5e4b79d574128eb3a26799b1a316ebed461c57b71b833e5f6abc0b11c1555f65481b48f80f","2026-06-07T03:06:00.000","1","DRIVER",,"2213878",,"UNKNOWN","MOTORIZED",,,"UNKNOWN","UNKNOWN/NA","UNKNOWN/NA","UNKNOWN","UNKNOWN/NA",,,"1",,,,,,,,,,,,,,,,"Y",,"UNKNOWN",,,,,,,,,,,,,,,,,,,,,,,,,,,,,,,,,
"2321214","ebc3c88a07e7ac388905be3a6f15aae205b42d4e4cbed9f9679e5d5e4b79d574128eb3a26799b1a316ebed461c57b71b833e5f6abc0b11c1555f65481b48f80f","2026-06-07T03:06:00.000","2","DRIVERLESS",,"2213893",,"NISSAN","MAXIMA","IL","2023","UNKNOWN","PASSENGER","PERSONAL","UNKNOWN","PARKED",,,"0",,,,,,,,,"Y","Y","Y",,,,,,,"REAR",,,,,,,,,,,,,,,,,,,,,,,,,,,,,,,,,
"2321326","22094aa939f68f9c76a5f5e207762be21d8f4a871dbf74d900e76a8d8fcc531a9f417712523a08a98d6ae363f901857b0ba2d85d7719edb7321ff5b1a8bbb095","2026-06-07T03:00:00.000","1","DRIVER",,"2213989",,"UNKNOWN","OTHER (EXPLAIN IN NARRATIVE)",,,"UNKNOWN","UNKNOWN/NA","UNKNOWN/NA","UNKNOWN","UNKNOWN/NA",,,"1",,,,,,,,,,,,,,,,,"Y","UNKNOWN",,,,,,,,,,,,,,,,,,,,,,,,,,,,,,,,,
"2321327","22094aa939f68f9c76a5f5e207762be21d8f4a871dbf74d900e76a8d8fcc531a9f417712523a08a98d6ae363f901857b0ba2d85d7719edb7321ff5b1a8bbb095","2026-06-07T03:00:00.000","2","PARKED",,"2213994",,"MITSUBISHI","MIRAGE","WV","2024","NONE","PASSENGER","OTHER","NW","PARKED",,,"0",,,,,,,,,,,,,,"Y","Y",,,"FRONT-LEFT-CORNER",,,,,,,,,,,,,,,,,,,,,,,,,,,,,,,,,
"2321211","d56b602e51b7fe0da37b3e9b0d4c12957d8d1569a3af32f88a503286ea9892de3ca32066ee017f336bf3cc35c17000167d3e995aadef279e382f86229df2c668","2026-06-07T03:00:00.000","1","DRIVER","2","2213875",,"DODGE","CHARGER","IL","2022","UNKNOWN","PASSENGER","PERSONAL","N","STRAIGHT AHEAD","Y",,"3",,"PERSONAL TOW","UNKNOWN",,"Y",,,,,,,,,,"Y","Y",,"FRONT",,,,,,,,,,,,,,,,,,,,,,,,,,,,,,,,,
"2321212","d56b602e51b7fe0da37b3e9b0d4c12957d8d1569a3af32f88a503286ea9892de3ca32066ee017f336bf3cc35c17000167d3e995aadef279e382f86229df2c668","2026-06-07T03:00:00.000","2","DRIVER",,"2213877",,"JEEP","GRAND CHEROKEE","IL","2025","UNKNOWN","SPORT UTILITY VEHICLE (SUV)","PERSONAL","W","STRAIGHT AHEAD","Y",,"1",,"PERSONAL TOW","UNKNOWN",,,,,,,,"Y","Y","Y","Y",,,,"SIDE-LEFT",,,,,,,,,,,,,,,,,,,,,,,,,,,,,,,,,
"2321210","8479f7e249acd82697f74c5df56737fd77914984db7a09ac26fc72d062de1916c61d66053d88fb1a03074ad0c331c99a63eecf949ce68b1aa16967f092da374d","2026-06-07T02:59:00.000","1","DRIVER",,"2213873",,"INFINITI","Q50","IL","2018","UNKNOWN","PASSENGER","PERSONAL","S","STRAIGHT AHEAD","Y",,"1",,"city o chicago","701n sacramento",,"Y","Y",,,,,,,,"Y","Y","Y",,"FRONT",,,,,,,,,,,,,,,,,,,,,,,,,,,,,,,,,
"2321202","0aa46ca74916dba90869a9223055b0ba989a9a1e1c86f7c1d166523c10f9ab572064addb35a987db5338f8a2436f7c2f521ec8bd8dd89f889cee86ff6161e447","2026-06-07T02:55:00.000","1","DRIVER",,"2213863",,"KIA","SPORTAGE","IL","2019","UNKNOWN","SPORT UTILITY VEHICLE (SUV)","PERSONAL","E","BACKING",,,"1",,,,,,,,,,,,,,,,,"Y","REAR",,,,,,,,,,,,,,,,,,,,,,,,,,,,,,,,,
"2321203","0aa46ca74916dba90869a9223055b0ba989a9a1e1c86f7c1d166523c10f9ab572064addb35a987db5338f8a2436f7c2f521ec8bd8dd89f889cee86ff6161e447","2026-06-07T02:55:00.000","2","PARKED",,"2213865",,"ACURA","ZDX","IL","2024","NONE","SPORT UTILITY VEHICLE (SUV)","PERSONAL","E","PARKED",,,"0",,,,"Y",,,,,,,,,,,,,,"FRONT",,,,,,,,,,,,,,,,,,,,,,,,,,,,,,,,,
"2322213","eda61509a1b5fe50ef8addf3de113ffcb1a28c3eada37869cf3ecccd7b8d42299457d23e03e8c105efcb1a99147da8a40f0b49a8d7833f994f8200444367e27b","2026-06-07T02:50:00.000","1","DRIVER","1","2214814",,"JEEP","CHEROKEE","IL","2017","UNKNOWN","PASSENGER","UNKNOWN/NA","N","TURNING LEFT",,,"2",,,,,,,,,,,,,,,,"Y","Y","FRONT",,,,,,,,,,,,,,,,,,,,,,,,,,,,,,,,,
"2322214","eda61509a1b5fe50ef8addf3de113ffcb1a28c3eada37869cf3ecccd7b8d42299457d23e03e8c105efcb1a99147da8a40f0b49a8d7833f994f8200444367e27b","2026-06-07T02:50:00.000","2","DRIVER",,"2214815",,"FORD","FOCUS","IL","2015","NONE","PASSENGER","PERSONAL","N","STRAIGHT AHEAD",,,"1",,,,,,,,,,,,,,,"Y",,,"FRONT-LEFT-CORNER",,,,,,,,,,,,,,,,,,,,,,,,,,,,,,,,,
"2321372","4ec07785d46cf9763073cf98ad6e3d989219804a499203bd97418934e27dd36579095d91826f3deb1753fe346c58afd87fdbdee924607df1c64a0aa5dea32daf","2026-06-07T02:30:00.000","1","DRIVER",,"2214033",,"JEEP","WRANGLER","IL","2016","UNKNOWN","PASSENGER","PERSONAL","N","STRAIGHT AHEAD",,,"1",,,,,"N","N",,,,,,,,"Y","Y","Y",,"FRONT-LEFT-CORNER",,,,,,,,,,,,,,,,,,,,,,,,,,,,,,,,,
"2321373","4ec07785d46cf9763073cf98ad6e3d989219804a499203bd97418934e27dd36579095d91826f3deb1753fe346c58afd87fdbdee924607df1c64a0aa5dea32daf","2026-06-07T02:30:00.000","2","PARKED",,"2214036",,"VOLKSWAGEN","THE THING","IL","2024","NONE","PASSENGER","PERSONAL","UNKNOWN","PARKED",,,"0",,,,,,,,"Y","Y","Y","Y",,,,,,,"REAR-RIGHT-CORNER",,,,,,,,,,,,,,,,,,,,,,,,,,,,,,,,,
"2321281","b84d86c14cec818bb76751938d801ac13f20294f8e669d6085ffc9e75ac8b290ef873378799bf49d891dd56cdc94e15c6eee598760804b8439ceca05470f5861","2026-06-07T02:30:00.000","1","DRIVER",,"2213948",,"UNKNOWN","OTHER (EXPLAIN IN NARRATIVE)",,,"UNKNOWN","UNKNOWN/NA","UNKNOWN/NA","S","STRAIGHT AHEAD",,,"1",,,,,,,,,,,,,,,,,"Y","UNKNOWN",,,,,,,,,,,,,,,,,,,,,,,,,,,,,,,,,
"2321282","b84d86c14cec818bb76751938d801ac13f20294f8e669d6085ffc9e75ac8b290ef873378799bf49d891dd56cdc94e15c6eee598760804b8439ceca05470f5861","2026-06-07T02:30:00.000","2","PARKED",,"2213950",,"CHEVROLET","MALIBU","WI","2024","UNKNOWN","PASSENGER","PERSONAL","S","PARKED",,,"0",,,,,,,,,,,,,"Y","Y","Y",,,"SIDE-LEFT-FRONT",,,,,,,,,,,,,,,,,,,,,,,,,,,,,,,,,
"2321208","d292164b599bcb23b4682981afeff0d715c2e27072c1c4d23bb88cc6cb6f20ee8ca70985a1e18d5dc11beed57eb13ee201ac967dfaffa6ee873137c898d1148f","2026-06-07T02:10:00.000","1","DRIVER",,"2213870",,"DODGE","DURANGO","IL","2013","UNKNOWN","PASSENGER","PERSONAL","N","STRAIGHT AHEAD",,,"1",,,,,,,,,,,,,,,,,,"FRONT",,,,,,,,,,,,,,,,,,,,,,,,,,,,,,,,,
"2321209","d292164b599bcb23b4682981afeff0d715c2e27072c1c4d23bb88cc6cb6f20ee8ca70985a1e18d5dc11beed57eb13ee201ac967dfaffa6ee873137c898d1148f","2026-06-07T02:10:00.000","2","DRIVER","1","2213874",,"TOYOTA","AVALON","IL","2011","UNKNOWN","PASSENGER","PERSONAL","N","STRAIGHT AHEAD",,,"2",,,,,,,,,,,,,,,,,,"REAR",,,,,,,,,,,,,,,,,,,,,,,,,,,,,,,,,
"2321198","a0e1955a1876a561b99da35ac937753a039bc327bc072cda4c8a602790462280c4f99b052aa5b3bd7fb74e5d0c5002531834efb9b243560a560720dc98bea1d4","2026-06-07T02:04:00.000","1","DRIVER","4","2213864",,"DODGE","DURANGO","IL","2019","NONE","SPORT UTILITY VEHICLE (SUV)","PERSONAL","S","STRAIGHT AHEAD","Y",,"5",,"CITY TOW","POUND 6",,,,,,,,"Y","Y",,,,,"N","REAR-LEFT-CORNER",,,,,,,,,,,,,,,,,,,,,,,,,,,,,,,,,
"2321199","a0e1955a1876a561b99da35ac937753a039bc327bc072cda4c8a602790462280c4f99b052aa5b3bd7fb74e5d0c5002531834efb9b243560a560720dc98bea1d4","2026-06-07T02:04:00.000","2","DRIVER",,"2213867",,"TOYOTA","PRIUS","IL","2012","NONE","PASSENGER","PERSONAL","W","STRAIGHT AHEAD",,,"1",,,,,"Y","N","N",,,,,,,,"Y","Y",,"FRONT",,,,,,,,,,,,,,,,,,,,,,,,,,,,,,,,,
"2322068","f755dc645b6741eafa9d0131439ecc3022f3ad1d527a4f4163e1ebdbe9519c6aea580bd379ca6dc0e43381a1002ae755666778a97d60426cb89e18af45786346","2026-06-07T02:00:00.000","1","DRIVER",,"2214698",,"BMW","OTHER (EXPLAIN IN NARRATIVE)","IL","2013","NONE","SPORT UTILITY VEHICLE (SUV)","OTHER","W","AVOIDING VEHICLES/OBJECTS","Y",,"1",,"private","private",,"Y","Y",,,,,,,,,,,,"FRONT-RIGHT-CORNER",,,,,,,,,,,,,,,,,,,,,,,,,,,,,,,,,
"2321192","7bb087e202c3dfbafcff927206bebab001937ad3c2290928b675194a03c085b417038a7b073eba7ad505fa19e57795fcfbbea07ea42477eb27ba4767885d9674","2026-06-07T01:55:00.000","1","DRIVER",,"2213859",,"TOYOTA","CAMRY","IL","2021","NONE","PASSENGER","PERSONAL","S","STRAIGHT AHEAD","Y",,"1",,"private tow","unknown",,"Y","Y",,,,,,,,"Y","Y","Y",,"FRONT",,,,,,,,,,,,,,,,,,,,,,,,,,,,,,,,,
"2321510","d7d430d3dc81c3c23d1e532aa8e67d67b4b7246cc93c9070f0dfd77810cdb7c9fc8763347da2ee9537b8734f14a986fc2b717d05ed80ed9a1a2d5fa653ea01cd","2026-06-07T01:50:00.000","1","DRIVER",,"2214159",,"DODGE","CHALLENGER","IL","2017","UNKNOWN","PASSENGER","UNKNOWN/NA","W","STRAIGHT AHEAD",,,"1",,,,,"Y",,,,,,,,,,,,,"FRONT-RIGHT-CORNER",,,,,,,,,,,,,,,,,,,,,,,,,,,,,,,,,
"2321511","d7d430d3dc81c3c23d1e532aa8e67d67b4b7246cc93c9070f0dfd77810cdb7c9fc8763347da2ee9537b8734f14a986fc2b717d05ed80ed9a1a2d5fa653ea01cd","2026-06-07T01:50:00.000","2","DRIVER",,"2214174",,"BMW","OTHER (EXPLAIN IN NARRATIVE)","IL","2026","NONE","PASSENGER","PERSONAL","W","TURNING LEFT",,,"1",,,,,,,,,,,,,,,"Y",,,"SIDE-LEFT-FRONT",,,,,,,,,,,,,,,,,,,,,,,,,,,,,,,,,
"2321503","b542d9c8ac89d5abefeae007ccaef431f1d2e56d93c4639f8ad4c3d4de45fe9dfe106ee01ab777e47c9ff7fc7b351d47b0b213b9f2c4f90aa33112471a05d075","2026-06-07T01:45:00.000","1","DRIVER",,"2214153",,"UNKNOWN","OTHER (EXPLAIN IN NARRATIVE)",,,"UNKNOWN","SPORT UTILITY VEHICLE (SUV)","UNKNOWN/NA","S","BACKING",,,"1",,,,,,,,,,,,,,,,,"Y","REAR",,,,,,,,,,,,,,,,,,,,,,,,,,,,,,,,,
"2321504","b542d9c8ac89d5abefeae007ccaef431f1d2e56d93c4639f8ad4c3d4de45fe9dfe106ee01ab777e47c9ff7fc7b351d47b0b213b9f2c4f90aa33112471a05d075","2026-06-07T01:45:00.000","2","PARKED",,"2214154",,"GENERAL MOTORS CORPORATION (GMC)","CANYON","IL","2006","NONE","PICKUP","PERSONAL","UNKNOWN","PARKED",,,"0",,,,,,,"Y","Y","Y",,,,,,,,,"SIDE-RIGHT",,,,,,,,,,,,,,,,,,,,,,,,,,,,,,,,,
"2321188","2e15b885e52ee522fa7a0bbba26597c44159aeb3d70b42ebdf5ee739e02107046da09d4a67623c275c6973d6e6ac87a07ff6cac9bba8a5441b05becea6e2dbdf","2026-06-07T01:33:00.000","1","DRIVER","1","2213856",,"NISSAN","ALTIMA","IL","2024","NONE","PASSENGER","PERSONAL","E","STRAIGHT AHEAD",,,"2",,,,,,,,,,,,,,,,,,"FRONT",,,,,,,,,,,,,,,,,,,,,,,,,,,,,,,,,
"2321189","2e15b885e52ee522fa7a0bbba26597c44159aeb3d70b42ebdf5ee739e02107046da09d4a67623c275c6973d6e6ac87a07ff6cac9bba8a5441b05becea6e2dbdf","2026-06-07T01:33:00.000","2","PEDESTRIAN",,,,,,,,,,,,,,,,,,,,,,,,,,,,,,,,,,,,,,,,,,,,,,,,,,,,,,,,,,,,,,,,,,
"2321182","e630828fe1c0c6ab2aa98f951449332e0de6bc69f48d2f7de6b05b5617742a7f06d05cae692e3451389ffaff72cb4d66a7597084305a7931b978eddbaab43b2b","2026-06-07T01:30:00.000","1","DRIVER",,"2213846",,"TOYOTA","COROLLA","IL","2013","UNKNOWN","PASSENGER","UNKNOWN/NA","E","STRAIGHT AHEAD",,,"1",,,,,,,,,,,,,,,,,,"FRONT",,,,,,,,,,,,,,,,,,,,,,,,,,,,,,,,,
"2321183","e630828fe1c0c6ab2aa98f951449332e0de6bc69f48d2f7de6b05b5617742a7f06d05cae692e3451389ffaff72cb4d66a7597084305a7931b978eddbaab43b2b","2026-06-07T01:30:00.000","2","DRIVER",,"2213849",,"HYUNDAI","ELANTRA","IL","2004","NONE","PASSENGER","PERSONAL","E","SLOW/STOP IN TRAFFIC",,,"1",,,,,,,,,,,,,,,,,,"REAR",,,,,,,,,,,,,,,,,,,,,,,,,,,,,,,,,
"2321200","99dff88cb5d366925f2f513b1e8a6c614d6086fad814d0e169027604378f836716b8cb1e8800edbc160e49706547e721daefdf762b05254e95fc796a33655103","2026-06-07T01:20:00.000","1","BICYCLE",,,,,,,,,,,,,,,,,,,,,,,,,,,,,,,,,,,,,,,,,,,,,,,,,,,,,,,,,,,,,,,,,,
"2321201","99dff88cb5d366925f2f513b1e8a6c614d6086fad814d0e169027604378f836716b8cb1e8800edbc160e49706547e721daefdf762b05254e95fc796a33655103","2026-06-07T01:20:00.000","2","DRIVER",,"2213866",,"TOYOTA","PRIUS","IL","2011","UNKNOWN","PASSENGER","PERSONAL","W","TURNING RIGHT",,,"1",,,,,,,,,,,,,,,,"Y",,"FRONT",,,,,,,,,,,,,,,,,,,,,,,,,,,,,,,,,
"2321178","bac34f8e790f03f4ce00945acb4cd4fc5d3d877ae07268e41bf3bcce97e8e73cf69cfa8e30b7a5b61f660716c4c9b31c1158b69dd30c0587a67bf11413bf41b9","2026-06-07T01:20:00.000","1","DRIVER",,"2213839",,"CHEVROLET","CAMARO","IN","2022","UNKNOWN","PASSENGER","PERSONAL","E","STRAIGHT AHEAD",,,"1",,,,,,,,,,,"Y",,,,,,,"REAR-LEFT-CORNER",,,,,,,,,,,,,,,,,,,,,,,,,,,,,,,,,
"2321179","bac34f8e790f03f4ce00945acb4cd4fc5d3d877ae07268e41bf3bcce97e8e73cf69cfa8e30b7a5b61f660716c4c9b31c1158b69dd30c0587a67bf11413bf41b9","2026-06-07T01:20:00.000","2","BICYCLE",,,,,,,,,,,,,,,,,,,,,,,,,,,,,,,,,,,,,,,,,,,,,,,,,,,,,,,,,,,,,,,,,,
"2321215","ad14001f75135d8ef27f3f4e6b9a9f5a7287442b6ef413e5a83c2bfe1c947d7112f0bbb1e3313135fdb105f42d50266efcf0db4951b37f408c8d5003982095b2","2026-06-07T01:17:00.000","1","DRIVER","1","2213880",,"CHRYSLER","300","IN","2012","NONE","PASSENGER","PERSONAL","N","TURNING RIGHT","Y",,"2",,"self",,,,,,,,,,,,"Y","Y","Y",,"FRONT-LEFT-CORNER",,,,,,,,,,,,,,,,,,,,,,,,,,,,,,,,,
"2321216","ad14001f75135d8ef27f3f4e6b9a9f5a7287442b6ef413e5a83c2bfe1c947d7112f0bbb1e3313135fdb105f42d50266efcf0db4951b37f408c8d5003982095b2","2026-06-07T01:17:00.000","2","DRIVER","3","2213885",,"CHEVROLET","CRUZE","IL","2016","NONE","PASSENGER","PERSONAL","N","TURNING LEFT",,,"4",,,,,"Y",,,,,,,,,,,,,"FRONT-RIGHT-CORNER",,,,,,,,,,,,,,,,,,,,,,,,,,,,,,,,,
"2321643","7d202a277ad9ad000523de000c73dd36f06f93f5dac609e5ab0bbb5cc3a49a903db1eb0b0f509aca118361796b02a0ceef060b198cdec309830d6485a4726900","2026-06-07T01:10:00.000","1","DRIVER",,"2214288",,"SUBARU","OTHER (EXPLAIN IN NARRATIVE)","IL","2014","UNKNOWN","PASSENGER","PERSONAL","S","STRAIGHT AHEAD",,,"1",,,,,,,,,,,,,,,,"Y",,"FRONT",,,,,,,,,,,,,,,,,,,,,,,,,,,,,,,,,
"2321644","7d202a277ad9ad000523de000c73dd36f06f93f5dac609e5ab0bbb5cc3a49a903db1eb0b0f509aca118361796b02a0ceef060b198cdec309830d6485a4726900","2026-06-07T01:10:00.000","2","DRIVER",,"2214295",,"BUICK","ENCLAVE","IL","2026","NONE","SPORT UTILITY VEHICLE (SUV)","PERSONAL","S","SLOW/STOP IN TRAFFIC",,,"1",,,,,,,,,,"Y",,,,,,,,"REAR",,,,,,,,,,,,,,,,,,,,,,,,,,,,,,,,,
"2322059","293c4420bd2a866aa451160f937df3cee509b2e243f06994b927f69f7fc84bbe4388fad7e9fb3311536fa5dfc9bd9d2a32ee4532b7fa9155b27a9d9c11f9ca58","2026-06-07T01:03:00.000","1","DRIVER",,"2214672",,"NISSAN","PATHFINDER","IL","2013","NONE","PASSENGER","PERSONAL","E","STRAIGHT AHEAD",,,"1",,,,,"Y",,,,,,,,,,"Y","Y",,"FRONT",,,,,,,,,,,,,,,,,,,,,,,,,,,,,,,,,
"2322060","293c4420bd2a866aa451160f937df3cee509b2e243f06994b927f69f7fc84bbe4388fad7e9fb3311536fa5dfc9bd9d2a32ee4532b7fa9155b27a9d9c11f9ca58","2026-06-07T01:03:00.000","2","PARKED",,"2214673",,"TOYOTA","RAV4","IL","2018","NONE","PASSENGER","PERSONAL","E","PARKED",,,"0",,,,,"Y","Y",,,,,,,,,,,,"SIDE-RIGHT",,,,,,,,,,,,,,,,,,,,,,,,,,,,,,,,,
"2321174","1778fa172e8fa04bc70a7ce74fcf6dfdadba12407c10d7727e97d3c13d2e684ea16ef69abe43ea99a2dc9beff27f9dc51455c8fca0146f0b0d06d0d3e226b57e","2026-06-07T01:02:00.000","1","DRIVER",,"2213841",,"TOYOTA","CAMRY","IL","2011","UNKNOWN","PASSENGER","PERSONAL","N","UNKNOWN/NA","Y",,"1",,"CITY OF CHICAGO","103RD DOTY POUND#2",,"Y","Y","Y","Y","Y",,,,,,"Y","Y",,"FRONT-RIGHT-CORNER",,,,,,,,,,,,,,,,,,,,,,,,,,,,,,,,,
"2321175","1778fa172e8fa04bc70a7ce74fcf6dfdadba12407c10d7727e97d3c13d2e684ea16ef69abe43ea99a2dc9beff27f9dc51455c8fca0146f0b0d06d0d3e226b57e","2026-06-07T01:02:00.000","2","PARKED",,"2213850",,"LINCOLN","MKS","IL","2009","NONE","PASSENGER","PERSONAL","N","PARKED",,,"0",,,,,,,,,,,,,,,"Y",,,"FRONT-LEFT-CORNER",,,,,,,,,,,,,,,,,,,,,,,,,,,,,,,,,
"2321176","1778fa172e8fa04bc70a7ce74fcf6dfdadba12407c10d7727e97d3c13d2e684ea16ef69abe43ea99a2dc9beff27f9dc51455c8fca0146f0b0d06d0d3e226b57e","2026-06-07T01:02:00.000","3","PARKED",,"2213853",,"CHEVROLET","METRO","IL","2017","UNKNOWN","PASSENGER","PERSONAL","N","PARKED",,,"0",,,,,"Y","Y",,,"Y","N","Y",,,,"N","N",,"REAR-LEFT-CORNER",,,,,,,,,,,,,,,,,,,,,,,,,,,,,,,,,
"2321177","1778fa172e8fa04bc70a7ce74fcf6dfdadba12407c10d7727e97d3c13d2e684ea16ef69abe43ea99a2dc9beff27f9dc51455c8fca0146f0b0d06d0d3e226b57e","2026-06-07T01:02:00.000","4","PARKED",,"2213855",,"HONDA","CR-V","IL","2021","NONE","SPORT UTILITY VEHICLE (SUV)","PERSONAL","N","PARKED",,,"0",,,,,,,,,"N","Y",,,,,,,,"REAR",,,,,,,,,,,,,,,,,,,,,,,,,,,,,,,,,
"2321172","c59954aafadaa5fe7ff3102391b7e4883d9d5ea3e45fe76770f2d6cac5b64da9a3772b5f2302ec1c427d324b50ecfa42e2689cca31e4f5cc875225a056d1d2e6","2026-06-07T00:50:00.000","1","DRIVER",,"2213838",,"TOYOTA","OTHER (EXPLAIN IN NARRATIVE)","IL","2010","UNKNOWN","SPORT UTILITY VEHICLE (SUV)","UNKNOWN/NA","S","STRAIGHT AHEAD",,,"1",,,,,,,,,,,,,"Y","Y","Y",,,"FRONT-LEFT-CORNER",,,,,,,,,,,,,,,,,,,,,,,,,,,,,,,,,
"2321173","c59954aafadaa5fe7ff3102391b7e4883d9d5ea3e45fe76770f2d6cac5b64da9a3772b5f2302ec1c427d324b50ecfa42e2689cca31e4f5cc875225a056d1d2e6","2026-06-07T00:50:00.000","2","DRIVER","3","2213834",,"HYUNDAI","ELANTRA","IL","2013","UNKNOWN","PASSENGER","PERSONAL","S","OTHER",,,"4",,,,,,,,"Y","Y","Y","Y",,,,,,,"REAR",,,,,,,,,,,,,,,,,,,,,,,,,,,,,,,,,
"2321190","ff98fd8e9f0dce50de7918c4a17631d79d5013e9245293aeaf7dfbf1a2517c55fa13d3f8fe970dc0221b68085ec56e358a372006bfe54d99d21fe7e0b2fb0567","2026-06-07T00:45:00.000","1","DRIVER",,"2213857",,"INDIAN","INDIAN","IL","2019","UNKNOWN","UNKNOWN/NA","UNKNOWN/NA","NW","STRAIGHT AHEAD",,,"1",,,,,,,,,,,,,,,,,"Y","UNKNOWN",,,,,,,,,,,,,,,,,,,,,,,,,,,,,,,,,
"2321191","ff98fd8e9f0dce50de7918c4a17631d79d5013e9245293aeaf7dfbf1a2517c55fa13d3f8fe970dc0221b68085ec56e358a372006bfe54d99d21fe7e0b2fb0567","2026-06-07T00:45:00.000","2","DRIVER","2","2213860",,"TOYOTA","SIENNA","IL","2015","NONE","PASSENGER","PERSONAL","NW","SLOW/STOP IN TRAFFIC",,,"3",,,,,,,,,,,"Y",,,,,,,"SIDE-LEFT-REAR",,,,,,,,,,,,,,,,,,,,,,,,,,,,,,,,,
"2321194","b891f4ee5a0e5268eede80a929d9ee0799df35faaea19041e71a1cbc2c1ad0effcc685b31fef899760f6379fe7320b7fb80066425941a75176431279bc095349","2026-06-07T00:44:00.000","1","DRIVER",,"2213868",,"NISSAN","ALTIMA","IL","2003","UNKNOWN","PASSENGER","PERSONAL","S","STRAIGHT AHEAD",,,"1",,,,"Y","Y","Y",,,,,,,,,,,,"FRONT-RIGHT-CORNER",,,,,,,,,,,,,,,,,,,,,,,,,,,,,,,,,
"2321195","b891f4ee5a0e5268eede80a929d9ee0799df35faaea19041e71a1cbc2c1ad0effcc685b31fef899760f6379fe7320b7fb80066425941a75176431279bc095349","2026-06-07T00:44:00.000","2","DRIVER",,"2213881",,"CHEVROLET","SILVERADO","IL","2018","UNKNOWN","TRUCK - SINGLE UNIT","TOW TRUCK","S","SLOW/STOP IN TRAFFIC",,,"1",,,,,,,,,,,"Y",,,,,,,"SIDE-LEFT-REAR",,,,,,,,,,,,,,,,,,,,,,,,,,,,,,,,,
"2321163","d82e9ca31ec1ed92bf4a19a58b8ab3d9750afd086708581d1f56f7d9b0fb058f3f451ab98a7e545222d50fecb530b94a241e3dc0075b7d06304b38d8dc7f1847","2026-06-07T00:37:00.000","1","DRIVER","3","2213852",,"KIA","OPTIMA / K5","IL","2023","NONE","PASSENGER","PERSONAL","N","SLOW/STOP IN TRAFFIC","Y",,"4",,"PRIVATE TOW","HOME",,"Y","Y",,,"Y","Y","Y","N",,,"Y","Y",,"REAR",,,,,,,,,,,,,,,,,,,,,,,,,,,,,,,,,
"2321164","d82e9ca31ec1ed92bf4a19a58b8ab3d9750afd086708581d1f56f7d9b0fb058f3f451ab98a7e545222d50fecb530b94a241e3dc0075b7d06304b38d8dc7f1847","2026-06-07T00:37:00.000","2","DRIVER","2","2213918",,"ACURA","ILX","IL","2024","NONE","PASSENGER","PERSONAL","N","STRAIGHT AHEAD",,,"3",,,,,"Y",,,,,,,,,,"Y","Y",,"FRONT",,,,,,,,,,,,,,,,,,,,,,,,,,,,,,,,,
"2321186","c55b1d477aa785da80e86599a5200b2c4bb907f756d6bea5b6bb460003f4cf11fb6f436866e5c26bbc407c180eaf85472a145ae3eb37613924623f72343ac573","2026-06-07T00:30:00.000","1","DRIVER",,"2213854",,"UNKNOWN","OTHER (EXPLAIN IN NARRATIVE)","IL",,"NONE","OTHER","OTHER","N","OTHER",,,"1",,,,,,,,,,,,,,,,,"Y","SIDE-RIGHT-REAR",,,,,,,,,,,,,,,,,,,,,,,,,,,,,,,,,
"2321187","c55b1d477aa785da80e86599a5200b2c4bb907f756d6bea5b6bb460003f4cf11fb6f436866e5c26bbc407c180eaf85472a145ae3eb37613924623f72343ac573","2026-06-07T00:30:00.000","2","BICYCLE",,,,,,,,,,,,,,,,,,,,,,,,,,,,,,,,,,,,,,,,,,,,,,,,,,,,,,,,,,,,,,,,,,
"2321165","bff5747e4df949f60f951f62403f994ba4292cd94a5f75039f154c24b92c77e4bd82b8b596a13912e1770b2021ed5e1dd982524c9be2f1db58e0a4d4a510cd8f","2026-06-07T00:18:00.000","1","DRIVER",,"2213832",,"CADILLAC","SRX","IL","2014","UNKNOWN","UNKNOWN/NA","UNKNOWN/NA","W","STRAIGHT AHEAD",,,"1",,,,,"Y","Y",,,,,,,,,,,,"FRONT-RIGHT-CORNER",,,,,,,,,,,,,,,,,,,,,,,,,,,,,,,,,
"2321166","bff5747e4df949f60f951f62403f994ba4292cd94a5f75039f154c24b92c77e4bd82b8b596a13912e1770b2021ed5e1dd982524c9be2f1db58e0a4d4a510cd8f","2026-06-07T00:18:00.000","2","DRIVER",,"2213837",,"TOYOTA","PRIUS","IL","2015","UNKNOWN","PASSENGER","PERSONAL","W","STRAIGHT AHEAD",,,"1",,,,,,,,,,,"Y","Y",,,,,,"REAR-LEFT-CORNER",,,,,,,,,,,,,,,,,,,,,,,,,,,,,,,,,
"2321185","2f7a6ce03432914e53e5093df22d2a75d44ba224ec7c7ab72e37fcee72865fc2d907a82aaf5bbde8f8771df2a268c6466ef5c65dc6c5563d8470922400734569","2026-06-07T00:14:00.000","2","DRIVER",,"2213869",,"NOVA BUS","LFS",,,"NONE","BUS OVER 15 PASS.","CTA","N","STRAIGHT AHEAD",,,"1",,,,,,,,,,,,,,,"Y",,,"FRONT-LEFT-CORNER",,,,,,,,,,,,,,,,,,,,,,,,,,,,,,,,,
"2321193","2f7a6ce03432914e53e5093df22d2a75d44ba224ec7c7ab72e37fcee72865fc2d907a82aaf5bbde8f8771df2a268c6466ef5c65dc6c5563d8470922400734569","2026-06-07T00:14:00.000","1","DRIVER",,"2213858",,"CHEVROLET","TRAX","IN","2020","NONE","PASSENGER","PERSONAL","N","STRAIGHT AHEAD",,,"1",,,,,,,,,"Y",,,,,,,,,"REAR-RIGHT-CORNER",,,,,,,,,,,,,,,,,,,,,,,,,,,,,,,,,
"2321169","fd8cfd4c18ecb4a00bad1c72f9bf835354dc960c8923bb4a9a8c9a9b0061c20ef34c502c9bb354d6c7755fedf78bd6d35d55bcca1e5202f87dce2c0a6f945f34","2026-06-07T00:09:00.000","1","DRIVER","1","2213836",,"HYUNDAI","TUCSON","IL","2023","UNKNOWN","PASSENGER","PERSONAL","W","TURNING RIGHT","Y",,"2",,"CITY OF CHICAGO","POUND 2",,"Y","Y",,,,,,,,,,"Y",,"FRONT-RIGHT-CORNER",,,,,,,,,,,,,,,,,,,,,,,,,,,,,,,,,
"2321170","fd8cfd4c18ecb4a00bad1c72f9bf835354dc960c8923bb4a9a8c9a9b0061c20ef34c502c9bb354d6c7755fedf78bd6d35d55bcca1e5202f87dce2c0a6f945f34","2026-06-07T00:09:00.000","2","PARKED",,"2213843",,"CHEVROLET","TRAVERSE","IL","2011","UNKNOWN","PASSENGER","PERSONAL","UNKNOWN","PARKED",,,"0",,,,,,,,,,,"Y","Y","Y","Y","Y",,,"REAR-LEFT-CORNER",,,,,,,,,,,,,,,,,,,,,,,,,,,,,,,,,
"2321171","fd8cfd4c18ecb4a00bad1c72f9bf835354dc960c8923bb4a9a8c9a9b0061c20ef34c502c9bb354d6c7755fedf78bd6d35d55bcca1e5202f87dce2c0a6f945f34","2026-06-07T00:09:00.000","3","PARKED",,"2213848",,"HYUNDAI","ELANTRA","IL","2023","UNKNOWN","PASSENGER","PERSONAL","UNKNOWN","PARKED",,,"0",,,,,,,,,,"Y","Y","Y",,,,,,"SIDE-LEFT-REAR",,,,,,,,,,,,,,,,,,,,,,,,,,,,,,,,,
"2322340","54cfbc0cf708b7ef182539bbbeb4dfc083760395b0546c16a2153d61a68ebf4366dd29311361fd8dc6c9248ff66553ef227ce297b083c589aa01668beebcfc6a","2026-06-07T00:05:00.000","1","DRIVER",,"2214928",,"UNKNOWN","MOTORIZED",,,"UNKNOWN","UNKNOWN/NA","UNKNOWN/NA","E","UNKNOWN/NA",,,"1",,,,,,,,,,,,,,,,,"Y","UNKNOWN",,,,,,,,,,,,,,,,,,,,,,,,,,,,,,,,,
"2322341","54cfbc0cf708b7ef182539bbbeb4dfc083760395b0546c16a2153d61a68ebf4366dd29311361fd8dc6c9248ff66553ef227ce297b083c589aa01668beebcfc6a","2026-06-07T00:05:00.000","2","PARKED",,"2214942",,"RANGE ROVER OF NORTH AMERICA","RANGE ROVER OF NORTH AMERICA","IL","2018","NONE","PASSENGER","PERSONAL","E","PARKED",,,"0",,,,,,,,,,"Y","Y","Y","Y","Y",,,,"SIDE-LEFT",,,,,,,,,,,,,,,,,,,,,,,,,,,,,,,,,
"2321144","962e5c1ff06a184f2437b68bc0d405a1a95bcae8aea3df6d4ca0b9855f4278853c7bf29616602b37f687cc24fb5764a96e408a7bb07653138a2b4523702f44f2","2026-06-07T00:05:00.000","1","DRIVER",,"2213815",,"HYUNDAI","OTHER (EXPLAIN IN NARRATIVE)","IL","2014","NONE","PASSENGER","PERSONAL","NE","BACKING","Y",,"1",,"CITY OF CHICAGO","701 N SACRAMENTO",,,,,,,"Y","Y",,,,,,,"REAR-LEFT-CORNER",,,,,,,,,,,,,,,,,,,,,,,,,,,,,,,,,
"2321145","962e5c1ff06a184f2437b68bc0d405a1a95bcae8aea3df6d4ca0b9855f4278853c7bf29616602b37f687cc24fb5764a96e408a7bb07653138a2b4523702f44f2","2026-06-07T00:05:00.000","2","DRIVER","1","2213819",,"FORD","OTHER (EXPLAIN IN NARRATIVE)","IL","2021","NONE","PASSENGER","POLICE","W","STRAIGHT AHEAD",,,"2",,,,,,,"Y","Y",,,,,,,,,,"SIDE-RIGHT",,,,,,,,,,,,,,,,,,,,,,,,,,,,,,,,,
"2321132","b731f0ead50280d73f360642def000996a21eb02cdd02ef30589dad6515802ec9a20fcf605ef980860f3aa5f1ba67e0a73c250539da8acf94b63206081035799","2026-06-07T00:03:00.000","1","DRIVER",,"2213833",,"HONDA","CIVIC","IL","2016","UNKNOWN","PASSENGER","UNKNOWN/NA","E","STRAIGHT AHEAD",,,"1",,,,,,,,,,,,,,,,"Y",,"FRONT",,,,,,,,,,,,,,,,,,,,,,,,,,,,,,,,,
"2321133","b731f0ead50280d73f360642def000996a21eb02cdd02ef30589dad6515802ec9a20fcf605ef980860f3aa5f1ba67e0a73c250539da8acf94b63206081035799","2026-06-07T00:03:00.000","2","DRIVER",,"2213840",,"HONDA","OTHER (EXPLAIN IN NARRATIVE)","IL","2021","NONE","PASSENGER","NOT IN USE","E","SLOW/STOP IN TRAFFIC",,,"1",,,,,,,,,"Y","Y","Y",,,,,,,"REAR",,,,,,,,,,,,,,,,,,,,,,,,,,,,,,,,,
"2322516","ef273262b8dd11b723715e75d4f4e588cf3c29e606272628ad05eac40249b3943fa52c4ac689033329a7986ded647490d94b75f93451a4fa167a5b80c46bd2c5","2026-06-07T00:00:00.000","1","DRIVER",,"2215116",,"UNKNOWN","OTHER (EXPLAIN IN NARRATIVE)","IL",,"UNKNOWN","UNKNOWN/NA","UNKNOWN/NA","N","AVOIDING VEHICLES/OBJECTS",,,"1",,,,,,,,,,,,,,,,,"Y","UNKNOWN",,,,,,,,,,,,,,,,,,,,,,,,,,,,,,,,,
"2322517","ef273262b8dd11b723715e75d4f4e588cf3c29e606272628ad05eac40249b3943fa52c4ac689033329a7986ded647490d94b75f93451a4fa167a5b80c46bd2c5","2026-06-07T00:00:00.000","2","DRIVER",,"2215115",,"FORD","ESCAPE","IL","2021","UNKNOWN","PASSENGER","PERSONAL","N","SLOW/STOP IN TRAFFIC",,,"1",,,,,,,,,"Y","Y","Y",,,,,,,"REAR",,,,,,,,,,,,,,,,,,,,,,,,,,,,,,,,,
"2321130","49284810a08a45e226e1af4fde41e8c1a35336f3faf0e5fc126e05d763bb844e40ea9f50e602bd9335f8569b73e00775d11370a3d413e254fbb8a1149cd0de07","2026-06-06T23:53:00.000","1","DRIVER","1","2213803",,"MERCURY","SABLE","IL","2008","UNKNOWN","PASSENGER","UNKNOWN/NA","SE","TURNING LEFT",,,"2",,,,,,,,,,,"Y",,,,,,,"SIDE-LEFT-REAR",,,,,,,,,,,,,,,,,,,,,,,,,,,,,,,,,
"2321131","49284810a08a45e226e1af4fde41e8c1a35336f3faf0e5fc126e05d763bb844e40ea9f50e602bd9335f8569b73e00775d11370a3d413e254fbb8a1149cd0de07","2026-06-06T23:53:00.000","2","DRIVER","1","2213813",,"FORD","EXPLORER","IL","2024","UNKNOWN","PASSENGER","POLICE","SW","STRAIGHT AHEAD",,,"2",,,,,,,,,,,,,,,,"Y",,"FRONT",,,,,,,,,,,,,,,,,,,,,,,,,,,,,,,,,
"2321152","0119331aa30a5011b4ec4263a0244dd83fff635c77055d3eaa7b04e7671d43f6615843140e47660cc9c991ac201d364bc0f7e9bf8f2e53e4ad526637fd257143","2026-06-06T23:50:00.000","1","DRIVER",,"2213847",,"UNKNOWN","OTHER (EXPLAIN IN NARRATIVE)",,,"UNKNOWN","UNKNOWN/NA","UNKNOWN/NA","NE","U-TURN",,,"1",,,,,,,,,,,,,,,,,"Y","UNKNOWN",,,,,,,,,,,,,,,,,,,,,,,,,,,,,,,,,
"2321153","0119331aa30a5011b4ec4263a0244dd83fff635c77055d3eaa7b04e7671d43f6615843140e47660cc9c991ac201d364bc0f7e9bf8f2e53e4ad526637fd257143","2026-06-06T23:50:00.000","2","DRIVER",,"2213817",,"TOYOTA","COROLLA","IL","2010","NONE","PASSENGER","UNKNOWN/NA","E","AVOIDING VEHICLES/OBJECTS","N",,"1",,,,,"Y","Y","Y","Y","Y",,,,,,,,,"FRONT-RIGHT-CORNER",,,,,,,,,,,,,,,,,,,,,,,,,,,,,,,,,
"2321154","0119331aa30a5011b4ec4263a0244dd83fff635c77055d3eaa7b04e7671d43f6615843140e47660cc9c991ac201d364bc0f7e9bf8f2e53e4ad526637fd257143","2026-06-06T23:50:00.000","3","DRIVER",,"2213825",,"KIA","OPTIMA / K5","TN","2026","NONE","PASSENGER","OTHER","E","STRAIGHT AHEAD","Y",,"1",,,,,"Y","Y",,,,,"Y","Y","Y","Y","Y","Y",,"REAR-LEFT-CORNER",,,,,,,,,,,,,,,,,,,,,,,,,,,,,,,,,
"2321155","0119331aa30a5011b4ec4263a0244dd83fff635c77055d3eaa7b04e7671d43f6615843140e47660cc9c991ac201d364bc0f7e9bf8f2e53e4ad526637fd257143","2026-06-06T23:50:00.000","4","PARKED",,"2213827",,"MAZDA","CX-9","IL","2021","NONE","PASSENGER","UNKNOWN/NA","E","PARKED",,,"0",,,,,,,,,,,"Y","Y","Y","Y","Y",,,"REAR-LEFT-CORNER",,,,,,,,,,,,,,,,,,,,,,,,,,,,,,,,,
"2321156","0119331aa30a5011b4ec4263a0244dd83fff635c77055d3eaa7b04e7671d43f6615843140e47660cc9c991ac201d364bc0f7e9bf8f2e53e4ad526637fd257143","2026-06-06T23:50:00.000","5","PARKED",,"2213829",,"HONDA","PILOT","IL","2014","UNKNOWN","UNKNOWN/NA","UNKNOWN/NA","E","PARKED",,,"0",,,,,,,,,,,"Y","Y","Y","Y","Y",,,"REAR-LEFT-CORNER",,,,,,,,,,,,,,,,,,,,,,,,,,,,,,,,,
"2321159","94d7803b8ac52b218262debeeb72bf6847128a153399611963f3afa489e13c2bef0babc5f43ddf495e905275838f801ac564a5521bbeec0f3f43bc3ca0da57f3","2026-06-06T23:48:00.000","1","DRIVER",,"2213820",,"HONDA","CIVIC","IL","2009","NONE","PASSENGER","PERSONAL","W","STRAIGHT AHEAD",,,"1",,,,,,,,,,,,,,,"Y",,,"FRONT-LEFT-CORNER",,,,,,,,,,,,,,,,,,,,,,,,,,,,,,,,,
