"crash_record_id","crash_date_est_i","crash_date","posted_speed_limit","traffic_control_device","device_condition","weather_condition","lighting_condition","first_crash_type","trafficway_type","lane_cnt","alignment","roadway_surface_cond","road_defect","report_type","crash_type","intersection_related_i","private_property_i","hit_and_run_i","damage","date_police_notified","prim_contributory_cause","sec_contributory_cause","street_no","street_direction","street_name","beat_of_occurrence","photos_taken_i","statements_taken_i","dooring_i","work_zone_i","work_zone_type","workers_present_i","num_units","crash_month","most_severe_injury","injuries_total","injuries_fatal","injuries_incapacitating","injuries_non_incapacitating","injuries_reported_not_evident","injuries_no_indication","injuries_unknown","crash_hour","crash_day_of_week","idot_control_no","latitude","longitude","location"
"419e0f4348b4274d902d84bd7aa58f5fa9c10820b77abcb00edc54e59a7b351d50f4a68bd650e4468c14c11eaf5c9d02aaef1b81fd4e88c1e873e6e7b1a5a4f3",,"2026-05-19T23:15:00.000","45","STOP SIGN/FLASHER","FUNCTIONING IMPROPERLY","CLEAR","DARKNESS","TURNING","DIVIDED - W/MEDIAN (NOT RAISED)",,"STRAIGHT AND LEVEL","DRY","NO DEFECTS","NOT ON SCENE (DESK REPORT)","NO INJURY / DRIVE AWAY",,,"Y","OVER $1,500","2026-05-20T09:20:00.000","IMPROPER TURNING/NO SIGNAL","IMPROPER TURNING/NO SIGNAL","6220","S","LAKE SHORE DR","331",,,,,,,"2","5","NO INDICATION OF INJURY","0","0","0","0","0","2","0","23","3","X004237573","41.7818512959","-87.575474638","POINT (-87.575474638028 41.781851295939)"
"1471094d2f2a497653584d887ed73cddcdfaa35fd02b20376db776ef90f265a2c48a2d3cb5f92dd4633f68a639bc02e11ca5d5a87342ceec219c246d2bd01dd5",,"2026-05-20T07:51:00.000","30","STOP SIGN/FLASHER","FUNCTIONING PROPERLY","CLEAR","DAYLIGHT","PEDESTRIAN","FOUR WAY",,"STRAIGHT AND LEVEL","DRY","NO DEFECTS","ON SCENE","INJURY AND / OR TOW DUE TO CRASH","Y",,,"$500 OR LESS","2026-05-20T07:53:00.000","FAILING TO YIELD RIGHT-OF-WAY","FAILING TO YIELD RIGHT-OF-WAY","701","N","NOBLE ST","1215",,,,,,,"2","5","NONINCAPACITATING INJURY","2","0","0","2","0","2","0","7","4","X004237669","41.8943490486","-87.6622078233","POINT (-87.662207823341 41.89434904862)"
"1c99690e19bd557cc6ad0674668dc492ab979c4e63a279467ba6523c9c79ff58eb34b1199f004aa8c9d96dc7b98bf9d5c10aed22311dea906133fe9ff741d78e","Y","2026-05-20T02:00:00.000","30","UNKNOWN","UNKNOWN","CLEAR","DARKNESS, LIGHTED ROAD","FIXED OBJECT","NOT DIVIDED",,"STRAIGHT AND LEVEL","DRY","UNKNOWN","ON SCENE","INJURY AND / OR TOW DUE TO CRASH",,,"N","OVER $1,500","2026-05-20T02:20:00.000","UNABLE TO DETERMINE","UNABLE TO DETERMINE","2334","E","75TH ST","334",,,,,,,"1","5","NO INDICATION OF INJURY","0","0","0","0","0","1","0","2","4","X004237255","41.7590854759","-87.5674478495","POINT (-87.567447849458 41.759085475865)"
"401b13002f631a3faa4af328d3896d70547210e3cfc218c12cb022a771e078bbd31849b12372be26edcbcce54ed1bba97f870c66c1ba7f468742a112822041bf",,"2026-05-20T07:50:00.000","30","TRAFFIC SIGNAL","FUNCTIONING PROPERLY","CLEAR","DAYLIGHT","SIDESWIPE SAME DIRECTION","FOUR WAY",,"STRAIGHT AND LEVEL","DRY","NO DEFECTS",,"NO INJURY / DRIVE AWAY","Y",,,"$501 - $1,500","2026-05-20T08:20:00.000","UNABLE TO DETERMINE","UNABLE TO DETERMINE","5500","S","WESTERN AVE","824",,,,,,,"2","5","NO INDICATION OF INJURY","0","0","0","0","0","3","0","7","4","X004237570","41.7933705543","-87.6841753768","POINT (-87.684175376759 41.79337055433)"
"d4617f749ee48ca7b2b74cd96171a7ab3d786cf2fcbda586710b3be18eb65458a757b94b6ff5444a9bdc198e50d0ac19eb04554125e4936efbd6d66d9669b91e",,"2026-05-18T07:45:00.000","30","NO CONTROLS","NO CONTROLS","CLEAR","DAYLIGHT","PARKED MOTOR VEHICLE","NOT DIVIDED",,"STRAIGHT AND LEVEL","DRY","NO DEFECTS","ON SCENE","NO INJURY / DRIVE AWAY",,,,"OVER $1,500","2026-05-18T18:31:00.000","FAILING TO YIELD RIGHT-OF-WAY","UNABLE TO DETERMINE","733","E","133RD ST","533",,,,,,,"2","5","NO INDICATION OF INJURY","0","0","0","0","0","1","0","7","2","X004237264","41.6542850037","-87.6035000251","POINT (-87.603500025118 41.654285003672)"
"006bc88aa00209dba00e7f4e77939f4cac6d1918b26e0fdc14f9594dbde0aeb4c0de21e0b0ca0480bb36f68bee6ccc03f8e085d4502517eaf8dc89e832d2c6d0",,"2020-07-28T21:37:00.000","25","NO CONTROLS","NO CONTROLS","CLEAR","DARKNESS","FIXED OBJECT","NOT DIVIDED",,"CURVE, LEVEL","DRY","NO DEFECTS","ON SCENE","INJURY AND / OR TOW DUE TO CRASH",,,,"OVER $1,500","2020-07-28T22:38:00.000","PHYSICAL CONDITION OF DRIVER","UNABLE TO DETERMINE","8300","S","COMMERCIAL AVE","424",,,,,,,"1.0","7","NONINCAPACITATING INJURY","1.0","0","0","1","0","3","0","21","3","X001971047",,,
"7b69b249bb80528d33287ece0d4e54eb5d26c8d7b27ee544344b08c9b878597e49d3f508ef4be474e9bc6e12bc26e8a2d17f891538deaf3c3df33ab9a91fabbf",,"2026-05-19T12:20:00.000","25","NO CONTROLS","NO CONTROLS","CLEAR","DAYLIGHT","FIXED OBJECT","ONE-WAY",,"STRAIGHT AND LEVEL","DRY","NO DEFECTS","ON SCENE","NO INJURY / DRIVE AWAY",,,,"$501 - $1,500","2026-05-19T12:25:00.000","UNABLE TO DETERMINE","UNABLE TO DETERMINE","6555","S","CENTRAL PARK AVE","831",,,,,,,"1","5","NO INDICATION OF INJURY","0","0","0","0","0","1","0","12","3","X004237216","41.7734704077","-87.7124591845","POINT (-87.712459184495 41.773470407719)"
"04c7b023fa2d02c8d760e8b966517a1dff290988eb754dc629c5009d049602a02f2c695c3a160b1aabc4aa5fd476a57f4e53f1797bda42325d04d52ea6e0e435",,"2026-05-20T09:28:00.000","30","NO CONTROLS","NO CONTROLS","CLEAR","DAYLIGHT","PARKED MOTOR VEHICLE","ONE-WAY",,"STRAIGHT AND LEVEL","DRY","NO DEFECTS",,"INJURY AND / OR TOW DUE TO CRASH",,,,"$501 - $1,500","2026-05-20T09:39:00.000","UNABLE TO DETERMINE","NOT APPLICABLE","227","W","MONROE ST","122",,,,,,,"2","5","NO INDICATION OF INJURY","0","0","0","0","0","4","0","9","4","X004237652","41.88053925","-87.6345924635","POINT (-87.634592463514 41.88053924995)"
"253baed18e45297fd0f7a5f652ce51bb8785801112938aa6093e531ea64e325a894ef21d3636438b9b39b764c6b4702a5f765886f924e4f1cb7275eeac6f41b8",,"2026-05-20T10:13:00.000","30","NO CONTROLS","NO CONTROLS","CLEAR","DAYLIGHT","PEDALCYCLIST","NOT DIVIDED",,"STRAIGHT AND LEVEL","DRY","NO DEFECTS","ON SCENE","INJURY AND / OR TOW DUE TO CRASH",,,,"OVER $1,500","2026-05-20T10:15:00.000","UNABLE TO DETERMINE","UNABLE TO DETERMINE","3151","W","ARMITAGE AVE","1421",,,,,,,"2","5","NONINCAPACITATING INJURY","1","0","0","1","0","1","0","10","4","X004237668","41.9172923724","-87.7068822377","POINT (-87.706882237658 41.91729237245)"
"2c55dfb465aa0aac76ad105516699e516a1afccc79f14a9da1d13788a4cbf0570863e002e31f15f93bd52c34c1873607e7b8b5584f7080206756be21e7a24e9f",,"2026-05-20T06:06:00.000","25","NO CONTROLS","NO CONTROLS","CLEAR","DAYLIGHT","PARKED MOTOR VEHICLE","ONE-WAY",,"STRAIGHT AND LEVEL","DRY","NO DEFECTS","ON SCENE","INJURY AND / OR TOW DUE TO CRASH",,,,"OVER $1,500","2026-05-20T06:33:00.000","DISTRACTION - FROM INSIDE VEHICLE","NOT APPLICABLE","6214","N","SACRAMENTO AVE","2413",,,,,,,"3","5","NO INDICATION OF INJURY","0","0","0","0","0","1","0","6","4","X004237681","41.9943813292","-87.7045354828","POINT (-87.704535482757 41.994381329227)"
"3d12a0dc9844bc8eb88123a8f32a930e6268d802787bb9cda6520ac50a84f5e8484732ac2a23c7a596e8d111a4b68223cf4bcea19983a396fcb377ed6c3808d9",,"2026-05-19T18:00:00.000","30","NO CONTROLS","NO CONTROLS","CLEAR","UNKNOWN","PARKED MOTOR VEHICLE","NOT DIVIDED",,"STRAIGHT AND LEVEL","DRY","NO DEFECTS","NOT ON SCENE (DESK REPORT)","NO INJURY / DRIVE AWAY",,,"Y","OVER $1,500","2026-05-20T09:30:00.000","IMPROPER LANE USAGE","UNABLE TO DETERMINE","2315","E","70TH ST","331",,,,,,,"2","5","NO INDICATION OF INJURY","0","0","0","0","0","1","0","18","3","X004237505","41.7679440292","-87.5692019713","POINT (-87.569201971333 41.767944029173)"
"034d14be500c0eb17a7c7520249a1f0353b077060add2aa043917a94ea23b751907b88ad3afb36055291de558bda304dad854851f8e89f62279e351c96a78a4a",,"2026-05-20T09:05:00.000","25","NO CONTROLS","NO CONTROLS","CLEAR","DAYLIGHT","PARKED MOTOR VEHICLE","NOT DIVIDED",,"STRAIGHT AND LEVEL","DRY","NO DEFECTS","NOT ON SCENE (DESK REPORT)","NO INJURY / DRIVE AWAY",,,"Y","OVER $1,500","2026-05-20T09:15:00.000","UNABLE TO DETERMINE","UNABLE TO DETERMINE","6755","N","RAVENSWOOD AVE","2432",,,,,,,"2","5","NO INDICATION OF INJURY","0","0","0","0","0","1","0","9","4","X004237566","42.0051289067","-87.6750688165","POINT (-87.675068816493 42.005128906746)"
"1304c744519ca09605efa2e76627ca600deb61492c3da67d010fa6fd853a2b00100ba2541a39dc05e5290aa797eace57bd5bfb3eea337fc817756b8f35b60435",,"2026-05-20T08:34:00.000","30","TRAFFIC SIGNAL","FUNCTIONING PROPERLY","CLEAR","DAYLIGHT","PARKED MOTOR VEHICLE","NOT DIVIDED",,"STRAIGHT AND LEVEL","DRY","NO DEFECTS","ON SCENE","INJURY AND / OR TOW DUE TO CRASH",,,"Y","OVER $1,500","2026-05-20T08:34:00.000","OPERATING VEHICLE IN ERRATIC, RECKLESS, CARELESS, NEGLIGENT OR AGGRESSIVE MANNER","DRIVING SKILLS/KNOWLEDGE/EXPERIENCE","1135","N","CALIFORNIA AVE","1211",,,,,,,"3","5","NO INDICATION OF INJURY","0","0","0","0","0","1","0","8","4","X004237679","41.9020894945","-87.6967121164","POINT (-87.696712116448 41.902089494507)"
"08db69485d38b538a39141536e9bdd23efb5daf4e9835a9c8baf0fdd929f3b072e01cb7a0839388a6b561d9521d300e65267721280b57f59433b4ecd8fff15c6","Y","2026-05-19T13:00:00.000","30","NO CONTROLS","NO CONTROLS","CLEAR","DAYLIGHT","REAR END","DIVIDED - W/MEDIAN BARRIER",,"STRAIGHT AND LEVEL","DRY","NO DEFECTS","ON SCENE","INJURY AND / OR TOW DUE TO CRASH",,,,"OVER $1,500","2026-05-19T13:30:00.000","UNABLE TO DETERMINE","NOT APPLICABLE","5700","N","EAST RIVER RD","1614",,,,,,,"2","5","NO INDICATION OF INJURY","0","0","0","0","0","1","0","13","3","X004237467","41.9830216689","-87.8465803824","POINT (-87.846580382436 41.983021668896)"
"256b68efdb81533ad8459ee55aa2af4469857a274bb4d4044a1a1098b8ecd25b215167aa2d2ca50a785b3d680b5b86a745c865f72e75d2981d69ad6cd9aedd7d",,"2026-05-20T04:09:00.000","30","TRAFFIC SIGNAL","FUNCTIONING PROPERLY","CLEAR","DARKNESS, LIGHTED ROAD","FIXED OBJECT","NOT DIVIDED",,"STRAIGHT AND LEVEL","DRY","NO DEFECTS","ON SCENE","NO INJURY / DRIVE AWAY",,,,"OVER $1,500","2026-05-20T04:13:00.000","UNABLE TO DETERMINE","UNABLE TO DETERMINE","418","N","MILWAUKEE AVE","1214",,,,,,,"1","5","NO INDICATION OF INJURY","0","0","0","0","0","1","0","4","4","X004237293","41.8893958161","-87.6450345797","POINT (-87.645034579735 41.889395816078)"
"6dde39c76dfa391872a697395a03d19b08222bb7337202594a635c0fa654f1baf0d1ab48fce0e83cc863fc6da87cf97f3492c8a8685baf81917f15dafcf1f401",,"2026-05-20T09:57:00.000","30","NO CONTROLS","NO CONTROLS","CLEAR","DAYLIGHT","REAR TO FRONT","DIVIDED - W/MEDIAN BARRIER",,"STRAIGHT ON GRADE","DRY","NO DEFECTS","ON SCENE","INJURY AND / OR TOW DUE TO CRASH",,,,"OVER $1,500","2026-05-20T10:10:00.000","UNABLE TO DETERMINE","NOT APPLICABLE","500","S","LOWER WACKER DR","123",,,,,,,"2","5","NO INDICATION OF INJURY","0","0","0","0","0","2","0","9","4","X004237654","41.8754616212","-87.6360273495","POINT (-87.636027349495 41.875461621165)"
"7a8e2ed0aec6fde0f15678fd1b7c2427a19376214d136ce2de9d8c8ec0085e9c7c9f1554a77e49de9c306675132c3fc3d9cc783080cce48ca45dbcb7d9df8e4d",,"2026-05-20T07:05:00.000","30","STOP SIGN/FLASHER","FUNCTIONING PROPERLY","CLEAR","DAYLIGHT","SIDESWIPE SAME DIRECTION","NOT DIVIDED",,"STRAIGHT AND LEVEL","DRY","NO DEFECTS","ON SCENE","NO INJURY / DRIVE AWAY",,,,"OVER $1,500","2026-05-20T07:08:00.000","IMPROPER OVERTAKING/PASSING","NOT APPLICABLE","1900","S","CALIFORNIA AVE","1022",,,,,,,"2","5","NO INDICATION OF INJURY","0","0","0","0","0","2","0","7","4","X004237666","41.8555335239","-87.6957149547","POINT (-87.695714954669 41.855533523924)"
"8d9964909f26919abf56d3401d2f0e0507d56ca24dd5ee3a34a51d42786468f7816a7867baad6d09000a59bda139e3129adb0f5caaa66b0ae871c59d2fc5f03a",,"2026-05-20T01:39:00.000","30","TRAFFIC SIGNAL","FUNCTIONING PROPERLY","CLEAR","DARKNESS, LIGHTED ROAD","TURNING","FOUR WAY",,"STRAIGHT AND LEVEL","DRY","NO DEFECTS","ON SCENE","NO INJURY / DRIVE AWAY","Y",,,"OVER $1,500","2026-05-20T01:39:00.000","FAILING TO YIELD RIGHT-OF-WAY","DRIVING SKILLS/KNOWLEDGE/EXPERIENCE","8700","S","STONY ISLAND AVE","412",,,,,,,"2","5","NO INDICATION OF INJURY","0","0","0","0","0","3","0","1","4","X004237208","41.7368226302","-87.5857834203","POINT (-87.585783420329 41.736822630157)"
"22f6a4ff9bd11797abb6c57956da73eedecf7cba2fd79b2973aa8ee6aa3442458ceb00b986902b5d2db7f6614056e5055638f353829905e369855c0f27cd6aa8",,"2026-05-20T07:10:00.000","30","NO CONTROLS","NO CONTROLS","CLEAR","DAYLIGHT","REAR END","NOT DIVIDED",,"STRAIGHT AND LEVEL","DRY","UNKNOWN","ON SCENE","INJURY AND / OR TOW DUE TO CRASH",,,,"OVER $1,500","2026-05-20T07:11:00.000","FOLLOWING TOO CLOSELY","FAILING TO REDUCE SPEED TO AVOID CRASH","4251","W","GRAND AVE","2534",,,,,,,"2","5","NONINCAPACITATING INJURY","2","0","0","1","1","1","0","7","4","X004237479","41.9087391077","-87.7332235621","POINT (-87.733223562096 41.908739107719)"
"282366fb6e0a471d93f5db8e83eb21a9f9006fd36085a2ee81b0758e170a8032d0f17d6057f25a61ec3e1ab3a25916ea43d26943eb0b4e473902c8d742a9d9ee",,"2026-05-20T06:20:00.000","30","TRAFFIC SIGNAL","FUNCTIONING PROPERLY","CLEAR","DAYLIGHT","SIDESWIPE SAME DIRECTION","NOT DIVIDED",,"STRAIGHT AND LEVEL","DRY","NO DEFECTS","NOT ON SCENE (DESK REPORT)","NO INJURY / DRIVE AWAY",,,,"OVER $1,500","2026-05-20T07:15:00.000","UNABLE TO DETERMINE","NOT APPLICABLE","2401","N","CENTRAL AVE","2515",,,,,,,"2","5","NO INDICATION OF INJURY","0","0","0","0","0","2","0","6","4","X004237471","41.9240756128","-87.7658473876","POINT (-87.765847387625 41.924075612774)"
"3ebe0916cfdae2f92955a5501f388cbf3d5dad1bd613392210611e2091c2d403742f8ce883bda79f9dff2bfda057927d63ad80780f4f12df85458de5328a9d78",,"2026-05-20T08:45:00.000","30","NO CONTROLS","NO CONTROLS","CLEAR","DAYLIGHT","REAR END","NOT DIVIDED",,"STRAIGHT AND LEVEL","DRY","NO DEFECTS","NOT ON SCENE (DESK REPORT)","NO INJURY / DRIVE AWAY",,,,"OVER $1,500","2026-05-20T09:10:00.000","DISTRACTION - FROM INSIDE VEHICLE","NOT APPLICABLE","540","N","DEARBORN ST","1831",,,,,,,"2","5","NO INDICATION OF INJURY","0","0","0","0","0","2","0","8","4","X004237593","41.8920453732","-87.629812296","POINT (-87.629812295962 41.892045373175)"
"44ed0059d656ca379ff8bdad527751236d02c22465aa34179d0ab32db4a018dc6576f63754aef1964438fb12544e8d2cc5d8e267713ae339182ee6c50844603f",,"2026-05-20T07:40:00.000","30","STOP SIGN/FLASHER","FUNCTIONING PROPERLY","CLEAR","DAYLIGHT","TURNING","T-INTERSECTION",,"STRAIGHT AND LEVEL","DRY","NO DEFECTS","ON SCENE","NO INJURY / DRIVE AWAY","Y",,,"$500 OR LESS","2026-05-20T07:46:00.000","FAILING TO YIELD RIGHT-OF-WAY","NOT APPLICABLE","5299","N","NAGLE AVE","1622",,,,,,,"2","5","NO INDICATION OF INJURY","0","0","0","0","0","2","0","7","4","X004237642","41.9774090365","-87.7876936759","POINT (-87.787693675876 41.977409036547)"
"087136c16bec3f6053cd2c142c4b351b0c73aa10f164470eda909f69160829af369846fe1710c55b99313560d43977b592973d2315058e4a759c1f0df141bcff",,"2026-05-19T16:42:00.000","15","NO CONTROLS","NO CONTROLS","CLEAR","DAYLIGHT","ANGLE","OTHER",,"STRAIGHT AND LEVEL","DRY","NO DEFECTS","ON SCENE","INJURY AND / OR TOW DUE TO CRASH",,"Y",,"OVER $1,500","2026-05-19T19:32:00.000","FAILING TO YIELD RIGHT-OF-WAY","NOT APPLICABLE","4555","S","WESTERN BLVD","924",,,,,,,"2","5","NONINCAPACITATING INJURY","1","0","0","1","0","3","0","16","3","X004237296","41.8104515462","-87.6837744013","POINT (-87.683774401323 41.810451546165)"
"18346fffb3f6decc9b50385c0aa121704b281ea85a7b13239f7de4be756ca006decd02626ad2baafd294ba83436fcd5b5ef7f8e1ee8ffabd0c68840e936b2dad",,"2026-05-20T10:30:00.000","30","TRAFFIC SIGNAL","FUNCTIONING PROPERLY","CLEAR","DAYLIGHT","TURNING","NOT DIVIDED",,"STRAIGHT AND LEVEL","DRY","NO DEFECTS","NOT ON SCENE (DESK REPORT)","NO INJURY / DRIVE AWAY",,,,"OVER $1,500","2026-05-20T11:25:00.000","UNABLE TO DETERMINE","NOT APPLICABLE","5708","N","CENTRAL AVE","1622",,,,,,,"2","5","NO INDICATION OF INJURY","0","0","0","0","0","3","0","10","4","X004237645","41.9849906462","-87.7684471875","POINT (-87.768447187494 41.984990646192)"
"3f2b016f3826e42a08a86c478571243d5109db7ada2ffa17639b6a32b49bcf4abb0c570f6a844d667a8d1563cd51cac80156b468aa09923ca63b90827f142655",,"2026-05-20T07:00:00.000","30","NO CONTROLS","NO CONTROLS","CLEAR","DAYLIGHT","TURNING","NOT DIVIDED",,"STRAIGHT AND LEVEL","DRY","NO DEFECTS","NOT ON SCENE (DESK REPORT)","NO INJURY / DRIVE AWAY",,,"Y","OVER $1,500","2026-05-20T07:30:00.000","FAILING TO YIELD RIGHT-OF-WAY","IMPROPER LANE USAGE","5759","S","KEDZIE AVE","824",,,,,,,"2","5","NO INDICATION OF INJURY","0","0","0","0","0","2","0","7","4","X004237362","41.7881581022","-87.7032580614","POINT (-87.703258061368 41.7881581022)"
"47cfd05a3868344c32a4e0b343cbfbbcbee1d67bfaa673d38815f3d03017d75d934a882091fbf69607769ac1ddf304835f6098c35bdc1d9050503920bc7d21e4",,"2026-05-20T10:34:00.000","30","NO CONTROLS","NO CONTROLS","CLEAR","DAYLIGHT","SIDESWIPE OPPOSITE DIRECTION","NOT DIVIDED",,"STRAIGHT AND LEVEL","DRY","NO DEFECTS","ON SCENE","NO INJURY / DRIVE AWAY",,,,"OVER $1,500","2026-05-20T10:35:00.000","FOLLOWING TOO CLOSELY","VISION OBSCURED (SIGNS, TREE LIMBS, BUILDINGS, ETC.)","7152","N","CALIFORNIA AVE","2411",,,,,,,"2","5","NO INDICATION OF INJURY","0","0","0","0","0","2","0","10","4","X004237675","42.0118369493","-87.6998701991","POINT (-87.699870199086 42.011836949323)"
"8bd0613f9b39d21c255f4c0c6964a95418c448fe25015be83fd6232aeccbc1276ae2b4c5264271b81ed99d27415c4cea3e2670eb8749029d329f6ac42a9f855a",,"2020-08-12T18:49:00.000","30","TRAFFIC SIGNAL","FUNCTIONING PROPERLY","CLEAR","DUSK","SIDESWIPE SAME DIRECTION","FOUR WAY",,"STRAIGHT AND LEVEL","DRY","NO DEFECTS","NOT ON SCENE (DESK REPORT)","NO INJURY / DRIVE AWAY","Y",,"Y","$501 - $1,500","2020-08-12T21:00:00.000","IMPROPER OVERTAKING/PASSING","IMPROPER OVERTAKING/PASSING","2400","E","71ST ST","334",,,,,,,"2.0","8","NO INDICATION OF INJURY","0.0","0","0","0","0","2","0","18","4","X001984876",,,
"497ce46401b4e108ae4dd5f49dd5c99615f2984b4d0426e3e1282f3d1630b1c819b988f04469e96b216a3c5c6f1066c8cc0d485671570267e736c3d1880dd53b",,"2026-05-19T12:35:00.000","30","TRAFFIC SIGNAL","FUNCTIONING PROPERLY","CLEAR","DAYLIGHT","REAR END","NOT DIVIDED",,"STRAIGHT AND LEVEL","DRY","NO DEFECTS","NOT ON SCENE (DESK REPORT)","NO INJURY / DRIVE AWAY",,,,"OVER $1,500","2026-05-20T09:00:00.000","UNABLE TO DETERMINE","NOT APPLICABLE","5996","W","NORTH AVE","2531",,,,,,,"2","5","NO INDICATION OF INJURY","0","0","0","0","0","3","0","12","3","X004237655","41.9093640705","-87.7755414029","POINT (-87.775541402937 41.90936407046)"
"0174d34b2386bac3bac37353ad80e31449db529e16f083630a9b9983a926c398f4cf38f7288e735a07ccbbf8dbd7d0c44f6afefdf5fd526298ff18fd7eacec27",,"2026-05-20T08:12:00.000","30","NO CONTROLS","NO CONTROLS","CLEAR","DAYLIGHT","TURNING","OTHER",,"STRAIGHT ON GRADE","DRY","UNKNOWN","ON SCENE","INJURY AND / OR TOW DUE TO CRASH","Y",,,"OVER $1,500","2026-05-20T08:12:00.000","FAILING TO REDUCE SPEED TO AVOID CRASH","UNABLE TO DETERMINE","3029","N","WESTERN AVE","1931",,,,,,,"2","5","REPORTED, NOT EVIDENT","1","0","0","0","1","2","0","8","4","X004237598","41.9366922406","-87.687845583","POINT (-87.687845583001 41.936692240612)"
"248ec55f8f930700d9bafe0f1199616952a2336c5d5c9ef0f2bd99f02138ecb04cf1378669e25d2aa47cdb26542357057f677a465fd7c48c8d7851a01ec09d05",,"2026-05-20T07:50:00.000","30","TRAFFIC SIGNAL","FUNCTIONING PROPERLY","UNKNOWN","DAYLIGHT","REAR END","NOT DIVIDED",,"STRAIGHT AND LEVEL","UNKNOWN","UNKNOWN","NOT ON SCENE (DESK REPORT)","NO INJURY / DRIVE AWAY",,,,"OVER $1,500","2026-05-20T10:35:00.000","UNABLE TO DETERMINE","UNABLE TO DETERMINE","5651","N","SHERIDAN RD","2022",,,,,,,"2","5","NO INDICATION OF INJURY","0","0","0","0","0","2","0","7","4","X004237663","41.9852477877","-87.6550949747","POINT (-87.65509497474 41.985247787678)"
"2ddbaf33807a1cd3426485b805ab5efac1395c413cd651fe98d7b9f632e91925540906b03f447bbe805bd0fff133dd467bf168929d3b1b28e9d6715a17f8a7a9",,"2026-05-20T07:55:00.000","30","NO CONTROLS","NO CONTROLS","CLEAR","DAYLIGHT","SIDESWIPE SAME DIRECTION","DIVIDED - W/MEDIAN (NOT RAISED)",,"STRAIGHT AND LEVEL","DRY","NO DEFECTS","NOT ON SCENE (DESK REPORT)","NO INJURY / DRIVE AWAY",,,,"OVER $1,500","2026-05-20T08:15:00.000","UNABLE TO DETERMINE","NOT APPLICABLE","3053","N","ASHLAND AVE","1932",,,,,,,"2","5","NO INDICATION OF INJURY","0","0","0","0","0","3","0","7","4","X004237506","41.9376334568","-87.6684408478","POINT (-87.66844084781 41.937633456809)"
"54bb43f31434a799998791acfc9020eb0a09401332a08ed9a706e15dfc70b58c136e61789d1f6d1b01aa48902d9c3647ef63d85def3ead8ba1359d61fc9ab9c4",,"2020-08-09T01:55:00.000","25","NO CONTROLS","NO CONTROLS","CLEAR","DARKNESS, LIGHTED ROAD","HEAD ON","NOT DIVIDED",,"STRAIGHT AND LEVEL","DRY","NO DEFECTS","ON SCENE","INJURY AND / OR TOW DUE TO CRASH",,,,"OVER $1,500","2020-08-09T01:55:00.000","UNDER THE INFLUENCE OF ALCOHOL/DRUGS (USE WHEN ARREST IS EFFECTED)","NOT APPLICABLE","551","S","MILLARD AVE","1133",,,,,,,"2.0","8","NONINCAPACITATING INJURY","5.0","0","0","5","0","0","0","1","1","X001981337",,,
"3d8f4ecfbdce63facb0497b9b00b4538e0f75fe7de3ad81d3409fa9df0de9fb61e18341f9932f46b612fe7e2cbf2f95bf5889d96d359ccee4213f5fb1e0f69b6",,"2020-07-27T09:30:00.000","30","NO CONTROLS","NO CONTROLS","RAIN","DAYLIGHT","PARKED MOTOR VEHICLE","ONE-WAY",,"STRAIGHT AND LEVEL","WET","NO DEFECTS","ON SCENE","NO INJURY / DRIVE AWAY",,,,"$501 - $1,500","2020-07-27T09:30:00.000","WEATHER","NOT APPLICABLE","5329","S","INDIANA AVE","231",,,,,,,"2","7","NO INDICATION OF INJURY","0","0","0","0","0","1","0","9","2",,"41.7974598716","-87.6207681622","POINT (-87.62076816217 41.797459871568)"
"b454dcc68b7f1cc9dbae0e8f8caa438d184ded31584554f1b982f2bbbbb58cd5c14a7dba3db8019c30769b035fafacd203ee757476907d07aadcfde3125aeafd",,"2020-08-10T16:30:00.000","30","NO CONTROLS","OTHER","RAIN","DAYLIGHT","OTHER NONCOLLISION","OTHER",,"STRAIGHT AND LEVEL","WET","OTHER","NOT ON SCENE (DESK REPORT)","NO INJURY / DRIVE AWAY",,,,"OVER $1,500","2020-08-11T13:40:00.000","WEATHER","NOT APPLICABLE","5547","S","NEVA AVE","811",,,,,,,"1","8",,,,,,,,,"16","2","X001983368","41.7905354059","-87.8000592256","POINT (-87.800059225607 41.790535405928)"
"6214b5239aed69ff5808fc0663b42feb0da32c464c46b680405df534a74323fe7516c6338f0a0a739b179635e50949792882a31d42a28b51ce121ce27efdeb6e",,"2020-08-31T13:58:00.000","45","NO CONTROLS","NO CONTROLS","CLEAR","DAYLIGHT","FIXED OBJECT","DIVIDED - W/MEDIAN BARRIER",,"STRAIGHT AND LEVEL","DRY","NO DEFECTS","ON SCENE","INJURY AND / OR TOW DUE TO CRASH",,,,"OVER $1,500","2020-08-31T13:58:00.000","EQUIPMENT - VEHICLE CONDITION","UNABLE TO DETERMINE","8600","S","CHICAGO SKYWAY OB","412",,,,,,,"1.0","8","NO INDICATION OF INJURY","0.0","0","0","0","0","1","0","13","2","X002002976",,,
"11b16bd6f866f44d8c16ffa5498f526c809e751a61adbf417af1efe6e0bb8ac579e4d61aa9197c56de4cd398e5bb8a8b776800cf55e4df1515e14ef17ce17df2","Y","2020-07-22T20:00:00.000","25","UNKNOWN","UNKNOWN","CLEAR","UNKNOWN","FIXED OBJECT","UNKNOWN",,"STRAIGHT AND LEVEL","UNKNOWN","UNKNOWN","ON SCENE","NO INJURY / DRIVE AWAY",,,"N","$500 OR LESS","2020-07-23T08:00:00.000","NOT APPLICABLE","NOT APPLICABLE","850","W","OHARE ST","1654",,,,,,,"1.0","7","NO INDICATION OF INJURY","0.0","0","0","0","0","1","0","20","4","X001965778",,,
"e1d8dfe29d408e1fe87570c7f7b090b29b75bdc1d8f1b27c23a3744334ba02967ea4d6a0382258fc633bfe2dffdd5aa8726f247ccd4061af95b6b220fadcb817",,"2020-08-25T11:16:00.000","25","TRAFFIC SIGNAL","FUNCTIONING PROPERLY","CLEAR","DAYLIGHT","TURNING","NOT DIVIDED",,"STRAIGHT AND LEVEL","DRY","NO DEFECTS","ON SCENE","NO INJURY / DRIVE AWAY",,,"Y","$501 - $1,500","2020-08-25T11:50:00.000","IMPROPER TURNING/NO SIGNAL","DRIVING SKILLS/KNOWLEDGE/EXPERIENCE","845","S","AUSTIN BLVD","1513",,,,,,,"2.0","8","NO INDICATION OF INJURY","0.0","0","0","0","0","2","0","11","3","X001997223",,,
"f1cf06f2b98303387409e679faf7bfa9517949a0b3dc4d69eb4878e47da894f11e29cd0350984c7bfc11e5c1987222a2a37f1035f34c9d330c23af82bedeb11a",,"2020-09-05T14:22:00.000","10","NO CONTROLS","NO CONTROLS","CLEAR","DAYLIGHT","SIDESWIPE SAME DIRECTION","DIVIDED - W/MEDIAN BARRIER",,"STRAIGHT AND LEVEL","DRY","NO DEFECTS","ON SCENE","NO INJURY / DRIVE AWAY",,,,"$501 - $1,500","2020-09-05T14:30:00.000","EVASIVE ACTION DUE TO ANIMAL, OBJECT, NONMOTORIST","NOT APPLICABLE","8800","S","CHICAGO SKYWAY OB","412",,,,,,,"2.0","9","NO INDICATION OF INJURY","0.0","0","0","0","0","3","0","14","7","X002008082",,,
"5818a927ed68298eb264a2da26c32f01606661475e19dd18c62b0f0a2d94233a6e929fb05c167411c075791c120ae92acb0f943ffe118c88c01c01044378d9d2",,"2020-09-03T07:00:00.000","30","NO CONTROLS","NO CONTROLS","CLEAR","DAYLIGHT","ANGLE","NOT DIVIDED",,"STRAIGHT AND LEVEL","DRY","NO DEFECTS","ON SCENE","NO INJURY / DRIVE AWAY",,,,"OVER $1,500","2020-09-03T07:05:00.000","NOT APPLICABLE","NOT APPLICABLE","2331","W","HOWARD ST","2411",,,,,,,"2","9","NO INDICATION OF INJURY","0","0","0","0","0","2","0","7","5","X002007875","42.0194175945","-87.6889387815","POINT (-87.688938781483 42.019417594469)"
"c7c2e7abe279483a73ea13151a1b94d77a0776c7036194f025c6404ef436b4b31fa26d270ac3c35158cf0e4dde11e883518dc72365fc49d0246e172893aae6a0","N","2020-07-30T12:50:00.000","20","NO CONTROLS","NO CONTROLS","CLEAR","DAYLIGHT","PARKED MOTOR VEHICLE","OTHER",,"STRAIGHT AND LEVEL","DRY","NO DEFECTS","ON SCENE","NO INJURY / DRIVE AWAY",,,"Y","$501 - $1,500","2020-07-30T13:10:00.000","UNABLE TO DETERMINE","UNABLE TO DETERMINE","516","W","OHARE ST","1654",,,,,,,"2.0","7","NO INDICATION OF INJURY","0.0","0","0","0","0","1","0","12","5","X001977513",,,
"2f15374af8d3e35743f7f8a5ed5ee4ad6d61d80a1b056472597b6d5cea82c9ab716098122e14032691677ea32f840c3bb6582be9c110bb62030ba57869280704",,"2020-08-21T14:36:00.000","15","NO CONTROLS","NO CONTROLS","CLEAR","DAYLIGHT","SIDESWIPE SAME DIRECTION","PARKING LOT",,"STRAIGHT AND LEVEL","DRY","NO DEFECTS","ON SCENE","NO INJURY / DRIVE AWAY",,"Y",,"$500 OR LESS","2020-08-21T14:36:00.000","UNABLE TO DETERMINE","UNABLE TO DETERMINE","517","W","OHARE ST","1654",,,,,,,"2.0","8","NO INDICATION OF INJURY","0.0","0","0","0","0","2","0","14","6","X001993663",,,
"684f658d4695b7d9d81463073962b51440108cf7b9eb1ced9a0144b43c412f4c614d30ed1b2ccbb68f93dbef8d9fc22c7624ede0a52eab92a58a830df45afada",,"2020-08-15T22:00:00.000","30","UNKNOWN","UNKNOWN","CLEAR","DUSK","REAR END","NOT DIVIDED",,"STRAIGHT AND LEVEL","DRY","UNKNOWN","NOT ON SCENE (DESK REPORT)","NO INJURY / DRIVE AWAY","Y",,,"$501 - $1,500","2020-08-15T23:00:00.000","IMPROPER BACKING","NOT APPLICABLE","3257","S","DAMEN AVE","912",,,,,,,"2","8","NO INDICATION OF INJURY","0","0","0","0","0","2","0","22","7","X001987854","41.8342273942","-87.6752341623","POINT (-87.675234162345 41.83422739421)"
"83b54141009586c701811e73cea5b09877169384cfe6079eef06508c7374d5e86b24334e8e48287bb5a8eaafd6f64c328111991f76f29412cbd7ef9988aaf0bb",,"2020-07-26T18:45:00.000","30","UNKNOWN","UNKNOWN","UNKNOWN","UNKNOWN","HEAD ON","UNKNOWN",,"STRAIGHT AND LEVEL","UNKNOWN","UNKNOWN","NOT ON SCENE (DESK REPORT)","NO INJURY / DRIVE AWAY",,,"Y","OVER $1,500","2020-07-26T19:10:00.000","UNABLE TO DETERMINE","NOT APPLICABLE","7301","W","HIGGINS AVE","1613",,,,,,,"2.0","7","NO INDICATION OF INJURY","0.0","0","0","0","0","2","0","18","1","X001968606",,,
"e00ec312fc1c7192a23254d9c18bd887a407a3dcfffc801f92808307eebdeaa41a709faf079ae703e2b75eeb4a59fe4050fcfaf7d6b15a9fa15597e9d3ad99ef",,"2020-08-15T12:50:00.000","35","TRAFFIC SIGNAL","FUNCTIONING PROPERLY","CLEAR","DAYLIGHT","REAR END","ONE-WAY",,"STRAIGHT AND LEVEL","DRY","NO DEFECTS","NOT ON SCENE (DESK REPORT)","NO INJURY / DRIVE AWAY",,,,"$501 - $1,500","2020-08-15T12:55:00.000","UNABLE TO DETERMINE","UNABLE TO DETERMINE","5900","S","WENTWORTH AVE","232",,,,,,,"2.0","8","NO INDICATION OF INJURY","0.0","0","0","0","0","2","0","12","7","X001988392",,,
"f0d723f1a5e70fd8b8d8083385942b171eba928ab7b6b6236579437348e84fa869dd9a4c66b1e4d9b00aacd3e56cf7377409e9c77d7f1b4f816851961d7457f5",,"2020-08-12T18:35:00.000","10","OTHER REG. SIGN","FUNCTIONING PROPERLY","CLEAR","DAYLIGHT","FIXED OBJECT","DIVIDED - W/MEDIAN BARRIER",,"STRAIGHT AND LEVEL","DRY","NO DEFECTS","ON SCENE","INJURY AND / OR TOW DUE TO CRASH",,"Y",,"OVER $1,500","2020-08-12T18:41:00.000","FAILING TO REDUCE SPEED TO AVOID CRASH","UNDER THE INFLUENCE OF ALCOHOL/DRUGS (USE WHEN ARREST IS EFFECTED)","8900","S","CHICAGO SKYWAY OB","423",,,,,,,"1.0","8","INCAPACITATING INJURY","1.0","0","1","0","0","0","0","18","4","X001985004",,,
"8a8fc074d26d8cc140e8db969dbc7e018644e6aae844c83737a733607902fa90e4820fa0b3194ad8cac961d57ad871756980ef1c10d7f7d4bd3c6726e4878ec4",,"2020-08-23T21:30:00.000","30","STOP SIGN/FLASHER","FUNCTIONING PROPERLY","CLEAR","DARKNESS, LIGHTED ROAD","ANGLE","NOT DIVIDED",,"STRAIGHT AND LEVEL","UNKNOWN","UNKNOWN","NOT ON SCENE (DESK REPORT)","NO INJURY / DRIVE AWAY","Y",,"Y","OVER $1,500","2020-08-23T22:18:00.000","DISREGARDING STOP SIGN","FAILING TO REDUCE SPEED TO AVOID CRASH","899","S","AUSTIN BLVD","1513",,,,,,,"2.0","8","NO INDICATION OF INJURY","0.0","0","0","0","0","4","0","21","1","X001996680",,,
"0e30b866596bbdb566cc0e80340d61465f0da6aed01ecbd23cd96002cb15187966620bac27fe4f62453327714849f08f6ccf756e4f092ea017778ff23773afa6",,"2020-07-30T16:10:00.000","30","STOP SIGN/FLASHER","FUNCTIONING PROPERLY","CLEAR","DAYLIGHT","TURNING","ONE-WAY",,"STRAIGHT AND LEVEL","DRY","NO DEFECTS","NOT ON SCENE (DESK REPORT)","NO INJURY / DRIVE AWAY","Y",,,"OVER $1,500","2020-07-30T17:00:00.000","IMPROPER OVERTAKING/PASSING","IMPROPER LANE USAGE","1799","S","ST LOUIS AVE","1021",,,,,,,"2.0","7","NO INDICATION OF INJURY","0.0","0","0","0","0","2","0","16","5","X001973557",,,
"87faf0420ed766011d3907e3dcd4b28c90989bdfdfba6b6eeb1aee036fc1988ec6a7ae8f1227d21ae6ef609b2291cd96b36640792ad13a5b18c04af2ddb26f3e",,"2020-08-17T05:22:00.000","35","NO CONTROLS","NO CONTROLS","CLEAR","DAYLIGHT","SIDESWIPE SAME DIRECTION","DIVIDED - W/MEDIAN BARRIER",,"STRAIGHT ON GRADE","DRY","NO DEFECTS","ON SCENE","NO INJURY / DRIVE AWAY",,,,"$501 - $1,500","2020-08-17T05:23:00.000","IMPROPER LANE USAGE","NOT APPLICABLE","162","N","BESSIE COLEMAN DR","1654",,,,,,,"2.0","8","NO INDICATION OF INJURY","0.0","0","0","0","0","2","0","5","2","X001995399",,,
"f3e70c341876e034264fd2b72e3851cb48419ac10e81b536171bf01231aacc4a4fbbf1b4cb98289dfb3a1c12e438519fa4de494b851d6e8ff24ccc070879d97c",,"2024-12-26T13:38:00.000","15","NO CONTROLS","NO CONTROLS","CLOUDY/OVERCAST","DAYLIGHT","SIDESWIPE SAME DIRECTION","ONE-WAY",,"STRAIGHT AND LEVEL","WET","NO DEFECTS","ON SCENE","NO INJURY / DRIVE AWAY",,,,"OVER $1,500","2024-12-26T14:00:00.000","UNABLE TO DETERMINE","UNABLE TO DETERMINE","1","S","BAGGAGE LN","813",,,,,,,"2.0","12","NO INDICATION OF INJURY","0.0","0","0","0","0","2","0","13","5","X003680822",,,
"9f6c49a124ae031b10b0502712b89609bdeb12aaf5aeefab7f4cdcdb0b47b73c77ae9c952f664f4e0fb6c345a57a98cf0afb98c378364078ded44d12debddc3b",,"2024-11-27T13:30:00.000","10","NO CONTROLS","NO CONTROLS","CLEAR","DAYLIGHT","PARKED MOTOR VEHICLE","PARKING LOT",,"STRAIGHT AND LEVEL","DRY","NO DEFECTS","NOT ON SCENE (DESK REPORT)","NO INJURY / DRIVE AWAY",,,"Y","$501 - $1,500","2024-11-29T13:13:00.000","NOT APPLICABLE","NOT APPLICABLE","1356","S","SPECIAL OLYMPICS DR","132",,,,,,,"2.0","11","NO INDICATION OF INJURY","0.0","0","0","0","0","1","0","13","4","X003641594",,,
"8afb434835dc4244c636f8474a0bfe7eb0b9750ef885ab3c718d835fbb3709d9c923a5b33b610912d7ddce4826caec9fd517b3f4ae57623e021e09c7c96954fb",,"2024-12-14T22:48:00.000","30","TRAFFIC SIGNAL","FUNCTIONING PROPERLY","RAIN","DARKNESS, LIGHTED ROAD","OTHER NONCOLLISION","FOUR WAY",,"STRAIGHT AND LEVEL","WET","NO DEFECTS","ON SCENE","NO INJURY / DRIVE AWAY","Y",,,"$501 - $1,500","2024-12-15T02:30:00.000","NOT APPLICABLE","NOT APPLICABLE","4340","N","MANNHEIM RD","1654",,,,,,,"1.0","12","NO INDICATION OF INJURY","0.0","0","0","0","0","1","0","22","7","X003658923",,,
"c8ba2ff11284ec6dee4686a9a1709b210a02fb151fb30809fce7453bcc7a404a2b877ecf8db022eedcec56dbe83d8959f1178e6eafb6f69a7c0cfc2622e4b95e",,"2020-08-15T18:00:00.000","20","NO CONTROLS","NO CONTROLS","RAIN","DAYLIGHT","REAR END","ONE-WAY",,"CURVE, LEVEL","WET","NO DEFECTS","ON SCENE","NO INJURY / DRIVE AWAY",,,,"$501 - $1,500","2020-08-15T18:05:00.000","OPERATING VEHICLE IN ERRATIC, RECKLESS, CARELESS, NEGLIGENT OR AGGRESSIVE MANNER","WEATHER","3","W","TERMINAL ST","1653",,,,,,,"2.0","8","NO INDICATION OF INJURY","0.0","0","0","0","0","2","0","18","7","X001988091",,,
"055dc07110393da485d005cafb04247a2488424d4607ee70b082c71accfaed5b99e60c11ea702c0f80c13d8e24bc9f6b6246a2ac98b6f5844494f51bd53e2046",,"2020-08-18T15:00:00.000","30","UNKNOWN","UNKNOWN","CLEAR","DAYLIGHT","ANGLE","NOT DIVIDED",,"STRAIGHT AND LEVEL","DRY","NO DEFECTS","NOT ON SCENE (DESK REPORT)","NO INJURY / DRIVE AWAY",,,"Y","$501 - $1,500","2020-08-18T17:35:00.000","UNABLE TO DETERMINE","UNABLE TO DETERMINE","5100","S","WENTWORTH AVE","225",,,,,,,"2.0","8","NO INDICATION OF INJURY","0.0","0","0","0","0","2","0","15","3","X001990877",,,
"5961df2e2630ecf948687ae95b3b5b47e8a7e4209fcd2751ec3fbf4d94917019842ef37e538641b20454986e62f07d12ce1f34b6d7bfd7e7b0ac4ddfe56c94ba",,"2020-09-12T19:30:00.000","50","UNKNOWN","NO CONTROLS","RAIN","DUSK","OTHER NONCOLLISION","ONE-WAY",,"STRAIGHT AND LEVEL","WET","NO DEFECTS","ON SCENE","INJURY AND / OR TOW DUE TO CRASH",,,,"OVER $1,500","2020-09-12T19:44:00.000","UNABLE TO DETERMINE","NOT APPLICABLE","6602","S","MICHIGAN AVE","322",,,,,,,"1.0","9","NO INDICATION OF INJURY","0.0","0","0","0","0","1","0","19","7","X002013814",,,
"67f8e6b39f5042458aeda31c0fa0cf62df7c05609c04db8cba5a606a8850f622777a1ada0475ce40b7b48845cc062f06c59d65cac8b16f25184a7c48c7e6a9ab",,"2020-08-30T15:05:00.000","30","NO CONTROLS","NO CONTROLS","CLEAR","DAYLIGHT","SIDESWIPE OPPOSITE DIRECTION","NOT DIVIDED",,"STRAIGHT AND LEVEL","DRY","NO DEFECTS","ON SCENE","INJURY AND / OR TOW DUE TO CRASH",,,,"OVER $1,500","2020-08-30T15:50:00.000","UNDER THE INFLUENCE OF ALCOHOL/DRUGS (USE WHEN ARREST IS EFFECTED)","FAILING TO REDUCE SPEED TO AVOID CRASH","9507","S","BEVERLY AVE","2213",,,,,,,"2.0","8","NO INDICATION OF INJURY","0.0","0","0","0","0","2","0","15","1","X002001861",,,
"4ce6721662df91cb08fbb0b0c987be71984f3aebda08841f678a407991c6b5b2f8ff0eed331cda78a554484dce2f1a435cb1f339f15c9d6eceaa8f1a2c096fa9",,"2020-09-01T10:00:00.000","25","NO CONTROLS","NO CONTROLS","CLEAR","DAYLIGHT","SIDESWIPE OPPOSITE DIRECTION","PARKING LOT",,"STRAIGHT AND LEVEL","DRY","NO DEFECTS","ON SCENE","NO INJURY / DRIVE AWAY",,,,"OVER $1,500","2020-09-01T10:20:00.000","UNABLE TO DETERMINE","UNABLE TO DETERMINE","845","W","OHARE ST","1654",,,,,,,"2.0","9","NO INDICATION OF INJURY","0.0","0","0","0","0","2","0","10","3","X002015688",,,
"8bcce35774f1dd4ce419cf19d761b40c697916a13d10a6d0f50bdeadb9ddbcf79b2b85a14f34a4af288ad6d1cd26909cda9b7528c7518a8180551dbbb443869a",,"2020-07-22T12:30:00.000","10","NO CONTROLS","NO CONTROLS","CLEAR","DAYLIGHT","SIDESWIPE SAME DIRECTION","PARKING LOT",,"STRAIGHT AND LEVEL","DRY","UNKNOWN","ON SCENE","NO INJURY / DRIVE AWAY",,,,"$501 - $1,500","2020-07-22T15:00:00.000","UNABLE TO DETERMINE","UNABLE TO DETERMINE","893","W","OHARE ST","1654",,,,,,,"2.0","7","NO INDICATION OF INJURY","0.0","0","0","0","0","2","0","12","4","X001969285",,,
"f0e5bd024c2d6368a219b5f539a113a5958009ef570174f9a47da9207870b55734f17d3bf4d74478edd5be98a605635d52ddd475199ca1c5db2b6b8a5aaeb195",,"2024-12-08T23:01:00.000","30","TRAFFIC SIGNAL","FUNCTIONING PROPERLY","CLEAR","DARKNESS, LIGHTED ROAD","REAR END","ONE-WAY",,"STRAIGHT AND LEVEL","DRY","UNKNOWN","ON SCENE","NO INJURY / DRIVE AWAY",,,"Y","OVER $1,500","2024-12-08T23:05:00.000","UNABLE TO DETERMINE","NOT APPLICABLE","173","N","BESSIE COLEMAN DR","1654",,,,,,,"3.0","12","NO INDICATION OF INJURY","0.0","0","0","0","0","5","0","23","1","X003651610",,,
"718fb2d17b518631d033536e1a978b527890f634218f8530a30c985008c16761a7c16287006bb786e9b47e15280585bf7aacf0d686661317f54cf20bd607e5dc",,"2024-11-30T16:30:00.000","30","NO CONTROLS","NO CONTROLS","UNKNOWN","UNKNOWN","SIDESWIPE SAME DIRECTION","ONE-WAY",,"STRAIGHT AND LEVEL","UNKNOWN","UNKNOWN","NOT ON SCENE (DESK REPORT)","NO INJURY / DRIVE AWAY",,,,"OVER $1,500","2024-12-01T17:00:00.000","IMPROPER LANE USAGE","NOT APPLICABLE","6232","S","WENTWORTH AVE","311","Y",,,,,,"2.0","11","NO INDICATION OF INJURY","0.0","0","0","0","0","2","0","16","7","X003643227",,,
"230ce3ab1f6fc3c8834c6731f6ad06ce19750cd4ad8adef2cd8f6ebd11b18f5510513355fb1c481586aa24fe015d142d3273549b5fdf3219ec14042a63f81eca",,"2024-12-03T15:16:00.000","35","NO CONTROLS","NO CONTROLS","CLEAR","DAYLIGHT","TURNING","DIVIDED - W/MEDIAN (NOT RAISED)",,"STRAIGHT AND LEVEL","DRY","NO DEFECTS","ON SCENE","NO INJURY / DRIVE AWAY",,,,"OVER $1,500","2024-12-03T15:17:00.000","IMPROPER OVERTAKING/PASSING","NOT APPLICABLE","3999","W","74TH ST","833",,,,,,,"2.0","12","NO INDICATION OF INJURY","0.0","0","0","0","0","2","0","15","3","X003646012",,,
"5d4997d15b15546e23ee395b7563733c49887d4fd8580a64e66f06fde5ab34e55bc482795d1a53b53790dbc5f2c9e6e5d339c8259d453f5b65cac28df5205b47",,"2024-11-26T20:21:00.000","35","NO CONTROLS","NO CONTROLS","CLEAR","DARKNESS, LIGHTED ROAD","SIDESWIPE SAME DIRECTION","DIVIDED - W/MEDIAN BARRIER",,"STRAIGHT AND LEVEL","DRY","NO DEFECTS","ON SCENE","NO INJURY / DRIVE AWAY",,,,"$501 - $1,500","2024-11-26T20:25:00.000","FAILING TO YIELD RIGHT-OF-WAY","DRIVING SKILLS/KNOWLEDGE/EXPERIENCE","49","W","I190 EXPY","1654",,,,,,,"2.0","11","NO INDICATION OF INJURY","0.0","0","0","0","0","2","0","20","3","X003639349",,,
"6c3c9b46e6c646a17e3db03df94e4743b27899fc2a1969312d9d09d5e51d45e4174d0bc1eddd382f06c4e9902bb388107cf3f713b6dc6188469b79c37127655c",,"2024-12-03T08:40:00.000","30","NO CONTROLS","NO CONTROLS","CLEAR","DAYLIGHT","SIDESWIPE SAME DIRECTION","ONE-WAY",,"STRAIGHT AND LEVEL","DRY","NO DEFECTS","NOT ON SCENE (DESK REPORT)","NO INJURY / DRIVE AWAY",,,,"$501 - $1,500","2024-12-05T17:58:00.000","IMPROPER OVERTAKING/PASSING","NOT APPLICABLE","6299","S","YALE AVE","711",,,,,,,"2.0","12","NO INDICATION OF INJURY","0.0","0","0","0","0","2","0","8","3","X003648595",,,
"5840af800857f9abe2a40346d9ac6f0b260a22a15605d1c13b020cb8704f6b07c1c435eaa0636099e86e7f179f3fc8715eb36fed0b5a2e4cd87469acc42852a8",,"2017-09-22T21:48:00.000","30","NO CONTROLS","NO CONTROLS","CLEAR","DARKNESS, LIGHTED ROAD","SIDESWIPE SAME DIRECTION","ONE-WAY",,"STRAIGHT AND LEVEL","DRY","NO DEFECTS","NOT ON SCENE (DESK REPORT)","INJURY AND / OR TOW DUE TO CRASH",,,,"OVER $1,500","2017-09-23T07:11:00.000","NOT APPLICABLE","NOT APPLICABLE","5500","S","WENTWORTH AVE","225",,,,,,,"2.0","9","INCAPACITATING INJURY","1.0","0","1","0","0","1","0","21","6","X000918293",,,
"5034327ec38150ddf1ccce60a8b136a53c955b8f963fbf404a829d6838d94b3a68de630b18ec61a3f7a584f37c24e75aa2ed2378b652b9ad98b0d3cba3d94d5b",,"2024-12-15T10:20:00.000","30","STOP SIGN/FLASHER","FUNCTIONING PROPERLY","RAIN","DAYLIGHT","ANGLE","FOUR WAY",,"STRAIGHT AND LEVEL","WET","NO DEFECTS","ON SCENE","NO INJURY / DRIVE AWAY","Y",,,"OVER $1,500","2024-12-15T11:07:00.000","EQUIPMENT - VEHICLE CONDITION","UNABLE TO DETERMINE","2030","S","KEDZIE AVE","1022",,,,,,,"2.0","12","NO INDICATION OF INJURY","0.0","0","0","0","0","4","0","10","1","X003659232",,,
"875a7936575c6762e803d55626886af58ac0c59e8f4edbcbb0f6aa8974c2a66fee3995474c473454fbab7e9c923953df5543948f51126a6470bdc346a8b253d7",,"2024-12-17T06:00:00.000","25","FLASHING CONTROL SIGNAL","FUNCTIONING PROPERLY","CLEAR","DAYLIGHT","ANGLE","NOT DIVIDED",,"STRAIGHT AND LEVEL","DRY","NO DEFECTS","NOT ON SCENE (DESK REPORT)","NO INJURY / DRIVE AWAY",,,,"$501 - $1,500","2024-12-17T16:20:00.000","UNABLE TO DETERMINE","UNABLE TO DETERMINE","701","S","DAMEN AVE","1225",,,,,,,"2.0","12","NO INDICATION OF INJURY","0.0","0","0","0","0","2","0","6","3","X003662253","0.0","0.0","POINT (0 0)"
"2433292e75c5fbc0fcd7a13ddf46d7ed96298273f70f1a4aee6b4cf7c334db182654573ae2c01a8dcf80a32cca348a19532cde21a17a43572d071965ccc48af9",,"2017-09-22T13:30:00.000","30","NO CONTROLS","NO CONTROLS","CLEAR","DAYLIGHT","REAR END","ONE-WAY","2","STRAIGHT AND LEVEL","DRY","UNKNOWN","ON SCENE","INJURY AND / OR TOW DUE TO CRASH",,,,"$501 - $1,500","2017-09-22T14:43:00.000","FAILING TO REDUCE SPEED TO AVOID CRASH","UNABLE TO DETERMINE","5930","S","WENTWORTH AVE","232",,,,,,,"2.0","9","REPORTED, NOT EVIDENT","2.0","0","0","0","2","2","0","13","6","X000916662",,,
"a6d669bca5f8bbe27b378b4a9213087eef1bcf9be8053de911dc4017e4cbd78a81220e8566d3cfbefcd42b7800c67b884b75f2716ee064ff8997b4d0eff95c2b",,"2020-08-30T07:38:00.000","40","NO CONTROLS","NO CONTROLS","CLEAR","DAYLIGHT","SIDESWIPE SAME DIRECTION","DIVIDED - W/MEDIAN BARRIER",,"STRAIGHT AND LEVEL","DRY","NO DEFECTS","ON SCENE","NO INJURY / DRIVE AWAY",,,"Y","OVER $1,500","2020-08-30T07:44:00.000","IMPROPER LANE USAGE","DRIVING SKILLS/KNOWLEDGE/EXPERIENCE","399","E","18TH ST","132",,,,,,,"2.0","8","NO INDICATION OF INJURY","0.0","0","0","0","0","2","0","7","1","X002001588",,,
"4b6d799242be162757ea32259da03c0cb1527ddb75a93dbec8ea22eab5f8d990eabbee3faf1c3efe489b7b0af7f2e3bb4d63179d4a78d843005654afc5840789",,"2020-08-01T20:13:00.000","15","NO CONTROLS","NO CONTROLS","CLEAR","DARKNESS, LIGHTED ROAD","FIXED OBJECT","RAMP",,"STRAIGHT AND LEVEL","DRY","NO DEFECTS","ON SCENE","NO INJURY / DRIVE AWAY",,,,"OVER $1,500","2020-08-01T20:15:00.000","DRIVING SKILLS/KNOWLEDGE/EXPERIENCE","UNABLE TO DETERMINE","1","W","PARKING LOT C ST","1654",,,,,,,"1.0","8","NO INDICATION OF INJURY","0.0","0","0","0","0","1","0","20","7","X001974880",,,
"b7c5f28d3b48244ce33d40fbe0109d0dcd26c9bf0ed0872e24cf1025d33feddef7fcc9f34d2be8da23ec605c6215761b8de2f4f406a18017a9f4706df49d7971",,"2020-08-05T15:56:00.000","30","NO CONTROLS","NO CONTROLS","CLEAR","DAYLIGHT","SIDESWIPE SAME DIRECTION","DIVIDED - W/MEDIAN (NOT RAISED)",,"STRAIGHT AND LEVEL","DRY","UNKNOWN","ON SCENE","INJURY AND / OR TOW DUE TO CRASH",,,"Y","OVER $1,500","2020-08-05T15:56:00.000","DRIVING SKILLS/KNOWLEDGE/EXPERIENCE","UNABLE TO DETERMINE","400","N","LOWER LAKE SHORE DR","1834",,"Y",,,,,"3.0","8","NO INDICATION OF INJURY","0.0","0","0","0","0","3","0","15","4","X001980240",,,
"3e35e6c8f5842a1236bb8f5c903dec63148d97b9bca3c04510cc82ad54ccb90fb81cf0ceaa4184c120ce9172990cec5d6479820df42f09ab57da816e57fa1742",,"2020-08-30T01:50:00.000","15","NO CONTROLS","NO CONTROLS","CLEAR","DARKNESS, LIGHTED ROAD","OVERTURNED","ALLEY",,"STRAIGHT AND LEVEL","DRY","OTHER","ON SCENE","INJURY AND / OR TOW DUE TO CRASH",,"Y","Y","OVER $1,500","2020-08-30T02:00:00.000","UNABLE TO DETERMINE","UNABLE TO DETERMINE","3845","W","14TH ST","1011",,,,,,,"1","8",,,,,,,,,"1","1","X002001271","41.8624484132","-87.7219261601","POINT (-87.721926160144 41.862448413195)"
"1c4a4bb5cccf8502da864967847a96728fbf36ab113cc5167450b20cc5393a7e2a56a4ad2d452b4743861a26ec32e57ed3e5d1bced301bb6fb5d9368a3e0634a",,"2020-08-16T01:40:00.000","30","TRAFFIC SIGNAL","NO CONTROLS","CLEAR","DAWN","TURNING","NOT DIVIDED",,"STRAIGHT AND LEVEL","DRY","NO DEFECTS","NOT ON SCENE (DESK REPORT)","INJURY AND / OR TOW DUE TO CRASH",,,"Y","$501 - $1,500","2020-08-17T15:46:00.000","IMPROPER OVERTAKING/PASSING","IMPROPER TURNING/NO SIGNAL","13004","S","BRAINARD AVE","433",,,,,,,"2.0","8","NONINCAPACITATING INJURY","1.0","0","0","1","0","1","0","1","1","X001989615",,,
"c5918479f941c5d74aaf3195cd05665e63a3c51b51a5846b5b779de9afd8b3b48689f140238164f9e278949ed71622052426386ff8e0125ff0391bdc0e64801a",,"2024-12-27T06:15:00.000","20","NO CONTROLS","NO CONTROLS","RAIN","DAYLIGHT","PARKED MOTOR VEHICLE","PARKING LOT",,"STRAIGHT AND LEVEL","WET","NO DEFECTS","ON SCENE","NO INJURY / DRIVE AWAY",,,,"OVER $1,500","2024-12-27T20:00:00.000","WEATHER","NOT APPLICABLE","741","W","OHARE ST","1654",,,,,,,"2.0","12","NO INDICATION OF INJURY","0.0","0","0","0","0","1","0","6","6","X003673542",,,
"81510901bb1c41ec02b09ba91f8350ddef6dc2c5e9da30856bdbdcb665fbd9c0662873f63fe9840e9d5a47fbfa4ce2c12a2cdf21acefbf25a7da60a3dc6c1142",,"2017-09-05T20:00:00.000","30","NO CONTROLS","NO CONTROLS","CLEAR","DARKNESS","ANGLE","ONE-WAY",,"STRAIGHT AND LEVEL","DRY","NO DEFECTS","ON SCENE","NO INJURY / DRIVE AWAY","Y",,,"OVER $1,500","2017-09-05T20:10:00.000","UNABLE TO DETERMINE","UNABLE TO DETERMINE","7200","S","HONORE ST","735",,,,,,,"2","9","NO INDICATION OF INJURY","0","0","0","0","0","4","0","20","3","X000902779","41.7629320643","-87.6699817896","POINT (-87.669981789616 41.762932064289)"
"bb7fe39e97a628f3c5f5b5b421d088ccb7e1f96a3a9a28163702b077e78fcec39f5d61301ba873447f7dcebc4dd305d0eba35f47e9fe07225fdaebd490ea0ffb",,"2024-12-21T19:20:00.000","20","NO CONTROLS","NO CONTROLS","CLEAR","DARKNESS","SIDESWIPE SAME DIRECTION","OTHER",,"STRAIGHT AND LEVEL","DRY","NO DEFECTS","ON SCENE","NO INJURY / DRIVE AWAY",,,,"OVER $1,500","2024-12-21T19:21:00.000","IMPROPER LANE USAGE","NOT APPLICABLE","3","W","TERMINAL ST","1653",,,,,,,"2.0","12","NO INDICATION OF INJURY","0.0","0","0","0","0","2","0","19","7","X003667559",,,
"1cd980d7d1c2eb97637ffbdf0edfc55759df00003e8459c7fe688872d5e13ee54730d452f52b32a17d216b60bfed1f7305dd1485a80f8c3f92160cf5b84a02f9",,"2017-09-21T07:45:00.000","35","NO CONTROLS","FUNCTIONING PROPERLY","CLEAR","DAYLIGHT","TURNING","DIVIDED - W/MEDIAN BARRIER","4","STRAIGHT AND LEVEL","DRY","NO DEFECTS","NOT ON SCENE (DESK REPORT)","NO INJURY / DRIVE AWAY",,,,"OVER $1,500","2017-09-21T08:45:00.000","IMPROPER LANE USAGE","FAILING TO REDUCE SPEED TO AVOID CRASH","5500","S","WENTWORTH AVE","225",,,,,,,"2.0","9","NO INDICATION OF INJURY","0.0","0","0","0","0","2","0","7","5","X000915859",,,
"4cad8447fe172177b32ee13e92acfc1d859a5a7ce97d0abc970b0fa435565aac25d89ef535f3ee426c895f39771b34bc7164e5e9475f6bd54f2452d74293fd6a",,"2017-08-31T22:30:00.000","30","UNKNOWN","UNKNOWN","UNKNOWN","DARKNESS, LIGHTED ROAD","REAR END","NOT DIVIDED","2","STRAIGHT AND LEVEL","UNKNOWN","UNKNOWN","NOT ON SCENE (DESK REPORT)","NO INJURY / DRIVE AWAY",,,"Y","$500 OR LESS","2017-09-02T13:40:00.000","UNABLE TO DETERMINE","UNABLE TO DETERMINE","3100","N","HALSTED ST","1933",,,,,,,"2.0","8","NO INDICATION OF INJURY","0.0","0","0","0","0","2","0","22","5","X000897001",,,
"dc256ebcbb1272a59952f8c11f28ba17186dc4eb556e9c360508ca5b6e587fb60ece908886a807bee18605d81ce5da10dc7d632fc5642841e3192fb126cd3e92","Y","2024-12-01T21:45:00.000","30","TRAFFIC SIGNAL","FUNCTIONING PROPERLY","UNKNOWN","UNKNOWN","ANGLE","NOT DIVIDED",,"STRAIGHT AND LEVEL","UNKNOWN","UNKNOWN","NOT ON SCENE (DESK REPORT)","NO INJURY / DRIVE AWAY",,,,"OVER $1,500","2024-12-02T16:00:00.000","UNABLE TO DETERMINE","NOT APPLICABLE","10000","W","BALMORAL AVE","1654",,,,,,,"2.0","12","NO INDICATION OF INJURY","0.0","0","0","0","0","2","0","21","1","X003644488",,,
"d235021fddaf2897d6c35eb157954b70581862d58d953731e0b66306568ff78b2ba285de6ef2d306e705268ff7652709858ca44f803577cf9b299afdbde25bce","Y","2024-12-14T07:45:00.000","20","NO CONTROLS","NO CONTROLS","CLEAR","DAWN","PARKED MOTOR VEHICLE","PARKING LOT",,"STRAIGHT AND LEVEL","DRY","NO DEFECTS","NOT ON SCENE (DESK REPORT)","NO INJURY / DRIVE AWAY",,"Y","Y","OVER $1,500","2024-12-18T10:30:00.000","UNABLE TO DETERMINE","NOT APPLICABLE","538","W","OHARE ST","1654",,,,,,,"2.0","12","NO INDICATION OF INJURY","0.0","0","0","0","0","1","0","7","7","X003663203",,,
"10d9200e91befa3f4dd25c2f7abd6e4e3df1fe750bba44dde0ef047700143fc57f7f9e82e9064cd60a39f2022d06fda134be39d63bc088ab591a7f1c4e227c38",,"2017-09-07T15:00:00.000","30","STOP SIGN/FLASHER","FUNCTIONING PROPERLY","CLEAR","DAYLIGHT","ANGLE","NOT DIVIDED",,"STRAIGHT AND LEVEL","DRY","NO DEFECTS","NOT ON SCENE (DESK REPORT)","NO INJURY / DRIVE AWAY",,,,"OVER $1,500","2017-09-07T17:30:00.000","DISREGARDING STOP SIGN","DISREGARDING STOP SIGN","4600","S","DR MARTIN LUTHER KING JR SD","215",,,,,,,"2.0","9","NO INDICATION OF INJURY","0.0","0","0","0","0","2","0","15","5","X000901746",,,
"cd702a65fc393020dd3fcc34a2e62c28edebf568646bc85b200ffcd4399a7e0732958ca626441e8ce76c0de4bc766f3b5f40ecb9c5e253e70480bffa2f3cbdd2",,"2020-09-09T05:15:00.000","30","NO CONTROLS","NO CONTROLS","RAIN","DARKNESS, LIGHTED ROAD","FIXED OBJECT","ONE-WAY",,"CURVE ON GRADE","WET","NO DEFECTS","ON SCENE","NO INJURY / DRIVE AWAY",,,,"OVER $1,500","2020-09-09T05:20:00.000","WEATHER","WEATHER","3","W","TERMINAL ST","1653",,,,,,,"1.0","9","NO INDICATION OF INJURY","0.0","0","0","0","0","1","0","5","4","X002010876",,,
"1ac482c6db059a1dc1a2ff6c35c742cbe84ec18654e23d6d9dfb2050e962fc450930dc8a38b056c8c837815bc076af2ccd71f557da6407dcb9ffceabdaa8ce16",,"2020-07-24T21:30:00.000","30","TRAFFIC SIGNAL","FUNCTIONING PROPERLY","CLEAR","DARKNESS, LIGHTED ROAD","SIDESWIPE SAME DIRECTION","NOT DIVIDED",,"STRAIGHT AND LEVEL","DRY","NO DEFECTS","NOT ON SCENE (DESK REPORT)","NO INJURY / DRIVE AWAY",,,,"OVER $1,500","2020-07-25T16:55:00.000","NOT APPLICABLE","NOT APPLICABLE","4900","S","DR MARTIN LUTHER KING JR SD","224",,,,,,,"2.0","7","NO INDICATION OF INJURY","0.0","0","0","0","0","3","0","21","6","X002022856",,,
"b3bebb94e0a763369ed9b5174014371f665dda4bed5710d94fa915b4fede3613e53dc91f522848e11492a216a5e71bf1621b7d6cef4171866b387a1573434062","Y","2020-09-14T17:44:00.000","20","NO CONTROLS","NO CONTROLS","CLOUDY/OVERCAST","DAYLIGHT","SIDESWIPE SAME DIRECTION","ONE-WAY",,"STRAIGHT AND LEVEL","DRY","NO DEFECTS","ON SCENE","NO INJURY / DRIVE AWAY",,,,"$500 OR LESS","2020-09-14T17:45:00.000","DRIVING SKILLS/KNOWLEDGE/EXPERIENCE","UNABLE TO DETERMINE","3","W","TERMINAL ST","1653",,,,,,,"2.0","9","NO INDICATION OF INJURY","0.0","0","0","0","0","2","0","17","2","X002015689",,,
"e83322e40e453b59f743e4b73600b81b0ac7cfa2663e7b60f59f09bf5e21427b069d6dda45cb3ffdf23355ebecf75f251551055359b7b70b29ef018b84fd631d",,"2020-09-05T14:15:00.000","20","NO CONTROLS","NO CONTROLS","CLEAR","DAYLIGHT","PARKED MOTOR VEHICLE","PARKING LOT",,"STRAIGHT AND LEVEL","DRY","NO DEFECTS","ON SCENE","NO INJURY / DRIVE AWAY",,,,"$500 OR LESS","2020-09-05T14:30:00.000","VISION OBSCURED (SIGNS, TREE LIMBS, BUILDINGS, ETC.)","NOT APPLICABLE","517","W","OHARE ST","1654",,,,,,,"2.0","9","NO INDICATION OF INJURY","0.0","0","0","0","0","2","0","14","7","X002010881",,,
"58b2e06831ac93e53bc4d5026d0c20b64994fc30efe4bf7e16582d5af0ffe6f585330455e4d455371920292f1989043ce5d167748f6ff016374942ed844575ed",,"2020-09-12T01:23:00.000","45","NO CONTROLS","NO CONTROLS","CLEAR","DARKNESS, LIGHTED ROAD","REAR END","RAMP",,"CURVE ON GRADE","DRY","NO DEFECTS","ON SCENE","INJURY AND / OR TOW DUE TO CRASH",,,"Y","OVER $1,500","2020-09-12T01:24:00.000","UNABLE TO DETERMINE","NOT APPLICABLE","6700","S","CHICAGO SKYWAY OB","322",,,,,,,"2.0","9","NONINCAPACITATING INJURY","1.0","0","0","1","0","4","0","1","7","X002013196",,,
"424e6b7add8a9a13e00b94e4795bbc20304f614765d338f24af0c55375ff7b78460f4d6fe93d7d7c9806ae1867bd5921bd95c5dc9f214764cdbc8bc98cf391c8",,"2020-09-07T13:20:00.000","20","NO CONTROLS","NO CONTROLS","CLEAR","DAYLIGHT","SIDESWIPE SAME DIRECTION","ONE-WAY",,"STRAIGHT AND LEVEL","DRY","NO DEFECTS","ON SCENE","INJURY AND / OR TOW DUE TO CRASH",,,,"OVER $1,500","2020-09-07T13:30:00.000","FAILING TO YIELD RIGHT-OF-WAY","FAILING TO YIELD RIGHT-OF-WAY","475","W","OHARE ST","1654",,,,,,,"2.0","9","REPORTED, NOT EVIDENT","1.0","0","0","0","1","2","0","13","2","X002009377",,,
"8773b2c9a8c559edbbc769aa3e2279f4f03583300e4c36daf91ce682bdc9700cd05b6578ec2d04b726b8ec5cb192ea58fe17f87aa33aee3f7866d60beb4dcb5e",,"2020-08-15T15:28:00.000","10","NO CONTROLS","NO CONTROLS","CLEAR","DAYLIGHT","TURNING","NOT DIVIDED",,"STRAIGHT AND LEVEL","DRY","UNKNOWN","ON SCENE","NO INJURY / DRIVE AWAY",,,"N","OVER $1,500","2020-08-15T15:28:00.000","UNABLE TO DETERMINE","UNABLE TO DETERMINE","6406","N","MOZART ST","2412",,,,,,,"2","8","NO INDICATION OF INJURY","0","0","0","0","0","4","0","15","7","X001989009","41.9977976307","-87.70102396","POINT (-87.701023959984 41.997797630655)"
"0011eb292eb075af8fe5543bc11977f3e216e359f5eaf4f55dccc74da4c627c0f7eb42fac370d372b993f46a84dea69ee830e7202ffc8fffb4ed78c2909edde6",,"2020-08-12T13:15:00.000","30","STOP SIGN/FLASHER","NOT FUNCTIONING","CLEAR","DAYLIGHT","ANGLE","FOUR WAY",,"STRAIGHT AND LEVEL","DRY","NO DEFECTS","ON SCENE","NO INJURY / DRIVE AWAY","Y",,,"OVER $1,500","2020-08-12T13:15:00.000","DISREGARDING STOP SIGN","NOT APPLICABLE","6259","S","YALE AVE","711",,,,,,,"2.0","8","NO INDICATION OF INJURY","0.0","0","0","0","0","2","0","13","4","X001985358",,,
"70afd59b3bc0a7b02469541fd3620b053536def008f46c15e404a53d91a523401438b8b8bd236306f3f793ffa49f61591dfbb7a33cf196d3be7d49bc4070687f","Y","2020-09-01T05:13:00.000","30","NO CONTROLS","NO CONTROLS","CLEAR","DARKNESS","OTHER NONCOLLISION","UNKNOWN",,"STRAIGHT AND LEVEL","OTHER","NO DEFECTS","ON SCENE","INJURY AND / OR TOW DUE TO CRASH",,,,"OVER $1,500","2020-09-01T05:14:00.000","NOT APPLICABLE","NOT APPLICABLE","2800","S","WESTERN AVE","1034",,,,,,,"1","9",,,,,,,,,"5","3","X002003246","41.8411101754","-87.6854255447","POINT (-87.685425544687 41.841110175378)"
"c7e9ac883159523eaaf50f6df798865668e0855cb13e2586717ec63642a689612ade3c5ab0aefca10d3d085040168a7f749eb915e5783f6fc7b95ad6d1144a53",,"2020-08-31T00:57:00.000","55","NO CONTROLS","NO CONTROLS","CLEAR","DARKNESS","OTHER OBJECT","ONE-WAY",,"STRAIGHT AND LEVEL","DRY","NO DEFECTS","ON SCENE","NO INJURY / DRIVE AWAY",,,,"OVER $1,500","2020-08-31T00:57:00.000","NOT APPLICABLE","NOT APPLICABLE","7300","S","CHICAGO SKYWAY IB","323",,"Y",,,,,"1","8","NO INDICATION OF INJURY","0","0","0","0","0","1","0","0","2","X002002092","41.7620766995","-87.6032013374","POINT (-87.603201337404 41.762076699458)"
"069d0ce451996adf4df1ab4bbb4307e52f59b2d46a37bc0a6815c15f3a2d5d632dfbebc992664c72cddbecdcf30f82a84b5db3167afb630e88d320f1d91a0f5b",,"2020-08-12T14:00:00.000","30","NO CONTROLS","NO CONTROLS","CLEAR","DAWN","ANGLE","FOUR WAY",,"STRAIGHT AND LEVEL","DRY","SHOULDER DEFECT","ON SCENE","NO INJURY / DRIVE AWAY",,,,"OVER $1,500","2020-08-12T14:00:00.000","UNABLE TO DETERMINE","UNABLE TO DETERMINE","4600","S","INDIANA AVE","215",,,,,,,"2","8","NO INDICATION OF INJURY","0","0","0","0","0","4","0","14","4","X001984730","41.8110320839","-87.6214046233","POINT (-87.62140462327 41.811032083875)"
"2802be0ea5d6e3ccc96d169e55b06540a0636ef918c8236b95c5a5eaaf6bb150989a2418a20797385b5b69aef94fdc55f0a0244f535f90e5a41441da15fc6d2d",,"2020-08-07T05:15:00.000","35","TRAFFIC SIGNAL","FUNCTIONING PROPERLY","CLEAR","DAYLIGHT","REAR END","DIVIDED - W/MEDIAN BARRIER",,"STRAIGHT AND LEVEL","DRY","UNKNOWN","NOT ON SCENE (DESK REPORT)","NO INJURY / DRIVE AWAY",,,,"OVER $1,500","2020-08-07T05:15:00.000","UNABLE TO DETERMINE","UNABLE TO DETERMINE","10700","W","HIGGINS RD","1654",,,,,,,"2.0","8","NO INDICATION OF INJURY","0.0","0","0","0","0","2","0","5","6","X001984783",,,
"53c132e27a0cfab48853a78faaee5fcd1e0fbacf5158d3bcff467a4e9ab75ddd257774766c31498dbd1a31a29bb3642155aca3ebefb1f91a6d88f58701633632",,"2020-08-25T10:00:00.000","15","NO CONTROLS","NO CONTROLS","CLEAR","DAYLIGHT","PARKED MOTOR VEHICLE","PARKING LOT",,"STRAIGHT AND LEVEL","DRY","NO DEFECTS","ON SCENE","NO INJURY / DRIVE AWAY",,,,"$501 - $1,500","2020-08-25T10:10:00.000","UNABLE TO DETERMINE","UNABLE TO DETERMINE","475","W","OHARE ST","1654",,,,,,,"2.0","8","NO INDICATION OF INJURY","0.0","0","0","0","0","1","0","10","3","X001997775",,,
"a0e83b03040ce5386b9a564efb2c6840e5f6f81bffd7c15d811f4ad34ffd40ea4d3fb9a2f772663c2e1b8fd35531108649dbe267ef5b609afed3f33cc356bba1",,"2020-09-10T06:05:00.000","40","NO CONTROLS","NO CONTROLS","CLEAR","DAWN","REAR END","DIVIDED - W/MEDIAN (NOT RAISED)",,"STRAIGHT AND LEVEL","DRY","NO DEFECTS","ON SCENE","INJURY AND / OR TOW DUE TO CRASH",,,,"OVER $1,500","2020-09-10T06:30:00.000","FAILING TO YIELD RIGHT-OF-WAY","NOT APPLICABLE","517","W","OHARE ST","1654",,,,,,,"4.0","9","REPORTED, NOT EVIDENT","1.0","0","0","0","1","3","0","6","5","X002012652",,,
"91b29173379c86c4dc8ae0cc7e0df541ab7b564d5f7ff01258198b4043b5ee9182d36c8a02fddc138b2731329409dea5cee09e29baa9664e26e845d5d0d4cd53",,"2020-08-30T14:17:00.000","55","NO CONTROLS","NO CONTROLS","CLEAR","DAYLIGHT","SIDESWIPE SAME DIRECTION","OTHER",,"STRAIGHT AND LEVEL","DRY","UNKNOWN","NOT ON SCENE (DESK REPORT)","NO INJURY / DRIVE AWAY",,,"Y","OVER $1,500","2020-08-30T14:40:00.000","NOT APPLICABLE","NOT APPLICABLE","8700","S","CHICAGO SKYWAY OB","412",,,,,,,"2.0","8","NO INDICATION OF INJURY","0.0","0","0","0","0","3","0","14","1","X002001654",,,
"b16d1a9f0f0111cddf7899a12ce27c890dbc2049c62a94d8871ad59bf792fa7e83df025bebb779912a0c33d8ab6fbf2dfa90dfcfa1e02041ef43447580ff5d01",,"2020-09-03T18:35:00.000","30","TRAFFIC SIGNAL","FUNCTIONING PROPERLY","CLEAR","DAYLIGHT","REAR END","NOT DIVIDED",,"STRAIGHT AND LEVEL","DRY","NO DEFECTS","ON SCENE","INJURY AND / OR TOW DUE TO CRASH",,,,"OVER $1,500","2020-09-03T19:01:00.000","FOLLOWING TOO CLOSELY","UNABLE TO DETERMINE","13000","S","STONY ISLAND AVE","434",,,,,,,"2.0","9","NO INDICATION OF INJURY","0.0","0","0","0","0","2","0","18","5","X002006850",,,
"fd85ed87b7be6059872f5929e6a45814ec6baf79075d1114f63dcefbcf35f25c875369ddd8008fedb6e2b2d08102aaa118687f0ddb4c69022caccff7008b36c4",,"2020-09-06T12:15:00.000","35","NO CONTROLS","NO CONTROLS","CLEAR","DAYLIGHT","SIDESWIPE SAME DIRECTION","DIVIDED - W/MEDIAN BARRIER",,"STRAIGHT AND LEVEL","DRY","NO DEFECTS","ON SCENE","NO INJURY / DRIVE AWAY",,,,"$501 - $1,500","2020-09-06T12:17:00.000","DISTRACTION - FROM INSIDE VEHICLE","DRIVING SKILLS/KNOWLEDGE/EXPERIENCE","8800","S","CHICAGO SKYWAY OB","412",,,,,,,"2.0","9","NO INDICATION OF INJURY","0.0","0","0","0","0","5","0","12","1","X002010507",,,
"1aec1a971f45eca20b9217b6cda23fde5dac21125e2793fbac1f1ea4bec51fcd371292992c8cf487c17c00560de17e459f17a1e1ea198c8239a2f9e8a952ba35",,"2020-08-23T15:41:00.000","30","TRAFFIC SIGNAL","NO CONTROLS","CLEAR","DAYLIGHT","TURNING","NOT DIVIDED",,"STRAIGHT AND LEVEL","DRY","NO DEFECTS","NOT ON SCENE (DESK REPORT)","NO INJURY / DRIVE AWAY","Y",,,"OVER $1,500","2020-08-23T16:05:00.000","UNABLE TO DETERMINE","NOT APPLICABLE","4700","S","DR MARTIN LUTHER KING JR SD","224",,,,,,,"2.0","8","NO INDICATION OF INJURY","0.0","0","0","0","0","2","0","15","1","X001995175",,,
"73062f47fa5c01e973644568d5e9784711126e056d5db37e486e263130215503b90d3f72093792a66643afdfb7d6abd383445fe50e2a52dc12cab2ebab335f60",,"2020-08-19T20:25:00.000","35","NO CONTROLS","NO CONTROLS","CLEAR","DARKNESS","HEAD ON","ALLEY",,"STRAIGHT AND LEVEL","DRY","NO DEFECTS","ON SCENE","INJURY AND / OR TOW DUE TO CRASH",,,,"OVER $1,500","2020-08-19T20:25:00.000","IMPROPER OVERTAKING/PASSING","NOT APPLICABLE","644","E","41ST ST","214",,,,,,,"2","8","NO INDICATION OF INJURY","0","0","0","0","0","7","0","20","4","X001991874","41.8204468599","-87.6100151642","POINT (-87.61001516424 41.82044685995)"
"b40be1504dff97bfe8f315a1933c5cedce998055175aba5dfeda773b20ea7a34a674e0307f9b970a4e5e0a67f5dd680df26b1eb33fd1d77a563bc441bb7a5d39",,"2020-08-14T13:14:00.000","20","NO CONTROLS","NO CONTROLS","CLEAR","DAYLIGHT","PARKED MOTOR VEHICLE","PARKING LOT",,"STRAIGHT AND LEVEL","DRY","NO DEFECTS","NOT ON SCENE (DESK REPORT)","NO INJURY / DRIVE AWAY",,,,"$500 OR LESS","2020-08-19T07:30:00.000","IMPROPER BACKING","NOT APPLICABLE","450","W","OHARE ST","1654",,,,,,,"2.0","8","NO INDICATION OF INJURY","0.0","0","0","0","0","1","0","13","6","X001995852",,,
"6b1f0df9b4c48fe126c41d81a0ca165d0828d25140b3e8dce1d58cebc4d7cfee56fb7b415a2179e2432bb9e224bfb5651474e2b8394e4d7c1bafc82e934c517e",,"2020-08-20T08:00:00.000","15","NO CONTROLS","NO CONTROLS","CLEAR","DAYLIGHT","PARKED MOTOR VEHICLE","PARKING LOT",,"STRAIGHT AND LEVEL","DRY","NO DEFECTS","ON SCENE","NO INJURY / DRIVE AWAY",,,,"$501 - $1,500","2020-08-20T08:05:00.000","IMPROPER TURNING/NO SIGNAL","RELATED TO BUS STOP","1","W","PARKING LOT C ST","1654",,,,,,,"2.0","8","NO INDICATION OF INJURY","0.0","0","0","0","0","1","0","8","5","X001997774",,,
"524723912e1f974d19900f33fa652c60e2798ec0d0a9010823a57dedf225dd68fac0b73c0d17ff3e90ec4031802aaef6d5719b79ba25abfabf84ecbb0b3bf76e",,"2020-09-13T14:29:00.000","30","TRAFFIC SIGNAL","FUNCTIONING PROPERLY","CLEAR","DAYLIGHT","SIDESWIPE SAME DIRECTION","NOT DIVIDED",,"STRAIGHT AND LEVEL","DRY","NO DEFECTS","NOT ON SCENE (DESK REPORT)","NO INJURY / DRIVE AWAY",,,,"OVER $1,500","2020-09-13T15:00:00.000","IMPROPER LANE USAGE","DRIVING SKILLS/KNOWLEDGE/EXPERIENCE","3116","N","HALSTED ST","1933",,,,,,,"2.0","9","NO INDICATION OF INJURY","0.0","0","0","0","0","2","0","14","1","X002014305",,,
"606c0bf7e8181709ec236076ba1d87ff30a30ffd97fab0a89156186922519d4c334e5827db17f084c4d2ebad366f9770223052e5e90690727c8a5b026cee9581",,"2021-02-19T18:30:00.000","30","NO CONTROLS","NO CONTROLS","SNOW","DARKNESS, LIGHTED ROAD","OTHER OBJECT","NOT DIVIDED",,"STRAIGHT AND LEVEL","WET","RUT, HOLES","NOT ON SCENE (DESK REPORT)","NO INJURY / DRIVE AWAY",,,,"$501 - $1,500","2021-02-28T20:51:00.000","UNABLE TO DETERMINE","NOT APPLICABLE","10000","S","VINCENNES AVE","2213",,,,,,,"1.0","2","NO INDICATION OF INJURY","0.0","0","0","0","0","1","0","18","6","X002169762",,,
"7b3561244c6b1b181bd7c95f2aec8b3143a10764f5812afc30a4ae1df367d80ffd3cb8ba9c1a4cd3e7abe05011998ccdbd481586c55f56ef600e7e3c4b49a568",,"2020-08-18T17:00:00.000","30","NO CONTROLS","NO CONTROLS","CLEAR","DAYLIGHT","REAR END","NOT DIVIDED",,"STRAIGHT AND LEVEL","DRY","NO DEFECTS","ON SCENE","NO INJURY / DRIVE AWAY",,,"Y","OVER $1,500","2020-08-18T17:15:00.000","FOLLOWING TOO CLOSELY","UNABLE TO DETERMINE","13000","S","STONY ISLAND AVE","434",,,,,,,"3.0","8","NO INDICATION OF INJURY","0.0","0","0","0","0","3","0","17","3","X001990911",,,
"3c4ac33b54d5c682882ba789fabcc0440ec906096ca237e447eb8f761d321c0eb895596fe9d4efbe8d1cf7b8f21a5ce0ec1496a5c5912ef7d87ad26e982a4fdb",,"2020-09-11T09:30:00.000","55","NO CONTROLS","NO CONTROLS","CLEAR","DAYLIGHT","FIXED OBJECT","DIVIDED - W/MEDIAN BARRIER",,"STRAIGHT AND LEVEL","DRY","NO DEFECTS","ON SCENE","INJURY AND / OR TOW DUE TO CRASH",,,,"OVER $1,500","2020-09-11T09:37:00.000","DISTRACTION - FROM OUTSIDE VEHICLE","NOT APPLICABLE","6900","S","CHICAGO SKYWAY OB","322",,,,,,,"1.0","9","NO INDICATION OF INJURY","0.0","0","0","0","0","1","0","9","6","X002012991",,,
"650cd404dfb79e0e6acd550ed57affc1b4f16e696e8c8c45fd703f6a42eef4d980537973a544caa45a49676d8f07c18c8a4496516af7f54861a22aff96ef8be4",,"2020-09-24T07:55:00.000","25","NO CONTROLS","NO CONTROLS","CLEAR","DAYLIGHT","TURNING","PARKING LOT",,"STRAIGHT AND LEVEL","DRY","NO DEFECTS","ON SCENE","NO INJURY / DRIVE AWAY","Y",,,"OVER $1,500","2020-09-24T07:58:00.000","FAILING TO YIELD RIGHT-OF-WAY","DRIVING SKILLS/KNOWLEDGE/EXPERIENCE","1","W","PARKING LOT C ST","1654",,,,,,,"2.0","9","NO INDICATION OF INJURY","0.0","0","0","0","0","2","0","7","5","X002024128",,,
"755ed242afa90c51272e27766e0e6a3489da4a388a31c2d9ae66c9f8acdd45ad5e006442e456358fac977a68a2fcbb546f9ab4ec36f1fe38191c4d0bda3b0132",,"2020-10-07T07:45:00.000","20","NO CONTROLS","NO CONTROLS","CLEAR","DAYLIGHT","FIXED OBJECT","OTHER",,"STRAIGHT AND LEVEL","DRY","NO DEFECTS","ON SCENE","NO INJURY / DRIVE AWAY",,,,"OVER $1,500","2020-10-07T07:50:00.000","OPERATING VEHICLE IN ERRATIC, RECKLESS, CARELESS, NEGLIGENT OR AGGRESSIVE MANNER","DRIVING SKILLS/KNOWLEDGE/EXPERIENCE","561","W","OHARE ST","1654",,,,,,,"1.0","10","NO INDICATION OF INJURY","0.0","0","0","0","0","1","0","7","4","X002036688",,,
"ca23286ce490c13b2fba3be709188d807a63aba9cfde91389736caebdd65037673c9d7745341df266a3483d21bdcf3b4c2ca64b05e1a27c2e3539a70dc6fdabb",,"2020-09-03T10:30:00.000","35","NO CONTROLS","OTHER","CLEAR","DAYLIGHT","TURNING","OTHER",,"STRAIGHT AND LEVEL","DRY","UNKNOWN","ON SCENE","INJURY AND / OR TOW DUE TO CRASH",,,,"OVER $1,500","2020-09-03T10:53:00.000","UNABLE TO DETERMINE","UNABLE TO DETERMINE","3625","W","CERMAK RD","1013",,,,,,,"2","9","NO INDICATION OF INJURY","0","0","0","0","0","2","0","10","5","X002014044","41.8515408675","-87.7161555833","POINT (-87.716155583346 41.851540867503)"
"e0e8b0acba0cb748a171b22279937f318001fa11898d40a56103a9b731794e34c65109118580038c44b2dbab706a7d0e3031b1a8664c81a66fabb0b8c4363e43",,"2020-09-30T15:50:00.000","10","NO CONTROLS","NO CONTROLS","CLEAR","DAYLIGHT","PARKED MOTOR VEHICLE","OTHER",,"STRAIGHT AND LEVEL","DRY","NO DEFECTS","ON SCENE","NO INJURY / DRIVE AWAY",,"Y",,"$501 - $1,500","2020-09-30T16:00:00.000","IMPROPER BACKING","NOT APPLICABLE","895","W","OHARE ST","1654",,,,,,,"2.0","9","NO INDICATION OF INJURY","0.0","0","0","0","0","1","0","15","4","X002032307",,,
"4414cbba71f9db2bb6a0f118b36ac322c43e475afdfa19f7464888d0db6ea4c31b36ff92ae8df24af30f4870c7f8b8f1cfe1014a90edfa86540a0bc6f2919261",,"2020-08-18T20:40:00.000","10","NO CONTROLS","NO CONTROLS","CLEAR","DARKNESS, LIGHTED ROAD","FIXED OBJECT","ONE-WAY",,"STRAIGHT AND LEVEL","DRY","NO DEFECTS","ON SCENE","INJURY AND / OR TOW DUE TO CRASH",,"Y",,"OVER $1,500","2020-08-18T20:45:00.000","DRIVING SKILLS/KNOWLEDGE/EXPERIENCE","UNABLE TO DETERMINE","1","W","PARKING LOT A ST","1654",,,,,,,"1.0","8","NO INDICATION OF INJURY","0.0","0","0","0","0","1","0","20","3","X001991426",,,
"a0d3bac53f97cc350175971191922a85777204994c3059811e4d1ad4eba5930760d5a50bf1b3b97ed173f0bce6fe4de86701ac60135fc1dc6d269d27ac07b98c",,"2020-10-02T01:45:00.000","25","TRAFFIC SIGNAL","FUNCTIONING PROPERLY","CLEAR","DARKNESS, LIGHTED ROAD","TURNING","FOUR WAY",,"STRAIGHT AND LEVEL","DRY","UNKNOWN","ON SCENE","NO INJURY / DRIVE AWAY","Y",,"Y","$501 - $1,500","2020-10-02T02:03:00.000","OPERATING VEHICLE IN ERRATIC, RECKLESS, CARELESS, NEGLIGENT OR AGGRESSIVE MANNER","UNABLE TO DETERMINE","5500","S","WENTWORTH AVE","225",,,,,,,"2.0","10","NO INDICATION OF INJURY","0.0","0","0","0","0","2","0","1","6","X002031689",,,
"a0e82353c0a772192f92d4bae6189c56d390ef0a66d56d3f16112cbdace6e1892b07012fc4d55db224107110db333b4ce9b4f3032e7109032c3d7827e4d33d59",,"2020-09-12T02:00:00.000","10","NO CONTROLS","NO CONTROLS","RAIN","DARKNESS, LIGHTED ROAD","PARKED MOTOR VEHICLE","PARKING LOT",,"STRAIGHT AND LEVEL","WET","NO DEFECTS","ON SCENE","NO INJURY / DRIVE AWAY",,,"Y","$500 OR LESS","2020-09-16T16:45:00.000","UNABLE TO DETERMINE","UNABLE TO DETERMINE","1","W","PARKING LOT D ST","1654",,,,,,,"2.0","9","NO INDICATION OF INJURY","0.0","0","0","0","0","1","0","2","7","X002018291",,,
"14e8b62377d582271096f27b5f70194144cf6e7288bbd6850330ac47a308d2520efabaa6a46235d924e86c1bc9e1be02647142ffb22d5179e7ceb58f01225987",,"2020-08-26T14:15:00.000","30","TRAFFIC SIGNAL","FUNCTIONING PROPERLY","CLEAR","DAYLIGHT","REAR END","ONE-WAY",,"STRAIGHT AND LEVEL","DRY","NO DEFECTS","ON SCENE","INJURY AND / OR TOW DUE TO CRASH","Y",,,"OVER $1,500","2020-08-26T14:20:00.000","FAILING TO REDUCE SPEED TO AVOID CRASH","NOT APPLICABLE","163","N","BESSIE COLEMAN DR","1654",,,,,,,"2.0","8","REPORTED, NOT EVIDENT","1.0","0","0","0","1","3","0","14","4","X001999278",,,
"7c35793f43d3a701f4df03a5805cfe3bc6a9853eeca655ceb4c8b32b69d5409cd1447fca6d59c75d764983f5bba81861276de58a5d17e3829243b418e906e57d",,"2024-12-15T05:15:00.000","45","TRAFFIC SIGNAL","FUNCTIONING PROPERLY","RAIN","DARKNESS, LIGHTED ROAD","REAR END","DIVIDED - W/MEDIAN BARRIER",,"STRAIGHT AND LEVEL","WET","UNKNOWN","NOT ON SCENE (DESK REPORT)","NO INJURY / DRIVE AWAY",,,"Y","OVER $1,500","2024-12-15T05:40:00.000","FOLLOWING TOO CLOSELY","NOT APPLICABLE","6299","S","LAKE SHORE DR","331",,,,,,,"2.0","12","NO INDICATION OF INJURY","0.0","0","0","0","0","2","0","5","1","X003659168",,,
"044ed9dca0ac78309fce89eb78cdc6da811c0f09011ca6372c6f2e4392b996ab7a01f6a58b4aebc522694e699f032023e08a544ad69be32482fe3ec132c545ef",,"2024-12-15T00:15:00.000","35","TRAFFIC SIGNAL","FUNCTIONING PROPERLY","RAIN","DARKNESS, LIGHTED ROAD","TURNING","FOUR WAY",,"STRAIGHT AND LEVEL","WET","NO DEFECTS","ON SCENE","INJURY AND / OR TOW DUE TO CRASH","Y",,"Y","OVER $1,500","2024-12-15T00:15:00.000","IMPROPER TURNING/NO SIGNAL","DISREGARDING TRAFFIC SIGNALS","7198","W","ARCHER AVE","811",,,,,,,"2.0","12","NONINCAPACITATING INJURY","1.0","0","0","1","0","1","0","0","1","X003658832",,,
"b35c1dc48fd58cbefbcde9641502da166d800a2e96b231fa42a4a2c6e982780908284e7d044a58db27810b4dd5e09f17be5cb5e5c8b38db52f2d24d90263b2b8",,"2024-12-18T17:20:00.000","35","TRAFFIC SIGNAL","FUNCTIONING PROPERLY","CLEAR","DARKNESS, LIGHTED ROAD","TURNING","DIVIDED - W/MEDIAN BARRIER",,"STRAIGHT AND LEVEL","DRY","NO DEFECTS","ON SCENE","NO INJURY / DRIVE AWAY",,,,"OVER $1,500","2024-12-18T17:23:00.000","IMPROPER LANE USAGE","UNABLE TO DETERMINE","10020","W","BALMORAL AVE","1654",,,,,,,"2.0","12","NO INDICATION OF INJURY","0.0","0","0","0","0","3","0","17","4","X003663858",,,
"43dc9f698d19b93ab9ab7bef224dbfdeb4f30874a4b9c512892e84accbd371c59c2fa761d6e680fb6501362f827e960508add75780d36df612a7cd4c47fbc4e0",,"2024-12-06T23:17:00.000","30","TRAFFIC SIGNAL","FUNCTIONING PROPERLY","CLEAR","DARKNESS, LIGHTED ROAD","TURNING","FOUR WAY",,"STRAIGHT AND LEVEL","DRY","NO DEFECTS","ON SCENE","NO INJURY / DRIVE AWAY","Y",,,"$501 - $1,500","2024-12-06T23:19:00.000","DISREGARDING TRAFFIC SIGNALS","FAILING TO REDUCE SPEED TO AVOID CRASH","5500","S","WENTWORTH AVE","225",,,,,,,"2.0","12","NO INDICATION OF INJURY","0.0","0","0","0","0","2","0","23","6","X003649963",,,
"f5d91e547fd6795de480f9da0adc941c2e8febdd19df36398a34b473fd67ac13355c3448b972985243666b840c6ddf5e72a74c72ffc036f491ba0dc6bbcda06e",,"2024-12-14T06:11:00.000","30","NO CONTROLS","NO CONTROLS","CLEAR","DARKNESS, LIGHTED ROAD","REAR END","OTHER",,"STRAIGHT AND LEVEL","DRY","NO DEFECTS","ON SCENE","NO INJURY / DRIVE AWAY",,,"Y","$501 - $1,500","2024-12-14T06:11:00.000","UNABLE TO DETERMINE","UNABLE TO DETERMINE","1","W","TERMINAL ST","1651",,,,,,,"2.0","12","NO INDICATION OF INJURY","0.0","0","0","0","0","2","0","6","7","X003658480",,,
"e2a94d87855c39794451c161549ee42482dcf28fc89e11a196a4b23527fc20f37761c61be69a4b968507a7e19a6e594ad270ea2cda3540d5ed6b5df8be3363d6",,"2024-11-27T14:00:00.000","55","NO CONTROLS","NO CONTROLS","CLEAR","DAYLIGHT","SIDESWIPE SAME DIRECTION","DIVIDED - W/MEDIAN BARRIER",,"STRAIGHT AND LEVEL","DRY","NO DEFECTS","ON SCENE","NO INJURY / DRIVE AWAY",,,,"OVER $1,500","2024-11-27T14:15:00.000","IMPROPER OVERTAKING/PASSING","NOT APPLICABLE","6800","S","CHICAGO SKYWAY OB","322",,,,,,,"2.0","11","NO INDICATION OF INJURY","0.0","0","0","0","0","2","0","14","4","X003643500",,,
"00aa496fc5a12fc3feeb610857cab1c2751d384ffbefbb04ee78ea66986eb58d8cc7eb1f5ebb9bcbfb22ca007626f7ddff1f25d7910b0904f18c01cce4cc3a56",,"2020-09-03T04:15:00.000","20","NO CONTROLS","NO CONTROLS","CLEAR","DARKNESS, LIGHTED ROAD","PEDESTRIAN","OTHER",,"STRAIGHT AND LEVEL","DRY","NO DEFECTS",,"INJURY AND / OR TOW DUE TO CRASH",,,"Y","$500 OR LESS","2020-09-03T04:28:00.000","IMPROPER OVERTAKING/PASSING","NOT APPLICABLE","524","W","OHARE ST","1654",,,,,,,"2.0","9","NONINCAPACITATING INJURY","1.0","0","0","1","0","1","0","4","5","X002014475",,,
"6f3d60774fc803cbd0765132caccc2fcc3114dd785671e618d599cf718db990f562a3cd8e45edad40570d5b409c2bcf07fe1649f978324ed9a9a42da1bc933b3",,"2020-08-20T05:05:00.000","10","NO CONTROLS","NO CONTROLS","CLEAR","DARKNESS, LIGHTED ROAD","SIDESWIPE OPPOSITE DIRECTION","PARKING LOT",,"STRAIGHT AND LEVEL","DRY","UNKNOWN","ON SCENE","NO INJURY / DRIVE AWAY",,,,"OVER $1,500","2020-08-20T05:10:00.000","UNABLE TO DETERMINE","UNABLE TO DETERMINE","1","W","PARKING LOT G ST","1654",,,,,,,"2.0","8","NO INDICATION OF INJURY","0.0","0","0","0","0","2","0","5","5","X001995402",,,
"5f7535debccd648142a1755a151bd1bfea00d436a0501eba419bb9fad2f7a49bf069a6880e98d9b24ca3f6ad76a8f6aa5708dc884e1076fe4afa67f4ccfa26ee",,"2020-09-04T20:00:00.000","30","NO CONTROLS","NO CONTROLS","CLEAR","DAYLIGHT","REAR TO FRONT","PARKING LOT",,"STRAIGHT AND LEVEL","DRY","NO DEFECTS","ON SCENE","NO INJURY / DRIVE AWAY",,,,"OVER $1,500","2020-09-04T20:45:00.000","IMPROPER BACKING","NOT APPLICABLE","1312","E","79TH ST","411",,,,,,,"2","9","NO INDICATION OF INJURY","0","0","0","0","0","2","0","20","6","X002007159","41.7515294184","-87.5924885648","POINT (-87.592488564772 41.751529418409)"
"96f097a1df5e4d951b77e521a71c0d62e2e5ad3571fcda642448249379b79551811c67dfa1591d73f4bf4ececfa26c2b1ed9f3a31ac46975073e3437843f7abb",,"2024-11-22T09:40:00.000","25","TRAFFIC SIGNAL","FUNCTIONING PROPERLY","CLEAR","DAYLIGHT","REAR END","T-INTERSECTION",,"STRAIGHT AND LEVEL","DRY","NO DEFECTS","ON SCENE","NO INJURY / DRIVE AWAY","Y",,,"$500 OR LESS","2024-11-22T10:00:00.000","UNABLE TO DETERMINE","NOT APPLICABLE","764","W","OHARE ST","1654",,,,,,,"2.0","11","NO INDICATION OF INJURY","0.0","0","0","0","0","2","0","9","6","X003634117",,,
"50dd1feeef96c5f9d4883bc065883c87192753466bd84cd27500047276ffb694e9dc5c8be0c6764118513d6ecc741ee7042b693e6eb3435311ea4614a2bf1b7e",,"2024-12-12T09:03:00.000","30","TRAFFIC SIGNAL","FUNCTIONING PROPERLY","CLEAR","DAYLIGHT","ANGLE","NOT DIVIDED",,"STRAIGHT ON HILLCREST","DRY","NO DEFECTS","ON SCENE","NO INJURY / DRIVE AWAY",,,,"$501 - $1,500","2024-12-12T09:17:00.000","VISION OBSCURED (SIGNS, TREE LIMBS, BUILDINGS, ETC.)","NOT APPLICABLE","3201","W","HOWARD ST","2411",,,,,,,"2.0","12","NO INDICATION OF INJURY","0.0","0","0","0","0","2","0","9","5","X003655786",,,
"856df59b1b0f5403717a1793e7a0e4962101faf1b9294c3e055b417799ab51b9c3124323906f18231030b29cd16ab2ca4ebcea6192b8617d7befedbf08a45506",,"2020-09-06T20:27:00.000","30","TRAFFIC SIGNAL","FUNCTIONING PROPERLY","CLEAR","DARKNESS, LIGHTED ROAD","FIXED OBJECT","NOT DIVIDED",,"STRAIGHT AND LEVEL","DRY","NO DEFECTS","ON SCENE","INJURY AND / OR TOW DUE TO CRASH","N",,,"OVER $1,500","2020-09-06T20:27:00.000","OPERATING VEHICLE IN ERRATIC, RECKLESS, CARELESS, NEGLIGENT OR AGGRESSIVE MANNER","NOT APPLICABLE","12655","S","STATE ST","532",,,,,,,"1.0","9","REPORTED, NOT EVIDENT","2.0","0","0","0","2","0","0","20","1","X002008441",,,
"b6798388d0871ab40d039a9098e2dc1f4d085ae6f80f6cf3aed8a5e8a933fce2a7475a269099d6bfa034218c73bc710733a63278c6d99bd1637b8d65584f3135",,"2020-10-08T20:45:00.000","5","NO CONTROLS","FUNCTIONING PROPERLY","CLEAR","DARKNESS, LIGHTED ROAD","REAR TO FRONT","RAMP",,"STRAIGHT AND LEVEL","DRY","NO DEFECTS","ON SCENE","NO INJURY / DRIVE AWAY",,"Y",,"$501 - $1,500","2020-10-08T21:15:00.000","IMPROPER BACKING","UNABLE TO DETERMINE","660","W","OHARE ST","1654",,"Y",,,,,"2.0","10","NO INDICATION OF INJURY","0.0","0","0","0","0","2","0","20","5","X002039706",,,
"067ee1eb74e3e7c828da27e188a7e0c320f8b8ccee1115fe017e1df373b253141a1638da0a36a8b77018d1956c80a0729942f00599ebcbc6965ac79b2462c0c0",,"2020-08-28T17:20:00.000","40","TRAFFIC SIGNAL","FUNCTIONING PROPERLY","CLEAR","DAYLIGHT","REAR END","DIVIDED - W/MEDIAN BARRIER",,"STRAIGHT AND LEVEL","DRY","NO DEFECTS","NOT ON SCENE (DESK REPORT)","INJURY AND / OR TOW DUE TO CRASH","Y",,,"$501 - $1,500","2020-08-28T20:35:00.000","UNABLE TO DETERMINE","UNABLE TO DETERMINE","12700","W","IRVING PARK RD","1654",,,,,,,"2.0","8","REPORTED, NOT EVIDENT","1.0","0","0","0","1","2","0","17","6","X002000339",,,
"fb49dbb8617f8ac3f7aecf87fa07f85d4c5aba4b151e23f3012dfcb8f96fa400c86c2096fb4bbfabecfe15564d826aa8b8730274345b488f7359ba2bee9177c1",,"2020-09-08T09:30:00.000","35","NO CONTROLS","NO CONTROLS","RAIN","DAYLIGHT","SIDESWIPE SAME DIRECTION","OTHER",,"CURVE ON GRADE","WET","NO DEFECTS","ON SCENE","NO INJURY / DRIVE AWAY",,,"Y","$501 - $1,500","2020-09-08T09:40:00.000","IMPROPER OVERTAKING/PASSING","OPERATING VEHICLE IN ERRATIC, RECKLESS, CARELESS, NEGLIGENT OR AGGRESSIVE MANNER","13","W","I190 EXPY","1654",,,,,,,"2.0","9","NO INDICATION OF INJURY","0.0","0","0","0","0","2","0","9","3","X002010902",,,
"650a0d717f87fd4217f3b69c630a17ca369ccdb0cc672be405eb157ebcc4986093a4a60e678b09d02f3d55df041aa5099223770ced77d1f71341999ad588f68d",,"2020-09-07T09:30:00.000","30","TRAFFIC SIGNAL","FUNCTIONING PROPERLY","CLEAR","DAYLIGHT","TURNING","ONE-WAY",,"STRAIGHT AND LEVEL","DRY","NO DEFECTS",,"NO INJURY / DRIVE AWAY","Y",,,"OVER $1,500","2020-09-07T10:35:00.000","UNABLE TO DETERMINE","NOT APPLICABLE","5500","S","WENTWORTH AVE","225",,,,,,,"2.0","9","NO INDICATION OF INJURY","0.0","0","0","0","0","2","0","9","2","X002008888",,,
"5e2a67b7d11860c2fb09ab39a0ca3fbbda883dfaa60bd002bd9082c472d942c222f11caf65c2eb35b6023afceb9f0445ad21f7faf59d8bf320029e4870b0f967",,"2020-09-26T00:01:00.000","30","TRAFFIC SIGNAL","FUNCTIONING PROPERLY","CLEAR","DARKNESS, LIGHTED ROAD","ANGLE","FOUR WAY",,"STRAIGHT AND LEVEL","DRY","NO DEFECTS","ON SCENE","NO INJURY / DRIVE AWAY","Y",,,"$501 - $1,500","2020-09-26T00:01:00.000","OPERATING VEHICLE IN ERRATIC, RECKLESS, CARELESS, NEGLIGENT OR AGGRESSIVE MANNER","OPERATING VEHICLE IN ERRATIC, RECKLESS, CARELESS, NEGLIGENT OR AGGRESSIVE MANNER","6298","S","LAKE SHORE DR","331",,,,,,,"2.0","9","NO INDICATION OF INJURY","0.0","0","0","0","0","2","0","0","7","X002026386",,,
"9ca960d33530ec16c811b398cebf8761002d81d388de931cb31e04ac7954e036c47b49a13d1f8cfe9a7e4d4c93789dc100885b1e90291a9b229196779f180b9d",,"2020-09-16T14:40:00.000","30","TRAFFIC SIGNAL","FUNCTIONING PROPERLY","CLEAR","DAYLIGHT","ANGLE","Y-INTERSECTION",,"STRAIGHT AND LEVEL","DRY","UNKNOWN","ON SCENE","INJURY AND / OR TOW DUE TO CRASH","Y",,,"OVER $1,500","2020-09-16T14:42:00.000","DISREGARDING TRAFFIC SIGNALS","NOT APPLICABLE","2800","N","KIMBALL AVE","1412",,,,,,,"3.0","9","NONINCAPACITATING INJURY","2.0","0","0","2","0","2","0","14","4","X002019214",,,
"a9fdad48c117a586d8c7751b0cbf5015996fec56a09ae8914e05e2c3c51bf0909d7ac05fa8dcf249f47f5e98ab1133bc43a798f2bb529ce2fa0dbbdf1be84469",,"2020-08-18T18:15:00.000","40","TRAFFIC SIGNAL","FUNCTIONING PROPERLY","CLEAR","DAYLIGHT","REAR END","T-INTERSECTION",,"STRAIGHT AND LEVEL","DRY","NO DEFECTS","NOT ON SCENE (DESK REPORT)","NO INJURY / DRIVE AWAY",,,,"OVER $1,500","2020-08-19T17:45:00.000","FOLLOWING TOO CLOSELY","NOT APPLICABLE","12500","W","IRVING PARK RD","1654",,,,,,,"2.0","8","NO INDICATION OF INJURY","0.0","0","0","0","0","2","0","18","3","X001992772",,,
"54311af39648c126311c4f71842882f6e2e336744e751d9b8fe50e733d22e6c82df1cb5fae9394baab8c128425d86102a342b8c9860770f26fd07834797785a2",,"2020-09-21T04:50:00.000","35","TRAFFIC SIGNAL","FUNCTIONING PROPERLY","CLEAR","DARKNESS, LIGHTED ROAD","REAR END","ONE-WAY",,"STRAIGHT AND LEVEL","DRY","NO DEFECTS","ON SCENE","NO INJURY / DRIVE AWAY","Y",,,"OVER $1,500","2020-09-21T04:51:00.000","FOLLOWING TOO CLOSELY","NOT APPLICABLE","170","N","BESSIE COLEMAN DR","1654",,,,,,,"2.0","9","NO INDICATION OF INJURY","0.0","0","0","0","0","2","0","4","2","X002022724",,,
"b99f1038d17b4dfc655024acd44ad7370d6a5a80aaf23a054a1513d750077fac68c7ea13925d1e8205ef917c481deb615973e022149112774224e30888561e7a",,"2020-09-20T07:17:00.000","30","TRAFFIC SIGNAL","FUNCTIONING PROPERLY","CLEAR","DAYLIGHT","TURNING","FOUR WAY",,"STRAIGHT AND LEVEL","DRY","NO DEFECTS","ON SCENE","INJURY AND / OR TOW DUE TO CRASH","Y",,,"OVER $1,500","2020-09-20T07:20:00.000","FAILING TO YIELD RIGHT-OF-WAY","FAILING TO YIELD RIGHT-OF-WAY","11","N","BESSIE COLEMAN DR","1654",,,,,,,"2.0","9","INCAPACITATING INJURY","3.0","0","1","2","0","4","0","7","1","X002022720",,,
"d9becaa7ac08490e95803b49576e3d3dc5bcfab1b1dd03f6b51d0b8c01997ab13d3c6edb298d0a3296909541418e3e9c7c5d9a657b50eab375115cf8a541c9f6","Y","2017-09-17T15:30:00.000","30","NO CONTROLS","NO CONTROLS","CLEAR","DAYLIGHT","PARKED MOTOR VEHICLE","ONE-WAY","1","STRAIGHT AND LEVEL","DRY","NO DEFECTS","NOT ON SCENE (DESK REPORT)","NO INJURY / DRIVE AWAY",,,,"$501 - $1,500","2017-09-17T17:45:00.000","IMPROPER LANE USAGE","UNABLE TO DETERMINE","3947","S","DR MARTIN LUTHER KING JR SD","214",,,,,,,"2.0","9","NO INDICATION OF INJURY","0.0","0","0","0","0","1","0","15","1","X000911022",,,
"fb89e9c06109e1ba374082167867dc66f91d19758053e9499868933e6f64368ba89c5c128f9da2a74df9dc176d243114e1901996eeea78900d345eded390260c",,"2017-09-07T09:17:00.000","30","STOP SIGN/FLASHER","FUNCTIONING PROPERLY","CLEAR","DAYLIGHT","REAR END","DIVIDED - W/MEDIAN (NOT RAISED)","2","STRAIGHT AND LEVEL","DRY","NO DEFECTS","NOT ON SCENE (DESK REPORT)","INJURY AND / OR TOW DUE TO CRASH",,,"N","OVER $1,500","2017-09-07T09:20:00.000","FOLLOWING TOO CLOSELY","NOT APPLICABLE","5710","S","WENTWORTH AVE","232",,,,,,,"2.0","9","NO INDICATION OF INJURY","0.0","0","0","0","0","3","0","9","5","X000901361",,,
"a0e5f0fb5da265c321f773cc0ea1a3569e28e62542eb9bfe5a6f896f9492865f21cd80d0b77c065c142f95eb15afce76760dfd0831fb7e393f8f2fc61de57aab",,"2024-11-25T18:30:00.000","15","NO CONTROLS","NO CONTROLS","CLEAR","DUSK","PARKED MOTOR VEHICLE","OTHER",,"STRAIGHT AND LEVEL","DRY","NO DEFECTS","NOT ON SCENE (DESK REPORT)","NO INJURY / DRIVE AWAY",,,,"OVER $1,500","2024-11-26T12:25:00.000","UNABLE TO DETERMINE","UNABLE TO DETERMINE","10000","W","BALMORAL AVE","1654",,,,,,,"2.0","11","NO INDICATION OF INJURY","0.0","0","0","0","0","1","0","18","2","X003638763",,,
"2ad4f5af190aa9a24c92743d45d3ffbe8042e1c92554d12e3a8122095fec6c9984f9234cc6aae822e6fd214242ce5bbe48f6e9baa196aeb235b0e77d049cecf2",,"2021-02-07T11:20:00.000","30","STOP SIGN/FLASHER","FUNCTIONING PROPERLY","CLEAR","DAYLIGHT","ANGLE","DIVIDED - W/MEDIAN BARRIER",,"STRAIGHT AND LEVEL","DRY","NO DEFECTS","NOT ON SCENE (DESK REPORT)","NO INJURY / DRIVE AWAY",,,"Y","$501 - $1,500","2021-02-07T12:15:00.000","FAILING TO YIELD RIGHT-OF-WAY","NOT APPLICABLE","5500","N","HARLEM AVE","1613",,,,,,,"2.0","2","NO INDICATION OF INJURY","0.0","0","0","0","0","2","0","11","1","X002145854",,,
"c0cad8fc4c359c23194e411b5902061470970fa7625c2024ef658ff85af650e75b3ec961574e319ac4d18560d9fd582fdc15ca4ddc584a2e6486eb1d3c784b6e",,"2020-08-22T03:20:00.000","10","NO CONTROLS","NO CONTROLS","CLEAR","DARKNESS, LIGHTED ROAD","PARKED MOTOR VEHICLE","PARKING LOT",,"STRAIGHT ON GRADE","DRY","NO DEFECTS","ON SCENE","NO INJURY / DRIVE AWAY",,,"Y","$501 - $1,500","2020-08-22T03:30:00.000","UNABLE TO DETERMINE","UNABLE TO DETERMINE","2","W","OHARE ST","1654",,,,,,,"2.0","8","NO INDICATION OF INJURY","0.0","0","0","0","0","1","0","3","7","X001994532",,,
"56d76a93e000fca8d5ba5e7d30145bc415e092b9d45cf0c2ec042161e715ba13de6a588538ec5e7809a00d79d2e1bdcad6a10a4701d7aa25bc279404e0c552ff",,"2020-09-08T16:30:00.000","50","OTHER","FUNCTIONING PROPERLY","RAIN","DAYLIGHT","REAR TO FRONT","DIVIDED - W/MEDIAN BARRIER",,"STRAIGHT AND LEVEL","WET","NO DEFECTS","NOT ON SCENE (DESK REPORT)","NO INJURY / DRIVE AWAY",,,,"$501 - $1,500","2020-09-08T17:20:00.000","UNABLE TO DETERMINE","UNABLE TO DETERMINE","8700","S","CHICAGO SKYWAY OB","412",,,,,,,"2.0","9","NO INDICATION OF INJURY","0.0","0","0","0","0","3","0","16","3","X002010178",,,
"1acc0bb5c76afa02b947bb98f3755b613f12b141b96e6f77fcca49f00281e3bd77557a44662fe65a650384221c18185c84f964a333f7280dbf3c134a57610ffe","Y","2020-09-10T19:30:00.000","25","NO CONTROLS","NO CONTROLS","RAIN","DAYLIGHT","PARKED MOTOR VEHICLE","NOT DIVIDED",,"STRAIGHT AND LEVEL","WET","UNKNOWN","NOT ON SCENE (DESK REPORT)","NO INJURY / DRIVE AWAY",,,"Y","OVER $1,500","2020-09-11T11:30:00.000","UNABLE TO DETERMINE","UNABLE TO DETERMINE","2000","S","LOOMIS ST","1235",,,,,,,"2.0","9","NO INDICATION OF INJURY","0.0","0","0","0","0","1","0","19","5","X002013246","41.8551044266","-87.6613895327","POINT (-87.661389532734 41.855104426563)"
"a6d502cc239c66ffd4a0fadec91d7d20f8d022fc12d64d66737cf3f47431eb8f3bf1c3e4d44e844c47aee0fb74497b193ff581fab6608815589eb18a9b92ca58",,"2020-08-18T09:48:00.000","15","NO CONTROLS","NO CONTROLS","CLEAR","DAYLIGHT","FIXED OBJECT","ALLEY",,"STRAIGHT AND LEVEL","DRY","NO DEFECTS","ON SCENE","NO INJURY / DRIVE AWAY",,,,"OVER $1,500","2020-08-18T10:38:00.000","UNABLE TO DETERMINE","UNABLE TO DETERMINE","7318","S","VINCENNES AVE","731",,,,,,,"1","8","NO INDICATION OF INJURY","0","0","0","0","0","1","0","9","3","X001992296","41.7612602139","-87.6300589479","POINT (-87.630058947853 41.761260213863)"
"6932dfe3b3b56962e00e32bfd1a9d4660dca8b83f1d42ec57cd53409a77e1ef13a00176610d6f544aba08dd8b31041809a845909d841eba31dea0ee3285340d9",,"2017-09-20T05:50:00.000","30","TRAFFIC SIGNAL","FUNCTIONING PROPERLY","CLEAR","DARKNESS, LIGHTED ROAD","TURNING","NOT DIVIDED","0","STRAIGHT AND LEVEL","DRY","NO DEFECTS","ON SCENE","INJURY AND / OR TOW DUE TO CRASH","Y",,,"OVER $1,500","2017-09-20T06:30:00.000","FAILING TO YIELD RIGHT-OF-WAY","FAILING TO REDUCE SPEED TO AVOID CRASH","1198","S","LARAMIE AVE","1522",,,,,,,"2.0","9","NONINCAPACITATING INJURY","1.0","0","0","1","0","1","0","5","4","X000913835",,,
"aa39b6768e17652b4ba36d89f3b0e31a6f9b1620212056ff2a74ee3cb9b9f97e07246bbe5031a265f7df9ad2176f2f81bf89c4e8347dda451461447101a88c72",,"2024-11-27T18:10:00.000","20","NO CONTROLS","NO CONTROLS","CLEAR","DARKNESS, LIGHTED ROAD","TURNING","ONE-WAY",,"STRAIGHT AND LEVEL","DRY","NO DEFECTS","NOT ON SCENE (DESK REPORT)","NO INJURY / DRIVE AWAY",,,,"OVER $1,500","2024-11-28T10:30:00.000","IMPROPER TURNING/NO SIGNAL","NOT APPLICABLE","3","W","TERMINAL ST","1653",,,,,,,"2.0","11","NO INDICATION OF INJURY","0.0","0","0","0","0","2","0","18","4","X003641358",,,
"61e60d70660c7fb98cae9d8034733fd086f40c491c9b97d7deb84541a3c629d859b17e7dc385a4613cf9f7b7b261e3c50da49b532f1480e7f72abe215e989b2c",,"2024-11-25T17:52:00.000","30","STOP SIGN/FLASHER","NO CONTROLS","CLEAR","DARKNESS, LIGHTED ROAD","ANGLE","T-INTERSECTION",,"STRAIGHT AND LEVEL","DRY","NO DEFECTS","ON SCENE","INJURY AND / OR TOW DUE TO CRASH","Y",,,"OVER $1,500","2024-11-25T18:10:00.000","FAILING TO YIELD RIGHT-OF-WAY","FAILING TO YIELD RIGHT-OF-WAY","5599","N","NEVA AVE","1613",,,,,,,"2.0","11","NO INDICATION OF INJURY","0.0","0","0","0","0","5","0","17","2","X003637734",,,
"085c50b4c2408a7c7874f87987ba97eee0ef9f9d820d119913beee4e2f7096a00322a78a13d94fd368d775b6d3f4e8638faa76867e38e8bbb3e447429d4e54b9",,"2024-12-03T07:45:00.000","55","NO CONTROLS","NO CONTROLS","CLEAR","DAYLIGHT","OVERTURNED","RAMP",,"CURVE ON GRADE","DRY","NO DEFECTS","ON SCENE","INJURY AND / OR TOW DUE TO CRASH",,,,"OVER $1,500","2024-12-03T07:53:00.000","FAILING TO REDUCE SPEED TO AVOID CRASH","NOT APPLICABLE","6324","S","CHICAGO SKYWAY IB","312",,,,,,,"1.0","12","NO INDICATION OF INJURY","0.0","0","0","0","0","1","0","7","3","X003645562",,,
"8222612e91b31bb27fdd12d3bdbc9e61617361ef19a03646700750e339b2e7a5baa11a9fbf6bb9436fc35247fa906a98f25eb9ab2b5391f445c067de21a87ccc",,"2024-12-04T10:40:00.000","30","NO CONTROLS","NO CONTROLS","CLEAR","DAYLIGHT","PARKED MOTOR VEHICLE","UNKNOWN",,"STRAIGHT AND LEVEL","DRY","NO DEFECTS","ON SCENE","NO INJURY / DRIVE AWAY",,,"Y","OVER $1,500","2024-12-04T11:00:00.000","UNABLE TO DETERMINE","NOT APPLICABLE","8316","S","COMMERCIAL AVE","424",,,,,,,"2.0","12","NO INDICATION OF INJURY","0.0","0","0","0","0","1","0","10","4","X003646941",,,
"cb1c18d87ff6017a0a934c2e263a37c6972e4ca69815d4abba053aed3f223080d930e1ddf1b7e47a814b94832bbc95e6f72de0343145c98ce8dda7c33906fdb5",,"2024-12-13T09:56:00.000","25","NO CONTROLS","NO CONTROLS","CLEAR","DAYLIGHT","SIDESWIPE SAME DIRECTION","ONE-WAY",,"STRAIGHT AND LEVEL","DRY","NO DEFECTS","ON SCENE","NO INJURY / DRIVE AWAY",,,,"$501 - $1,500","2024-12-13T10:10:00.000","IMPROPER LANE USAGE","FAILING TO YIELD RIGHT-OF-WAY","3","W","TERMINAL ST","1653",,,,,,,"2.0","12","NO INDICATION OF INJURY","0.0","0","0","0","0","2","0","9","6","X003657268",,,
"540b5fa06e50765a19a127198c93b222abf0cdbf7817dc80ada6acab0251529ec665b7fdf432bfdbe95b9e59308d7b947eb7f6abd92db0df1da534a87cb53a6e",,"2024-12-04T07:05:00.000","30","NO CONTROLS","NO CONTROLS","CLEAR","DAYLIGHT","TURNING","OTHER",,"STRAIGHT AND LEVEL","DRY","NO DEFECTS","ON SCENE","NO INJURY / DRIVE AWAY",,,,"OVER $1,500","2024-12-04T07:10:00.000","UNABLE TO DETERMINE","UNABLE TO DETERMINE","3","W","TERMINAL ST","1653",,,,,,,"2.0","12","NO INDICATION OF INJURY","0.0","0","0","0","0","2","0","7","4","X003647352",,,
"232a30587333da8e0ab35e03e6a77477646853840de96352277e2484f846f7a0938556587e2a8098f009e87a335ae31516ae63cb034781785d60a234302f7a33",,"2024-12-07T17:10:00.000","30","TRAFFIC SIGNAL","FUNCTIONING PROPERLY","CLEAR","DARKNESS, LIGHTED ROAD","TURNING","FOUR WAY",,"STRAIGHT AND LEVEL","DRY","NO DEFECTS","ON SCENE","NO INJURY / DRIVE AWAY","Y",,,"$501 - $1,500","2024-12-07T17:20:00.000","FOLLOWING TOO CLOSELY","NOT APPLICABLE","6500","N","MANNHEIM RD","1654",,,,,,,"2.0","12","NO INDICATION OF INJURY","0.0","0","0","0","0","2","0","17","7","X003654173",,,
"bdf018f6a5195fde832c15ccd26ab9f51fa8804154913c07d5367839c68f48e8acce9cdf4df2364d5c9812a85f0d1e86a93f834ca72fb9f973090c916ff272c7",,"2024-12-02T00:30:00.000","15","NO CONTROLS","NO CONTROLS","CLEAR","DARKNESS, LIGHTED ROAD","SIDESWIPE SAME DIRECTION","PARKING LOT",,"STRAIGHT AND LEVEL","DRY","NO DEFECTS","ON SCENE","NO INJURY / DRIVE AWAY",,,,"OVER $1,500","2024-12-02T00:37:00.000","IMPROPER LANE USAGE","UNABLE TO DETERMINE","10020","W","BALMORAL AVE","1654",,,,,,,"2.0","12","NO INDICATION OF INJURY","0.0","0","0","0","0","2","0","0","2","X003643455",,,
"ea7cdc18011e546e44d97bc330243666f1d333b3cdd7e12116322ed0ca3193e5b1a644967f8e004512e8c3db595c96e261aa9cb08ba43c29fbc1d79c06471fd0",,"2024-11-18T18:30:00.000","20","NO CONTROLS","NO CONTROLS","RAIN","DARKNESS, LIGHTED ROAD","SIDESWIPE SAME DIRECTION","OTHER",,"CURVE, LEVEL","WET","NO DEFECTS","ON SCENE","NO INJURY / DRIVE AWAY",,,,"OVER $1,500","2024-11-18T18:39:00.000","DRIVING SKILLS/KNOWLEDGE/EXPERIENCE","FAILING TO YIELD RIGHT-OF-WAY","3","W","TERMINAL ST","1653",,,,,,,"2.0","11","NO INDICATION OF INJURY","0.0","0","0","0","0","2","0","18","2","X003652910",,,
"9b3d170b4a652a9a0c976e76504d08b4cc73251890d60d111372caacee1fda8aa6cb20b888769085692ae8eb56e13e6ce2c246b64ced3eb992e6e29f7843e055",,"2020-08-28T16:50:00.000","25","NO CONTROLS","NOT FUNCTIONING","CLEAR","DAYLIGHT","SIDESWIPE SAME DIRECTION","ONE-WAY",,"STRAIGHT AND LEVEL","DRY","NO DEFECTS","ON SCENE","NO INJURY / DRIVE AWAY",,,,"$501 - $1,500","2020-08-28T16:55:00.000","FAILING TO YIELD RIGHT-OF-WAY","IMPROPER LANE USAGE","2","W","TERMINAL ST","1652",,,,,,,"2.0","8","NO INDICATION OF INJURY","0.0","0","0","0","0","2","0","16","6","X002000728",,,
"45d5d40cb5922a86f4d24811704bac5b971cad57f44632a07b8c5f205451f01ee8b6a7e2bdb30cbe33c2488d77d3a486025b2617f15d181f8b491afeca395f02",,"2020-11-16T12:00:00.000","55","NO CONTROLS","NO CONTROLS","CLEAR","DAYLIGHT","SIDESWIPE SAME DIRECTION","DIVIDED - W/MEDIAN BARRIER",,"STRAIGHT AND LEVEL","DRY","NO DEFECTS","NOT ON SCENE (DESK REPORT)","NO INJURY / DRIVE AWAY",,,,"$501 - $1,500","2020-11-16T13:20:00.000","UNABLE TO DETERMINE","NOT APPLICABLE","10400","S","CHICAGO SKYWAY OB","432",,,,,,,"2.0","11","NO INDICATION OF INJURY","0.0","0","0","0","0","2","0","12","2","X002075608",,,
"4db4e31511d31135757df22fe5d9a8480122a94fd0d9b5398f2cfdaa1c84b32f1dda6828c8587dff43b9d54564c1b3a735233baf4882b294eddf66eba67710f3",,"2020-10-01T11:30:00.000","30","UNKNOWN","NO CONTROLS","CLEAR","DAYLIGHT","REAR END","ONE-WAY",,"STRAIGHT AND LEVEL","DRY","UNKNOWN","ON SCENE","NO INJURY / DRIVE AWAY",,,,"$501 - $1,500","2020-10-01T11:31:00.000","NOT APPLICABLE","NOT APPLICABLE","7828","S","KINGSTON AVE","421",,,,,,,"2","10","NO INDICATION OF INJURY","0","0","0","0","0","2","0","11","5","X002032017","41.7527129245","-87.5627623306","POINT (-87.562762330623 41.75271292448)"
"d21dc0ee959cf8f6477ec76ae0c94c1021962c8ae1993db1d8247c558fa6f269e34f323dd9da7fc14631024f64fb2ab22086300d6e08b1062b222d009c68f554","Y","2020-09-17T11:13:00.000","30","NO CONTROLS","NO CONTROLS","CLEAR","DAYLIGHT","PARKED MOTOR VEHICLE","NOT DIVIDED",,"STRAIGHT AND LEVEL","DRY","NO DEFECTS","NOT ON SCENE (DESK REPORT)","NO INJURY / DRIVE AWAY",,,"Y","$500 OR LESS","2020-09-28T10:47:00.000","UNABLE TO DETERMINE","NOT APPLICABLE","257","N","KOLMAR AVE","1113",,,,,,,"2.0","9","NO INDICATION OF INJURY","0.0","0","0","0","0","1","0","11","5","X002028559",,,
"c7c03c5ce1c9f493e620da7e3ec03f4f258d65bc6fa42bd752ad5b5ddbcb7d413774a23b06eb633185f3a88ba724c38e310938bd4583f551a9d7de7c8855a78f",,"2020-09-29T13:50:00.000","30","TRAFFIC SIGNAL","FUNCTIONING PROPERLY","CLEAR","DAYLIGHT","TURNING","RAMP",,"STRAIGHT AND LEVEL","DRY","NO DEFECTS","NOT ON SCENE (DESK REPORT)","INJURY AND / OR TOW DUE TO CRASH",,,,"$501 - $1,500","2020-09-29T19:00:00.000","FAILING TO YIELD RIGHT-OF-WAY","FAILING TO YIELD RIGHT-OF-WAY","505","S","SACRAMENTO BLVD","1135",,,,,,,"2.0","9","REPORTED, NOT EVIDENT","2.0","0","0","0","2","1","0","13","3","X002029067",,,
"30a876c362e308700cf615c986ba067a58a4d8fd7c435cb3daedf40b6c5641131bba443715683563ed8ed262d2513edd948cfb08fa524dcf3d147843e397a689",,"2024-12-31T14:00:00.000","30","NO CONTROLS","NO CONTROLS","SNOW","DAYLIGHT","SIDESWIPE SAME DIRECTION","ONE-WAY",,"STRAIGHT ON GRADE","WET","NO DEFECTS","ON SCENE","NO INJURY / DRIVE AWAY",,,,"$501 - $1,500","2024-12-31T14:05:00.000","UNABLE TO DETERMINE","WEATHER","1","W","TERMINAL ST","1651",,,,,,,"2.0","12","NO INDICATION OF INJURY","0.0","0","0","0","0","3","0","14","3","X003677696",,,
"ff12bcd9d3d2e0ba3a53182b5341e68d6efaca3ad59f76fee86a6166f2924ad48476faad635ba1bf3ae2c1a1395eae31667ad73f6684ab76249568cbd5992b9e",,"2025-01-15T12:30:00.000","20","NO CONTROLS","NO CONTROLS","CLEAR","DAYLIGHT","PARKED MOTOR VEHICLE","NOT DIVIDED",,"STRAIGHT AND LEVEL","OTHER","NO DEFECTS","ON SCENE","INJURY AND / OR TOW DUE TO CRASH",,,,"$500 OR LESS","2025-01-15T12:36:00.000","DRIVING SKILLS/KNOWLEDGE/EXPERIENCE","DRIVING SKILLS/KNOWLEDGE/EXPERIENCE","502","W","OHARE ST","1653",,,,,,,"2.0","1","NONINCAPACITATING INJURY","3.0","0","0","2","1","0","0","12","4","X003693471",,,
"717547d9810523e2fcdca3ddcbfe9eaab51378b5eacba62c0d6eac0a2ce4b9e54c2ed014441857a55cd1ee264ae10b47c5bea28b901085bf113ea5c95f479f25",,"2024-12-10T04:35:00.000","30","TRAFFIC SIGNAL","FUNCTIONING PROPERLY","CLEAR","DARKNESS, LIGHTED ROAD","REAR END","DIVIDED - W/MEDIAN BARRIER",,"STRAIGHT AND LEVEL","DRY","UNKNOWN","ON SCENE","NO INJURY / DRIVE AWAY",,,,"$500 OR LESS","2024-12-10T04:38:00.000","UNABLE TO DETERMINE","NOT APPLICABLE","173","N","BESSIE COLEMAN DR","1654",,,,,,,"2.0","12","NO INDICATION OF INJURY","0.0","0","0","0","0","2","0","4","3","X003653958",,,
"9e92bff1a90a1e76b5fcf19489db9afa485212189326f535d00249bea5a3be2c4c007668fbe94618f405c0899751ccbba3479370e88e8e75657b1182954539db",,"2024-12-16T16:00:00.000","30","TRAFFIC SIGNAL","FUNCTIONING PROPERLY","CLEAR","DARKNESS, LIGHTED ROAD","REAR END","NOT DIVIDED",,"STRAIGHT AND LEVEL","DRY","NO DEFECTS","NOT ON SCENE (DESK REPORT)","NO INJURY / DRIVE AWAY",,,,"OVER $1,500","2024-12-16T18:35:00.000","FOLLOWING TOO CLOSELY","NOT APPLICABLE","3500","S","ST LOUIS AVE","911",,,,,,,"2.0","12","NO INDICATION OF INJURY","0.0","0","0","0","0","2","0","16","2","X003661054",,,
"204c3ca48ff3cdf0737e7f10b54ef5f8c49fbe30b5e53e53f11755039efb71f965386bae115439bdf7458b55ed9243e8ed673a46843038ef32b79a4a95ba7de6",,"2024-12-04T17:39:00.000","30","UNKNOWN","UNKNOWN","RAIN","DARKNESS, LIGHTED ROAD","TURNING","NOT DIVIDED",,"STRAIGHT AND LEVEL","WET","UNKNOWN","ON SCENE","NO INJURY / DRIVE AWAY",,,,"OVER $1,500","2024-12-04T17:55:00.000","FOLLOWING TOO CLOSELY","FAILING TO YIELD RIGHT-OF-WAY","199","E","BELLEVUE PL","1824",,,,,,,"2.0","12","NO INDICATION OF INJURY","0.0","0","0","0","0","2","0","17","4","X003647555",,,
"aec64a51c7edaef373b70e622fdb404afd8d9607bd2eecf9c7ac66e5ddf3d5f8cd775611fab54080f46b31b3e4b3f10cc5bac091d99c383f8140f9e5274a6088",,"2024-12-04T21:18:00.000","10","NO CONTROLS","NO CONTROLS","CLEAR","DARKNESS, LIGHTED ROAD","PARKED MOTOR VEHICLE","ONE-WAY",,"STRAIGHT AND LEVEL","DRY","NO DEFECTS","NOT ON SCENE (DESK REPORT)","NO INJURY / DRIVE AWAY",,,"Y","$501 - $1,500","2024-12-04T21:30:00.000","NOT APPLICABLE","NOT APPLICABLE","5","W","TERMINAL ST","1655",,,"N",,,,"2.0","12","NO INDICATION OF INJURY","0.0","0","0","0","0","2","0","21","4","X003650424",,,
"de68847775161093b92dd46abc0d8dec5f74fbefa99be7fc6f08275b99ac076022204dbb916c1ab316f1f78690453d433766d6f9178dfb7ad8d803d637978ac6",,"2024-11-26T04:13:00.000","30","NO CONTROLS","NO CONTROLS","CLEAR","DARKNESS, LIGHTED ROAD","OTHER OBJECT","PARKING LOT",,"STRAIGHT AND LEVEL","DRY","NO DEFECTS","ON SCENE","NO INJURY / DRIVE AWAY",,,,"$500 OR LESS","2024-11-26T04:30:00.000","UNABLE TO DETERMINE","UNABLE TO DETERMINE","524","W","OHARE ST","1654",,,,,,,"1.0","11","NO INDICATION OF INJURY","0.0","0","0","0","0","1","0","4","3","X003639345",,,
"a402532cef438b522af49248542dfbd7575aa1d239ebe0ce6eeea730b0f6fde5fec81962cf12c9f09f8bc76e5dcd30f8662d7e700a3c1bd4201ab45e81db3be1",,"2017-09-12T10:10:00.000","5","NO CONTROLS","NO CONTROLS","CLEAR","DAYLIGHT","REAR END","DIVIDED - W/MEDIAN BARRIER","10","STRAIGHT AND LEVEL","DRY","NO DEFECTS","ON SCENE","INJURY AND / OR TOW DUE TO CRASH",,,,"OVER $1,500","2017-09-12T10:10:00.000","FOLLOWING TOO CLOSELY","NOT APPLICABLE","8801","S","CHICAGO SKYWAY IB","423",,,,,,,"2.0","9","NO INDICATION OF INJURY","0.0","0","0","0","0","2","0","10","3","X000906202",,,
"7f4e4b8b96672fdb694cc37df2208922949e34442b82918e279306d0e87106d925a2dc05d14e0a330318dddeca77c116e443a046b2167e92524f695b01737a89",,"2024-12-11T07:31:00.000","35","OTHER WARNING SIGN","FUNCTIONING PROPERLY","CLOUDY/OVERCAST","DAYLIGHT","SIDESWIPE SAME DIRECTION","DIVIDED - W/MEDIAN BARRIER",,"CURVE, LEVEL","DRY","NO DEFECTS","ON SCENE","NO INJURY / DRIVE AWAY",,,,"OVER $1,500","2024-12-11T07:32:00.000","IMPROPER LANE USAGE","UNABLE TO DETERMINE","8801","S","CHICAGO SKYWAY IB","423",,,,,,,"2.0","12","NO INDICATION OF INJURY","0.0","0","0","0","0","2","0","7","4","X003654825",,,
"75a9766e0a8a7657e0f218ba8f3070fb00d08d67df7e159f18773ad7a6bd2d75e9739d13d26b7824feeb72dd6006f818f261350ede6f3e1efa298e95abf41c54",,"2017-09-09T14:24:00.000","30","TRAFFIC SIGNAL","FUNCTIONING PROPERLY","CLEAR","DAYLIGHT","TURNING","OTHER",,"CURVE ON GRADE","DRY","NO DEFECTS","NOT ON SCENE (DESK REPORT)","INJURY AND / OR TOW DUE TO CRASH","Y",,,"$501 - $1,500","2017-09-09T14:26:00.000","FAILING TO YIELD RIGHT-OF-WAY","DRIVING SKILLS/KNOWLEDGE/EXPERIENCE","1732","N","LA SALLE DR","1814",,,,,,,"2.0","9","INCAPACITATING INJURY","1.0","0","1","0","0","3","0","14","7","X000903396",,,
"3a14f1d082ec505b497d6f6a709e07a17b2fe5745867d6f383440ee10423065506935cc0d0c577845de0ab7ca9bf6a91cf2243af81ef618ec84757e8c213abb4",,"2020-09-25T23:46:00.000","30","TRAFFIC SIGNAL","FUNCTIONING PROPERLY","CLEAR","DARKNESS, LIGHTED ROAD","FIXED OBJECT","FOUR WAY",,"STRAIGHT AND LEVEL","DRY","NO DEFECTS","ON SCENE","INJURY AND / OR TOW DUE TO CRASH","Y",,,"OVER $1,500","2020-09-25T23:46:00.000","OPERATING VEHICLE IN ERRATIC, RECKLESS, CARELESS, NEGLIGENT OR AGGRESSIVE MANNER","OPERATING VEHICLE IN ERRATIC, RECKLESS, CARELESS, NEGLIGENT OR AGGRESSIVE MANNER","6298","S","LAKE SHORE DR","331",,,,,,,"1.0","9","INCAPACITATING INJURY","2.0","0","2","0","0","0","0","23","6","X002025926",,,
"b3f4940c16d430e8c44066fc02f58036b1b649ba153547c419048220984f13a0caf67f66ac7fc899c872d2244fa293b59ba8308db2ae44f0a2acd9079fd5bdd9",,"2020-09-25T23:20:00.000","40","TRAFFIC SIGNAL","FUNCTIONING PROPERLY","CLEAR","DARKNESS, LIGHTED ROAD","TURNING","T-INTERSECTION",,"STRAIGHT AND LEVEL","DRY","UNKNOWN","ON SCENE","NO INJURY / DRIVE AWAY","Y",,"Y","OVER $1,500","2020-09-25T23:26:00.000","DISREGARDING TRAFFIC SIGNALS","NOT APPLICABLE","2","W","CITY TOWER ST","1654",,"N",,,,,"2.0","9","NO INDICATION OF INJURY","0.0","0","0","0","0","2","0","23","6","X002025824",,,
"1645862886f909302f065d2d117af06e3a614d92ab5547fda2d9654b658449a81d9aab9c8b4eb06a6348453803ace86c8513a40d8db35ef1cef2a049eadebec1",,"2020-10-07T06:00:00.000","25","NO CONTROLS","NO CONTROLS","CLEAR","DAYLIGHT","FIXED OBJECT","PARKING LOT",,"STRAIGHT AND LEVEL","DRY","NO DEFECTS","NOT ON SCENE (DESK REPORT)","NO INJURY / DRIVE AWAY",,,,"OVER $1,500","2020-10-09T05:05:00.000","FOLLOWING TOO CLOSELY","DRIVING SKILLS/KNOWLEDGE/EXPERIENCE","93","N","BESSIE COLEMAN DR","1654",,,,,,,"1.0","10","NO INDICATION OF INJURY","0.0","0","0","0","0","1","0","6","4","X002038489",,,
"c1469e24ebe29a9800e34b292c7e22a48b5a7a8417d9e3f159b479022b0eff4feb6b3aedcebc935b6dae31f2c6afce522cdb9c58134cbb3ede1ec076c95b3bcc",,"2020-10-16T14:45:00.000","30","TRAFFIC SIGNAL","FUNCTIONING PROPERLY","CLEAR","DAYLIGHT","TURNING","DIVIDED - W/MEDIAN (NOT RAISED)",,"STRAIGHT AND LEVEL","DRY","NO DEFECTS","NOT ON SCENE (DESK REPORT)","NO INJURY / DRIVE AWAY","Y",,,"$501 - $1,500","2020-10-16T16:00:00.000","UNABLE TO DETERMINE","NOT APPLICABLE","342","N","LOWER COLUMBUS DR","114",,,,,,,"2.0","10","NO INDICATION OF INJURY","0.0","0","0","0","0","2","0","14","6","X002045214",,,
"c790106494e4468bb6f62dfad8d06d593470c3628badf5784c4b6685b3da84b9e73a61792047dbd8b171cd25212b1b630628411c5f1b71994e2c9d3248eced9a",,"2020-10-24T22:56:00.000","30","UNKNOWN","UNKNOWN","UNKNOWN","DARKNESS, LIGHTED ROAD","TURNING","T-INTERSECTION",,"STRAIGHT AND LEVEL","UNKNOWN","UNKNOWN","NOT ON SCENE (DESK REPORT)","NO INJURY / DRIVE AWAY","Y",,"Y","$501 - $1,500","2020-10-24T23:45:00.000","UNABLE TO DETERMINE","NOT APPLICABLE","1756","S","CENTRAL PARK AVE","1014",,,,,,,"2.0","10","NO INDICATION OF INJURY","0.0","0","0","0","0","2","0","22","7",,,,
"4f29a43ccb973d0daff6d0468f1bd6730b57426451fd3790c2d25084070062f3ddcafe818c98a3c548856e931d2b575859d7ca3764ddf90139c830732d69d9bd",,"2020-10-13T16:00:00.000","45","NO CONTROLS","NO CONTROLS","CLEAR","DAYLIGHT","TURNING","DIVIDED - W/MEDIAN BARRIER",,"STRAIGHT AND LEVEL","DRY","NO DEFECTS","ON SCENE","NO INJURY / DRIVE AWAY",,,,"$501 - $1,500","2020-10-13T16:05:00.000","IMPROPER LANE USAGE","NOT APPLICABLE","4331","N","MANNHEIM RD","1654",,,,,,,"2.0","10","NO INDICATION OF INJURY","0.0","0","0","0","0","2","0","16","3","X002042585",,,
"ebae672487a87765f0d3b2ff240bc826c674ab754b70130690b5a90e2b2edb09b16a28cd37a184b36421867f04263dabac3d927c6e4eb4f31a6966d29ff9ce34",,"2020-09-25T23:10:00.000","30","NO CONTROLS","NO CONTROLS","CLEAR","DARKNESS, LIGHTED ROAD","SIDESWIPE SAME DIRECTION","NOT DIVIDED",,"STRAIGHT AND LEVEL","UNKNOWN","UNKNOWN","NOT ON SCENE (DESK REPORT)","NO INJURY / DRIVE AWAY",,,,"OVER $1,500","2020-09-26T00:30:00.000","FAILING TO YIELD RIGHT-OF-WAY","IMPROPER OVERTAKING/PASSING","1933","S","CANAL ST","1235",,,,,,,"3.0","9","NO INDICATION OF INJURY","0.0","0","0","0","0","4","0","23","6","X002025885",,,
"8995fac8cfd06b348e9181f93cea27d19e84e6c37c9a3acc4a3a80d7d17d70425827f06b1d99a200c657e06f06ce1e2c9feff5fa228c7803ac26e2832f610e57",,"2020-11-07T05:15:00.000","35","TRAFFIC SIGNAL","FUNCTIONING PROPERLY","CLEAR","DAWN","REAR END","NOT DIVIDED",,"STRAIGHT AND LEVEL","DRY","NO DEFECTS","ON SCENE","NO INJURY / DRIVE AWAY",,,,"$501 - $1,500","2020-11-07T05:23:00.000","NOT APPLICABLE","NOT APPLICABLE","13000","S","STONY ISLAND AVE","434",,,,,,,"2.0","11","NO INDICATION OF INJURY","0.0","0","0","0","0","2","0","5","7","X002065726",,,
"0440b926d966e9048ad939d73a2cf3cdcea53ce9f1eb0268dc095f5aafb9cffdb617a2cddf6aadce17726f0eba3f941e4a90a7990cc265f5469f3c0ddc819706",,"2024-12-01T01:37:00.000","45","NO CONTROLS","NO CONTROLS","CLEAR","DARKNESS, LIGHTED ROAD","FIXED OBJECT","OTHER",,"STRAIGHT AND LEVEL","DRY","NO DEFECTS","ON SCENE","INJURY AND / OR TOW DUE TO CRASH",,,,"OVER $1,500","2024-12-01T02:06:00.000","IMPROPER OVERTAKING/PASSING","IMPROPER LANE USAGE","9900","S","CHICAGO SKYWAY OB","432",,,,,,,"1.0","12","NO INDICATION OF INJURY","0.0","0","0","0","0","2","0","1","1","X003643501",,,
"d4a6c7caa798582eb4f4c28fcfd340b9dd5c1bb15c2377bdda3e1c160b27b0895c9033efc0b56aaaa2084f82911975d62f9ff89ca412bd38af49b1395d643750",,"2024-12-11T17:40:00.000","30","TRAFFIC SIGNAL","FUNCTIONING PROPERLY","CLEAR","DARKNESS, LIGHTED ROAD","TURNING","DIVIDED - W/MEDIAN BARRIER",,"STRAIGHT AND LEVEL","DRY","NO DEFECTS","NOT ON SCENE (DESK REPORT)","NO INJURY / DRIVE AWAY",,,"Y","OVER $1,500","2024-12-11T17:58:00.000","IMPROPER TURNING/NO SIGNAL","NOT APPLICABLE","1798","S","KEDZIE AVE","1022",,,,,,,"2.0","12","NO INDICATION OF INJURY","0.0","0","0","0","0","2","0","17","4","X003655296",,,
"d117ce008e9e2cd8205bdd65e577e24afa6b86a5fb112bd04647f430b74a05228f1fceb48aad08ea23a63e840f16d8c950279e6e39bb18f364f32c4bd3e005c6",,"2024-11-28T12:43:00.000","25","FLASHING CONTROL SIGNAL","FUNCTIONING PROPERLY","CLEAR","DAYLIGHT","REAR END","T-INTERSECTION",,"STRAIGHT AND LEVEL","DRY","NO DEFECTS","ON SCENE","INJURY AND / OR TOW DUE TO CRASH","Y",,,"OVER $1,500","2024-11-28T13:00:00.000","IMPROPER LANE USAGE","FOLLOWING TOO CLOSELY","3","W","OHARE ST","1654",,,,,,,"3.0","11","REPORTED, NOT EVIDENT","1.0","0","0","0","1","2","0","12","5","X003641357",,,
"2fda7629b45cc11be25988913bbd2a2d834e319a59ff3bafbc234fb9090c34b0e254a732b56cdb3d177440bcc4556e801da4f2b9bc83e7555bff68c5fc96218c",,"2024-12-18T20:30:00.000","30","NO CONTROLS","NO CONTROLS","CLEAR","DARKNESS, LIGHTED ROAD","REAR END","DIVIDED - W/MEDIAN (NOT RAISED)",,"STRAIGHT AND LEVEL","DRY","NO DEFECTS",,"NO INJURY / DRIVE AWAY",,,,"OVER $1,500","2024-12-18T21:30:00.000","UNABLE TO DETERMINE","NOT APPLICABLE","4660","S","LA SALLE ST","215",,,,,,,"2.0","12","NO INDICATION OF INJURY","0.0","0","0","0","0","2","0","20","4","X003663915",,,
"ee7f13ba4959343fe2ed6e8d5378ecdc06fe3ab8e538b29913e4966618b3eba152e34ca78f74131aea1a17025ffb96252f1fafe04f092122effb63a50b55b5d6",,"2024-12-13T10:12:00.000","30","STOP SIGN/FLASHER","FUNCTIONING PROPERLY","CLEAR","DAYLIGHT","TURNING","NOT DIVIDED",,"STRAIGHT AND LEVEL","DRY","NO DEFECTS","ON SCENE","INJURY AND / OR TOW DUE TO CRASH",,,,"OVER $1,500","2024-12-13T10:12:00.000","UNABLE TO DETERMINE","NOT APPLICABLE","895","W","OHARE ST","1654",,,,,,,"2.0","12","NO INDICATION OF INJURY","0.0","0","0","0","0","2","0","10","6","X003658174",,,
"c7c6c95acf7954cb6a8b41c44ff8510a4f1373f52bf01a4436379f76bf69cd43b976490a6525612d551b26191ca22b0bbf399098155ae4d0c201c610e5dd4172",,"2024-12-10T19:50:00.000","30","STOP SIGN/FLASHER","FUNCTIONING PROPERLY","CLEAR","DARKNESS, LIGHTED ROAD","TURNING","DIVIDED - W/MEDIAN (NOT RAISED)",,"STRAIGHT AND LEVEL","DRY","NO DEFECTS","ON SCENE","INJURY AND / OR TOW DUE TO CRASH",,,,"$501 - $1,500","2024-12-10T20:53:00.000","NOT APPLICABLE","NOT APPLICABLE","2812","N","KIMBALL AVE","1412",,,,,,,"2.0","12","NO INDICATION OF INJURY","0.0","0","0","0","0","2","0","19","3","X003654228",,,
"5f0c2b4d32435f5bc53f225297348cfa22cf9ea1d1a14b82867088375ebe54df10f6e3e4ca46ebc08cba6acb41915c4237bb6f5ec47e5aecb53308ae116990c5",,"2024-11-22T19:20:00.000","35","NO CONTROLS","NO CONTROLS","CLEAR","DARKNESS, LIGHTED ROAD","REAR END","DIVIDED - W/MEDIAN BARRIER",,"STRAIGHT AND LEVEL","DRY","NO DEFECTS","ON SCENE","NO INJURY / DRIVE AWAY",,,,"OVER $1,500","2024-11-22T19:33:00.000","FOLLOWING TOO CLOSELY","NOT APPLICABLE","102","W","I190 EXPY","1654",,,,,,,"2.0","11","NO INDICATION OF INJURY","0.0","0","0","0","0","2","0","19","6","X003635297",,,
"991590d1212b3d848fa4a675030eb825eea5e764179988fcdd45f32efe968280d0add39b343e879a7e5740be75caf80c59e55a556775c87d4ef5a8b3e52b688e",,"2024-12-11T17:25:00.000","25","NO CONTROLS","NO CONTROLS","CLEAR","DARKNESS, LIGHTED ROAD","SIDESWIPE SAME DIRECTION","PARKING LOT",,"STRAIGHT AND LEVEL","DRY","NO DEFECTS","NOT ON SCENE (DESK REPORT)","NO INJURY / DRIVE AWAY",,,,"$501 - $1,500","2024-12-11T18:00:00.000","IMPROPER LANE USAGE","FAILING TO YIELD RIGHT-OF-WAY","10200","W","BALMORAL AVE","1654",,,,,,,"2.0","12","NO INDICATION OF INJURY","0.0","0","0","0","0","2","0","17","4","X003655221",,,
"4ecf2ece17c15d1dd082e60d1f84d846d67a66716c54da011a12cfca0acec1935efd8b2b3a5dfbfee0e64e9c5bc9c80911879364526d4fb04a74dbe02324b9c1",,"2017-09-12T21:15:00.000","25","STOP SIGN/FLASHER","FUNCTIONING PROPERLY","CLEAR","DARKNESS, LIGHTED ROAD","SIDESWIPE SAME DIRECTION","ONE-WAY","3","STRAIGHT AND LEVEL","DRY","NO DEFECTS","NOT ON SCENE (DESK REPORT)","NO INJURY / DRIVE AWAY",,,,"$501 - $1,500","2017-09-16T05:15:00.000","EXCEEDING SAFE SPEED FOR CONDITIONS","FAILING TO REDUCE SPEED TO AVOID CRASH","1","W","TERMINAL ST","1651",,,,,,,"2.0","9","NO INDICATION OF INJURY","0.0","0","0","0","0","2","0","21","3","X000909902",,,
"ef3bec32ff3e7f66277a9c8835da0a5f39646117bbedcf4bcc0b7819a18c90c10e1d536c21f2a43aa8d0bd01d5a738ee29632b5d6d46dd20240c2ab59e1ff9ef",,"2024-12-14T09:52:00.000","40","NO CONTROLS","NO CONTROLS","CLEAR","DAYLIGHT","PARKED MOTOR VEHICLE","NOT DIVIDED",,"STRAIGHT AND LEVEL","DRY","NO DEFECTS","ON SCENE","NO INJURY / DRIVE AWAY",,,"Y","$500 OR LESS","2024-12-14T10:15:00.000","UNABLE TO DETERMINE","NOT APPLICABLE","13000","S","BRAINARD AVE","433",,,,,,,"2.0","12","NO INDICATION OF INJURY","0.0","0","0","0","0","1","0","9","7","X003658238",,,
"0c2f8ddc39715fd8faf1a32ac5564ac7a8b0b9c3d1bd1b75f026c68fd4bdad1003862a642c211516b882f1eac65d0f000b2f2ce0de0802ed2f9b4ec1d42a34cf",,"2024-12-11T01:00:00.000","10","NO CONTROLS","NO CONTROLS","CLEAR","DARKNESS, LIGHTED ROAD","REAR TO SIDE","PARKING LOT",,"STRAIGHT AND LEVEL","DRY","NO DEFECTS","ON SCENE","NO INJURY / DRIVE AWAY",,,,"OVER $1,500","2024-12-11T01:00:00.000","UNABLE TO DETERMINE","UNABLE TO DETERMINE","502","W","OHARE ST","1653",,,,"N",,,"2.0","12","NO INDICATION OF INJURY","0.0","0","0","0","0","2","0","1","4","X003654291",,,
"37a215843a67b9d2118972242e0ab68232583ffe20401f100ee4de7b8087481f8094ebd7ad6468417477c1b82dec3081b52b429cad17b9954f1ac390e4b5d705",,"2020-10-18T15:58:00.000","35","NO CONTROLS","NO CONTROLS","RAIN","DAYLIGHT","FIXED OBJECT","DIVIDED - W/MEDIAN BARRIER",,"CURVE, LEVEL","WET","NO DEFECTS","ON SCENE","INJURY AND / OR TOW DUE TO CRASH",,,,"OVER $1,500","2020-10-18T16:22:00.000","WEATHER","NOT APPLICABLE","3499","E","89TH ST","424",,,,,,,"1.0","10","NO INDICATION OF INJURY","0.0","0","0","0","0","1","0","15","1","X002046552",,,
"e21dd607119aeaeb76348a95bfd868af12180a368bb6320f0fc39f84f0ade0da5a976ed2041807ec9e74bceeccc2b705d9d59d54849e4e0d5b57db7ff60841f0",,"2020-10-25T16:07:00.000","30","NO CONTROLS","NO CONTROLS","CLEAR","DAYLIGHT","TURNING","NOT DIVIDED",,"STRAIGHT AND LEVEL","DRY","NO DEFECTS",,"NO INJURY / DRIVE AWAY",,,,"$501 - $1,500","2020-10-25T16:44:00.000","NOT APPLICABLE","NOT APPLICABLE","5149","S","ARCHER AVE","815",,,,,,,"2","10","NO INDICATION OF INJURY","0","0","0","0","0","3","0","16","1","X002053064","41.8002871214","-87.7318520907","POINT (-87.731852090742 41.800287121413)"
"9265129261ac2cabfd7563c22f3220408affac29a690e059f54c96c913bd31da6872950fa7604e62ef0646c4d856a76b47c2c5684fe8b706d562b685f6e0bb62",,"2020-10-17T10:20:00.000","15","NO CONTROLS","NO CONTROLS","CLEAR","DAYLIGHT","PARKED MOTOR VEHICLE","ALLEY",,"STRAIGHT AND LEVEL","DRY","NO DEFECTS","ON SCENE","NO INJURY / DRIVE AWAY",,,,"OVER $1,500","2020-10-17T10:30:00.000","UNABLE TO DETERMINE","UNABLE TO DETERMINE","1835","S","MAY ST","1235",,,,,,,"2","10","NO INDICATION OF INJURY","0","0","0","0","0","1","0","10","7","X002045672","41.8568930658","-87.6546733266","POINT (-87.654673326553 41.856893065757)"
"c3bc69e35882de452b0d395a5c8f54f468e35945c21212b07d787bc56ef9158dd61d9b94cc3069670022c0c70a46d7e496ea2ac08df2d868a4eb22f299b9e033",,"2020-10-08T15:00:00.000","10","NO CONTROLS","FUNCTIONING PROPERLY","CLEAR","DAYLIGHT","PARKED MOTOR VEHICLE","PARKING LOT",,"STRAIGHT AND LEVEL","DRY","NO DEFECTS","ON SCENE","NO INJURY / DRIVE AWAY",,,"Y","$500 OR LESS","2020-10-08T15:00:00.000","UNABLE TO DETERMINE","UNABLE TO DETERMINE","1","W","PARKING LOT A ST","1654",,"Y",,,,,"2.0","10","NO INDICATION OF INJURY","0.0","0","0","0","0","1","0","15","5","X002038088",,,
"cf61b55eef26e82ec7a7befbe052a226e9df9301304c79e2f3aae5b115d18e5d1baa5cd5c167970d0fc453cc059a1b8f02f9f82b1060a7a7a505f5da5295bdfb",,"2020-10-01T21:22:00.000","15","NO CONTROLS","NO CONTROLS","CLEAR","DARKNESS, LIGHTED ROAD","PARKED MOTOR VEHICLE","ONE-WAY",,"STRAIGHT AND LEVEL","DRY","NO DEFECTS","ON SCENE","NO INJURY / DRIVE AWAY",,,,"$500 OR LESS","2020-10-01T21:23:00.000","IMPROPER OVERTAKING/PASSING","NOT APPLICABLE","412","W","OHARE ST","1654",,"Y",,,,,"2.0","10","NO INDICATION OF INJURY","0.0","0","0","0","0","1","0","21","5","X002032925",,,
"8d7cf36fe38d670f3e80e63d14317ba36d5b708c1fb5d6cbe7a2d6849332d62311ab6cbdd1a0d692f1dd40e3455725824096f8ce40d8da01773d9057054176f8",,"2020-10-07T13:55:00.000","45","NO CONTROLS","NO CONTROLS","CLEAR","DAYLIGHT","FIXED OBJECT","DIVIDED - W/MEDIAN BARRIER",,"STRAIGHT ON GRADE","DRY","NO DEFECTS","ON SCENE","INJURY AND / OR TOW DUE TO CRASH",,,"N","OVER $1,500","2020-10-07T13:57:00.000","UNABLE TO DETERMINE","UNABLE TO DETERMINE","6700","S","CHICAGO SKYWAY OB","322",,,,,,,"1.0","10","NO INDICATION OF INJURY","0.0","0","0","0","0","1","0","13","4","X002037126",,,
"130bacb4ecff1625e8cb92c310cbf52edd35a8eff7d45ea0aca3e278e3fa6386462b144961317b6cb02e4ac2d2543b9f3ea8d53aa98b8ac929adb3f19ff7138f",,"2024-11-27T05:55:00.000","15","NO CONTROLS","NO CONTROLS","CLEAR","DARKNESS, LIGHTED ROAD","REAR TO FRONT","PARKING LOT",,"STRAIGHT AND LEVEL","UNKNOWN","NO DEFECTS",,"NO INJURY / DRIVE AWAY",,,,"OVER $1,500","2024-11-30T11:45:00.000","VISION OBSCURED (SIGNS, TREE LIMBS, BUILDINGS, ETC.)","UNABLE TO DETERMINE","537","W","OHARE ST","1654",,,,,,,"2.0","11","NO INDICATION OF INJURY","0.0","0","0","0","0","2","0","5","4","X003642212",,,
"fa9db9b9c04592c6b5375828087977a54b433b1f41269c4f72787db69f08ea93c4811d3d73f673fe637dc243dace5163d1c794d498447ffeedc0cef39bc094a2",,"2024-11-20T21:30:00.000","5","NO CONTROLS","NO CONTROLS","RAIN","DARKNESS, LIGHTED ROAD","REAR END","ONE-WAY",,"STRAIGHT AND LEVEL","WET","NO DEFECTS","NOT ON SCENE (DESK REPORT)","NO INJURY / DRIVE AWAY",,,,"OVER $1,500","2024-11-21T21:30:00.000","FOLLOWING TOO CLOSELY","UNABLE TO DETERMINE","10000","W","BALMORAL AVE","1654",,,,,,,"2.0","11","NO INDICATION OF INJURY","0.0","0","0","0","0","2","0","21","4","X003633521",,,
"d96aa33496e7ffb6e7898320807c83acaa209874e0e1886f919c01fae13caafd69401c3500081d6217d2fc82ba8abf7b5a21668c93480e8655cbf949e9b70755",,"2024-12-14T19:10:00.000","10","TRAFFIC SIGNAL","FUNCTIONING PROPERLY","RAIN","DARKNESS, LIGHTED ROAD","TURNING","FOUR WAY",,"STRAIGHT AND LEVEL","WET","NO DEFECTS","ON SCENE","INJURY AND / OR TOW DUE TO CRASH","Y",,,"OVER $1,500","2024-12-14T19:15:00.000","FAILING TO YIELD RIGHT-OF-WAY","DRIVING SKILLS/KNOWLEDGE/EXPERIENCE","10200","W","BALMORAL AVE","1654",,,,,,,"2.0","12","NONINCAPACITATING INJURY","1.0","0","0","1","0","1","0","19","7","X003658681",,,
"d0389fff12256d2f0c3be36977aaea96ac6b94ae7cad3681ce3986c0a7dfcba8caf20c567760881e6d010d980e658195470b6649a3baf68827192f78fbc3d097",,"2024-12-12T20:00:00.000","30","NO CONTROLS","NO CONTROLS","CLEAR","DARKNESS, LIGHTED ROAD","SIDESWIPE SAME DIRECTION","ONE-WAY",,"STRAIGHT AND LEVEL","DRY","NO DEFECTS","ON SCENE","NO INJURY / DRIVE AWAY",,,,"OVER $1,500","2024-12-12T20:05:00.000","UNABLE TO DETERMINE","NOT APPLICABLE","2","W","TERMINAL ST","1652",,,,,,,"2.0","12","NO INDICATION OF INJURY","0.0","0","0","0","0","2","0","20","5","X003658477",,,
"1abae95d18129ed38dd533183ef30c7665efeea773e3a94ba5750ab24cf1169f007c8257ccfd09ab0c8d142d07869d6e1101e97a08c164472bab3496c3dfbd63",,"2024-12-01T19:00:00.000","20","NO CONTROLS","NO CONTROLS","CLEAR","DARKNESS, LIGHTED ROAD","SIDESWIPE OPPOSITE DIRECTION","ONE-WAY",,"STRAIGHT AND LEVEL","DRY","NO DEFECTS","NOT ON SCENE (DESK REPORT)","NO INJURY / DRIVE AWAY",,,,"$501 - $1,500","2024-12-01T23:15:00.000","IMPROPER BACKING","NOT APPLICABLE","10000","W","BALMORAL AVE","1654",,,,,,,"2.0","12","NO INDICATION OF INJURY","0.0","0","0","0","0","2","0","19","1","X003649929",,,
"2e97435c17786a05506c3c97d65a692438e2f52897920380338143c7148c75299597647572c0c89d47ca9ea370b4af9ab4451522b242b13f7c814f0d6fa039fb",,"2024-12-10T00:38:00.000","30","NO CONTROLS","NO CONTROLS","CLEAR","DARKNESS, LIGHTED ROAD","SIDESWIPE SAME DIRECTION","ONE-WAY",,"STRAIGHT AND LEVEL","DRY","UNKNOWN","ON SCENE","NO INJURY / DRIVE AWAY",,,,"OVER $1,500","2024-12-10T00:38:00.000","UNABLE TO DETERMINE","NOT APPLICABLE","3","W","TERMINAL ST","1653",,,,,,,"2.0","12","NO INDICATION OF INJURY","0.0","0","0","0","0","2","0","0","3","X003653032",,,
"b1ab33395258964df0aa97c8f9518497f5574e9bceff674a015cffec208963ba1729b8e8ff084c45e637ffacfbc582003c3ca44868a92c3cd18288175fc3c7f0",,"2024-12-03T06:13:00.000","20","NO CONTROLS","NO CONTROLS","CLEAR","DARKNESS, LIGHTED ROAD","SIDESWIPE SAME DIRECTION","ONE-WAY",,"STRAIGHT AND LEVEL","DRY","NO DEFECTS","ON SCENE","NO INJURY / DRIVE AWAY",,,,"OVER $1,500","2024-12-03T06:13:00.000","UNABLE TO DETERMINE","NOT APPLICABLE","3","W","TERMINAL ST","1653",,"Y",,,,,"2.0","12","NO INDICATION OF INJURY","0.0","0","0","0","0","3","0","6","3","X003645410",,,
"3b5cf33bbe5ff261204e5bc9db6ad6f7fe244e5fb4cea76ca4efa98981a5abc8571fc9037057e5044c8ef36d96558ed35e04b29b581ec462bedb8934b1266084",,"2024-11-27T20:10:00.000","25","TRAFFIC SIGNAL","FUNCTIONING PROPERLY","CLEAR","DARKNESS, LIGHTED ROAD","TURNING","NOT DIVIDED",,"STRAIGHT AND LEVEL","DRY","NO DEFECTS","NOT ON SCENE (DESK REPORT)","INJURY AND / OR TOW DUE TO CRASH","Y",,,"OVER $1,500","2024-11-28T12:20:00.000","FOLLOWING TOO CLOSELY","FAILING TO YIELD RIGHT-OF-WAY","530","N","COLUMBUS DR","1834",,,,,,,"2.0","11","NO INDICATION OF INJURY","0.0","0","0","0","0","2","0","20","4","X003640761",,,
"59a9d094ef891873e5d209f5976c5bdaa177c64d64cc5589a01de3c3914e5d5fb42fafb261d0edc9815a013d6dc7791511c8abadfae08465305f4d669cdcb7fd",,"2024-11-17T19:15:00.000","25","NO CONTROLS","NO CONTROLS","RAIN","DARKNESS, LIGHTED ROAD","SIDESWIPE SAME DIRECTION","OTHER",,"STRAIGHT AND LEVEL","WET","NO DEFECTS",,"INJURY AND / OR TOW DUE TO CRASH",,,,"OVER $1,500","2024-11-17T19:19:00.000","FAILING TO YIELD RIGHT-OF-WAY","DRIVING SKILLS/KNOWLEDGE/EXPERIENCE","162","N","BESSIE COLEMAN DR","1654",,,,,,,"2.0","11","NONINCAPACITATING INJURY","2.0","0","0","2","0","2","0","19","1","X003628814",,,
"bdd4bdc52568cbd030adde8017d983396b64c1f8fb418d0f9c075ae4a98bd6d2642231e2bb44a476a3eac3b483b44263ad740425fd0fe5abc249c689d4c2a217",,"2024-11-23T12:35:00.000","35","NO CONTROLS","NO CONTROLS","CLOUDY/OVERCAST","DAYLIGHT","SIDESWIPE SAME DIRECTION","ONE-WAY",,"STRAIGHT AND LEVEL","DRY","NO DEFECTS","ON SCENE","NO INJURY / DRIVE AWAY",,,,"OVER $1,500","2024-11-23T12:40:00.000","UNABLE TO DETERMINE","NOT APPLICABLE","5","W","TERMINAL ST","1655",,,,,,,"2.0","11","NO INDICATION OF INJURY","0.0","0","0","0","0","5","0","12","7","X003635298",,,
"fd609579d2195cab7170914d1bcf3ff2af7a6b29d8e8503e9b447eea88510ed4d7d229b5cdc3147e928a3e0824888eeb5765381b037e05e797ec434b40ba449f",,"2017-09-02T18:45:00.000","30","TRAFFIC SIGNAL","UNKNOWN","UNKNOWN","DUSK","PEDESTRIAN","NOT DIVIDED","4","STRAIGHT AND LEVEL","WET","NO DEFECTS","ON SCENE","INJURY AND / OR TOW DUE TO CRASH","Y",,,"$500 OR LESS","2017-09-02T18:45:00.000","FAILING TO YIELD RIGHT-OF-WAY","NOT APPLICABLE","530","N","COLUMBUS DR","1834",,,,,,,"2.0","9","NONINCAPACITATING INJURY","1.0","0","0","1","0","1","0","18","7","X000897198",,,
"d9fcabf5dfc55101544d680560bb2437c308e66c208836fe83ddb9df4ee8cdd8df581771310e2d42a7afcae34aa283ca560340c3eddb756682e933e42975d104",,"2024-12-26T12:01:00.000","20","NO CONTROLS","NO CONTROLS","RAIN","DAYLIGHT","PARKED MOTOR VEHICLE","OTHER",,"CURVE, LEVEL","WET","NO DEFECTS","ON SCENE","INJURY AND / OR TOW DUE TO CRASH",,,,"OVER $1,500","2024-12-26T12:10:00.000","NOT APPLICABLE","NOT APPLICABLE","2","W","TERMINAL ST","1652",,,,,,,"2.0","12","REPORTED, NOT EVIDENT","1.0","0","0","0","1","1","0","12","5","X003672448",,,
"6d82edcc08a272223309392385f85e456e9d9d2051e0ef5b74d85b9f59f9640e80a5f62c6273eba89c818233194311fc2f95fb665a45e8cc013950194b864fc2",,"2024-11-28T03:10:00.000","55","NO CONTROLS","NO CONTROLS","CLEAR","DARKNESS, LIGHTED ROAD","REAR END","DIVIDED - W/MEDIAN BARRIER",,"STRAIGHT ON GRADE","DRY","WORN SURFACE","ON SCENE","NO INJURY / DRIVE AWAY",,,,"OVER $1,500","2024-11-28T03:15:00.000","FOLLOWING TOO CLOSELY","NOT APPLICABLE","7900","S","CHICAGO SKYWAY OB","411",,,,,,,"2.0","11","NO INDICATION OF INJURY","0.0","0","0","0","0","2","0","3","5","X003655654",,,
"d75a2fa9a948f49782f03d5fac8dd5bd3ad1d6fcdf0d07c19bdb47c1f27309aed60c8a68b730a002aa0d54b25fbdbeb972b45e807cd79c1cac0eb604f1cd3708",,"2020-10-07T17:00:00.000","20","TRAFFIC SIGNAL","FUNCTIONING PROPERLY","CLEAR","DAYLIGHT","FIXED OBJECT","T-INTERSECTION",,"STRAIGHT AND LEVEL","DRY","NO DEFECTS","ON SCENE","INJURY AND / OR TOW DUE TO CRASH","Y",,,"OVER $1,500","2020-10-07T17:05:00.000","FAILING TO REDUCE SPEED TO AVOID CRASH","DRIVING SKILLS/KNOWLEDGE/EXPERIENCE","830","W","OHARE ST","1654",,,,,,,"1.0","10","NO INDICATION OF INJURY","0.0","0","0","0","0","1","0","17","4","X002037014",,,
"cbcf28bf619dc0a7389308dd3bf0b8d688d99e81a817c551a944e4383c86001114abc997f1e18f207cc0d76212289feb262a5597490d0496643cf4f46ea52447",,"2020-09-18T21:30:00.000","5","NO CONTROLS","NO CONTROLS","CLEAR","DAWN","ANGLE","PARKING LOT",,"STRAIGHT AND LEVEL","DRY","NO DEFECTS","NOT ON SCENE (DESK REPORT)","NO INJURY / DRIVE AWAY",,,,"OVER $1,500","2020-09-18T23:00:00.000","IMPROPER BACKING","PHYSICAL CONDITION OF DRIVER","340","S","CALIFORNIA AVE","1124",,,,,,,"2.0","9","NO INDICATION OF INJURY","0.0","0","0","0","0","2","0","21","6","X002019720","41.8761456488","-87.6963038487","POINT (-87.69630384866 41.876145648792)"
"1126825908ca72618ed9e34e5b247fdabd6be4b7637e74f9fc069134ab8e75273782e0d5b6d0f5d89bda5856baa2e5721c508b5eb407374b2468c79a843b5507",,"2020-10-03T23:18:00.000","30","TRAFFIC SIGNAL","FUNCTIONING PROPERLY","RAIN","DARKNESS, LIGHTED ROAD","TURNING","DIVIDED - W/MEDIAN (NOT RAISED)",,"STRAIGHT AND LEVEL","WET","NO DEFECTS","NOT ON SCENE (DESK REPORT)","NO INJURY / DRIVE AWAY","Y",,,"OVER $1,500","2020-10-05T16:20:00.000","UNABLE TO DETERMINE","NOT APPLICABLE","801","S","AUSTIN BLVD","1513",,,,,,,"2.0","10","NO INDICATION OF INJURY","0.0","0","0","0","0","2","0","23","7","X002034962",,,
"072e444ef64a73c803b06ef439eb269b47b74cfc056f5890ec55e078dc8be834423cbf14ad4130cf88d022d9f083b3213b40d90a4dd85025227e560dcb1b76d8",,"2020-09-29T06:48:00.000","10","OTHER","FUNCTIONING PROPERLY","CLEAR","DAYLIGHT","SIDESWIPE SAME DIRECTION","DIVIDED - W/MEDIAN BARRIER",,"CURVE, LEVEL","DRY","NO DEFECTS","ON SCENE","NO INJURY / DRIVE AWAY",,"Y","Y","OVER $1,500","2020-09-29T06:49:00.000","IMPROPER LANE USAGE","IMPROPER OVERTAKING/PASSING","8801","S","CHICAGO SKYWAY IB","423",,,,,,,"2.0","9","NO INDICATION OF INJURY","0.0","0","0","0","0","2","0","6","3","X002030285",,,
"a0c55a8a0097805aab58f1fd39c8c3413b62039660173b30d8794422e1dc5fff60554a573ddae428c18111d29d4c178e1c39c0ab7caefec2657c3a2a53ea59fd",,"2020-10-01T21:00:00.000","30","UNKNOWN","UNKNOWN","UNKNOWN","UNKNOWN","ANGLE","OTHER",,"CURVE, LEVEL","UNKNOWN","UNKNOWN",,"NO INJURY / DRIVE AWAY",,,,"$501 - $1,500","2020-10-01T23:05:00.000","UNABLE TO DETERMINE","NOT APPLICABLE","4900","S","WESTERN AVE","923",,,,,,,"2","10","NO INDICATION OF INJURY","0","0","0","0","0","4","0","21","5","X002031625","41.804641245","-87.6845169054","POINT (-87.684516905411 41.804641245012)"
"c4e56d649addd660b82495faa35cc8f747369ced741229f7b8d3b15634004a2953043a46443f7997437a06af03e291886426d887ffaf7648fa951361bd8e489c",,"2020-10-24T12:55:00.000","15","NO CONTROLS","NO CONTROLS","CLEAR","DAYLIGHT","PARKED MOTOR VEHICLE","OTHER",,"STRAIGHT AND LEVEL","DRY","NO DEFECTS","ON SCENE","INJURY AND / OR TOW DUE TO CRASH",,,,"OVER $1,500","2020-10-24T13:00:00.000","UNABLE TO DETERMINE","NOT APPLICABLE","524","W","OHARE ST","1654",,,,,,,"3.0","10","NONINCAPACITATING INJURY","1.0","0","0","1","0","0","0","12","7","X002055594",,,
"cbf883c6a97eca5cf143274786b7ada002adca0c153e523614eca6a3e68f9b9975ac6f29346953e3bcd86f69f9a8a08e13d2eb07dc8de2ed0eb441f182f28f70",,"2020-09-21T23:45:00.000","45","NO CONTROLS","NO CONTROLS","CLEAR","DARKNESS, LIGHTED ROAD","OTHER OBJECT","DIVIDED - W/MEDIAN BARRIER",,"STRAIGHT ON GRADE","DRY","NO DEFECTS","ON SCENE","INJURY AND / OR TOW DUE TO CRASH",,,,"OVER $1,500","2020-09-21T23:50:00.000","OPERATING VEHICLE IN ERRATIC, RECKLESS, CARELESS, NEGLIGENT OR AGGRESSIVE MANNER","NOT APPLICABLE","3000","S","DAN RYAN XPRS OB","914",,,,,,,"1.0","9","NO INDICATION OF INJURY","0.0","0","0","0","0","1","0","23","2","X002023801",,,
"1bea4388587e9c7925385fc6adcba5273b044ff52b12f24a7ecb8172634fc909228fc038ac59d022f79d3c79de3b437d76152e8bbb3928343f017cd1c4fad9f7",,"2020-09-25T19:07:00.000","10","OTHER","FUNCTIONING PROPERLY","CLEAR","DARKNESS, LIGHTED ROAD","REAR TO FRONT","DIVIDED - W/MEDIAN BARRIER",,"STRAIGHT AND LEVEL","DRY","NO DEFECTS","NOT ON SCENE (DESK REPORT)","NO INJURY / DRIVE AWAY",,,,"$501 - $1,500","2020-10-09T16:25:00.000","IMPROPER BACKING","NOT APPLICABLE","8800","S","CHICAGO SKYWAY OB","412",,,,,,,"2.0","9","NO INDICATION OF INJURY","0.0","0","0","0","0","2","0","19","6","X002039105",,,
"9856403af76a2bdd65e5f7e7b7b6704149161eb4e6a35ebe484803c13c87335ed9e4ef87db8b68298d832d9072ff128f5de986994ae7f43a13e263a32f89653c",,"2020-10-01T17:35:00.000","20","NO CONTROLS","OTHER","RAIN","DUSK","SIDESWIPE SAME DIRECTION","L-INTERSECTION",,"CURVE ON GRADE","WET","NO DEFECTS","ON SCENE","NO INJURY / DRIVE AWAY","Y",,,"OVER $1,500","2020-10-01T17:40:00.000","FAILING TO REDUCE SPEED TO AVOID CRASH","FAILING TO REDUCE SPEED TO AVOID CRASH","3","W","TERMINAL ST","1653",,,,,,,"2.0","10","NO INDICATION OF INJURY","0.0","0","0","0","0","4","0","17","5","X002032305",,,
"21afb9af8808b99eb48015bbd0843ffdbd49636f265445b98a5da54e563a8837e03cc13812cf52a7e15d52c87d6675a52a8a323ab9d806b086b49e7063959ea0","N","2020-11-11T11:30:00.000","20","NO CONTROLS","NO CONTROLS","CLEAR","DAWN","PARKED MOTOR VEHICLE","PARKING LOT",,"STRAIGHT AND LEVEL","DRY","NO DEFECTS","ON SCENE","NO INJURY / DRIVE AWAY",,,"Y","OVER $1,500","2020-11-11T11:30:00.000","FOLLOWING TOO CLOSELY","DRIVING SKILLS/KNOWLEDGE/EXPERIENCE","1","W","PARKING LOT C ST","1654",,,,,,,"2.0","11","NO INDICATION OF INJURY","0.0","0","0","0","0","1","0","11","4","X002069938",,,
"d7ab4e5278984dbb10635b5889c401ba6b250ddce99592f8bc4d755e2d230d6767bb6e4d70a4ccfcd0d81ccdf3c465563f111cf7de732b4bd4ee71b7e9323752","Y","2020-09-23T13:34:00.000","30","NO CONTROLS","NO CONTROLS","CLEAR","DAYLIGHT","FIXED OBJECT","ONE-WAY",,"STRAIGHT AND LEVEL","DRY","NO DEFECTS",,"INJURY AND / OR TOW DUE TO CRASH",,,,"OVER $1,500","2020-09-23T13:34:00.000","NOT APPLICABLE","NOT APPLICABLE","7801","S","STATE ST","623",,"N",,,,,"1","9","FATAL","1","1","0","0","0","0","0","13","4","X002023802","41.7527284389","-87.6244577724","POINT (-87.624457772388 41.752728438859)"
"54b0fe4f9b50e5d13e1ccaeee829ceeb5c57f8f4acf6a6444c2e9158dc8a32ac280754778fdc3ae37d0ff849926d426bc2c0bb9dce5ac898270ae6114276031f",,"2020-09-26T12:15:00.000","30","NO CONTROLS","NO CONTROLS","CLEAR","DAYLIGHT","FIXED OBJECT","PARKING LOT",,"STRAIGHT ON GRADE","DRY","NO DEFECTS","ON SCENE","NO INJURY / DRIVE AWAY",,"Y",,"$500 OR LESS","2020-09-26T12:30:00.000","NOT APPLICABLE","NOT APPLICABLE","5130","S","LAKE PARK AVE","234",,,,,,,"1","9",,,,,,,,,"12","7","X002026209","41.8014565525","-87.5877418622","POINT (-87.587741862156 41.801456552461)"
"60cb968e7a5af0252b2956b24de201ee06ac56286544260cc135899c6ae2356053b84747f2fb542b370a7d48af47d16bfaf3e2596b9183450f512a2a390409f3",,"2020-10-29T15:30:00.000","30","TRAFFIC SIGNAL","FUNCTIONING PROPERLY","CLEAR","DAYLIGHT","REAR END","DIVIDED - W/MEDIAN BARRIER",,"STRAIGHT AND LEVEL","DRY","NO DEFECTS","NOT ON SCENE (DESK REPORT)","NO INJURY / DRIVE AWAY",,,,"$500 OR LESS","2020-10-31T13:50:00.000","FOLLOWING TOO CLOSELY","UNABLE TO DETERMINE","616","W","OHARE ST","1654",,,,,,,"2.0","10","NO INDICATION OF INJURY","0.0","0","0","0","0","2","0","15","5","X002058876",,,
"2697d6b861b14ea70b5fb654c6f051cb58d0bcaadbc25bd1a2648761d19647f46c1c4aacd75e81bec6f4595c3b85ca519c9986a49ca563f927522907e5015085",,"2020-10-06T17:35:00.000","20","NO CONTROLS","NO CONTROLS","CLEAR","DAYLIGHT","PARKED MOTOR VEHICLE","OTHER",,"CURVE, LEVEL","DRY","NO DEFECTS","ON SCENE","NO INJURY / DRIVE AWAY",,,"Y","OVER $1,500","2020-10-06T17:40:00.000","IMPROPER OVERTAKING/PASSING","FAILING TO YIELD RIGHT-OF-WAY","1","W","TERMINAL ST","1651",,,,,,,"3.0","10","NO INDICATION OF INJURY","0.0","0","0","0","0","5","0","17","3","X002037724",,,
"76dd85b2f39a116a8138f54dd9154c01897d6020448995ece84781ed9983e87b6e838a5fb00a849043586e94040ddf5bc9603b5a0648eca203977bd52fb34f98",,"2020-10-26T02:30:00.000","40","NO CONTROLS","NO CONTROLS","CLEAR","DARKNESS, LIGHTED ROAD","FIXED OBJECT","RAMP",,"CURVE ON GRADE","WET","NO DEFECTS","ON SCENE","INJURY AND / OR TOW DUE TO CRASH",,,,"OVER $1,500","2020-10-26T02:45:00.000","FAILING TO REDUCE SPEED TO AVOID CRASH","UNDER THE INFLUENCE OF ALCOHOL/DRUGS (USE WHEN ARREST IS EFFECTED)","6400","S","CHICAGO SKYWAY IB","312",,,,,,,"1.0","10","NO INDICATION OF INJURY","0.0","0","0","0","0","1","0","2","2","X002053559",,,
"cb75ef2dcdad4a092cd2c1a40193ae4b0863b4c4edee6ff33a2a5c56845c775dc7271290f35ece98c0f15735a9c61f3aa089795c9aab836d308e601518786350",,"2020-10-27T07:30:00.000","30","NO CONTROLS","NO CONTROLS","SNOW","DAYLIGHT","REAR END","NOT DIVIDED",,"STRAIGHT ON HILLCREST","WET","NO DEFECTS","NOT ON SCENE (DESK REPORT)","NO INJURY / DRIVE AWAY",,,,"$501 - $1,500","2020-10-27T07:45:00.000","UNABLE TO DETERMINE","UNABLE TO DETERMINE","9000","W","BELMONT AVE","1631",,,,,,,"2.0","10","NO INDICATION OF INJURY","0.0","0","0","0","0","2","0","7","3","X002056182",,,
"2ecf90797ba97bc8de6f17b9cfa41a06027f184a3ca0ed0f911911dc8f54d3f8805eb885cacdf17b9e6ee4e3757348a296e31ae26c05d26c7fe5f6f9629a9b4c",,"2020-09-18T19:44:00.000","20","NO CONTROLS","NO CONTROLS","CLEAR","DARKNESS, LIGHTED ROAD","SIDESWIPE SAME DIRECTION","ONE-WAY",,"STRAIGHT AND LEVEL","DRY","NO DEFECTS","ON SCENE","NO INJURY / DRIVE AWAY",,,"Y","$501 - $1,500","2020-09-18T19:57:00.000","IMPROPER LANE USAGE","UNABLE TO DETERMINE","3","W","TERMINAL ST","1653",,,,,,,"2.0","9","NO INDICATION OF INJURY","0.0","0","0","0","0","3","0","19","6","X002022576",,,
"2d6dc7e022a2752e811aba0a07c67599e265322e42b7f50d91651c002e7f83ff4758ede332b7bd7e0905968aa5246bfcfdd4f752188afb38b97f05d68bf1ac2c",,"2020-10-14T17:20:00.000","45","NO CONTROLS","NO CONTROLS","CLEAR","DUSK","REAR END","DIVIDED - W/MEDIAN BARRIER",,"STRAIGHT AND LEVEL","DRY","NO DEFECTS","ON SCENE","INJURY AND / OR TOW DUE TO CRASH",,,,"OVER $1,500","2020-10-14T17:24:00.000","VISION OBSCURED (SIGNS, TREE LIMBS, BUILDINGS, ETC.)","FAILING TO REDUCE SPEED TO AVOID CRASH","10400","S","CHICAGO SKYWAY OB","432",,,,,,,"2.0","10","REPORTED, NOT EVIDENT","2.0","0","0","0","2","4","0","17","4","X002045090",,,
"2c39c9d7aad4c842deb657d2d37c5c87cf485fa11b45ea954e0ab4f48104cc93ad2775a578793abec483a1070495efcf2525d1f01b79640d2ad4c7aba64f1a98",,"2020-09-10T14:40:00.000","30","TRAFFIC SIGNAL","FUNCTIONING PROPERLY","CLEAR","DAYLIGHT","REAR END","NOT DIVIDED",,"STRAIGHT AND LEVEL","DRY","NO DEFECTS","NOT ON SCENE (DESK REPORT)","NO INJURY / DRIVE AWAY",,,,"OVER $1,500","2020-09-16T07:54:00.000","FOLLOWING TOO CLOSELY","NOT APPLICABLE","699","W","CONGRESS PKWY","124",,,,,,,"2.0","9","NO INDICATION OF INJURY","0.0","0","0","0","0","2","0","14","5","X002017192",,,
"922552511304f6afcf348c4edea8d987e34906a375952b29c0d0f3f92193d3112d52c36ec81c935dc9d7a25ce7dc4b6c0a41576bc3a406ae3935f3aac4ff376e",,"2020-10-04T16:55:00.000","30","TRAFFIC SIGNAL","FUNCTIONING PROPERLY","CLEAR","DAYLIGHT","ANGLE","FOUR WAY",,"STRAIGHT AND LEVEL","DRY","UNKNOWN","ON SCENE","INJURY AND / OR TOW DUE TO CRASH",,,,"OVER $1,500","2020-10-04T16:56:00.000","DISTRACTION - FROM INSIDE VEHICLE","FAILING TO REDUCE SPEED TO AVOID CRASH","8900","S","COLFAX AVE","423",,,,,,,"2.0","10","NO INDICATION OF INJURY","0.0","0","0","0","0","2","0","16","1","X002036112",,,
"3ff541462ce58c295150941949695d547e3be808c01f606334dd3d4ad38ad7bade1bb503e65e6d637cecbe0ab22f5a4b0cd91c613e1f0602c645c00556823b61","Y","2020-09-25T15:30:00.000","25","UNKNOWN","UNKNOWN","CLEAR","DAYLIGHT","HEAD ON","NOT DIVIDED",,"STRAIGHT AND LEVEL","DRY","UNKNOWN","ON SCENE","INJURY AND / OR TOW DUE TO CRASH",,,,"OVER $1,500","2020-09-25T18:50:00.000","NOT APPLICABLE","NOT APPLICABLE","10401","S","DOTY AVE E","434",,,,,,,"2","9","NONINCAPACITATING INJURY","1","0","0","1","0","1","0","15","6","X002025755","41.705705738","-87.58631682","POINT (-87.586316820015 41.705705737973)"
"6208477a81370dd60be0e42e3a3cba5df9bae29904b72df4cc1e444c81cacb6dbcde24ded92ea129a5ec20c4d6d6f8e9ca9ef4dfeb068cee6f42ceb92c4d7d04",,"2020-10-11T20:40:00.000","35","NO CONTROLS","NO CONTROLS","CLEAR","DARKNESS, LIGHTED ROAD","SIDESWIPE SAME DIRECTION","ONE-WAY",,"STRAIGHT AND LEVEL","DRY","UNKNOWN","NOT ON SCENE (DESK REPORT)","NO INJURY / DRIVE AWAY",,,,"OVER $1,500","2020-10-11T21:00:00.000","UNABLE TO DETERMINE","UNABLE TO DETERMINE","6324","S","CHICAGO SKYWAY IB","312",,,,,,,"2.0","10","NO INDICATION OF INJURY","0.0","0","0","0","0","2","0","20","1","X002041612",,,
"7c737ebb30b80988b0095ab0a6266a093f61855ea4e13f3de667319f52b1db5442dca9b80ac2bb55635fefaeb4d588a075326b9e7d892ff16ba5a40549fdd340",,"2020-10-06T10:14:00.000","35","OTHER WARNING SIGN","FUNCTIONING PROPERLY","CLEAR","DAYLIGHT","SIDESWIPE SAME DIRECTION","DIVIDED - W/MEDIAN BARRIER",,"CURVE, LEVEL","DRY","NO DEFECTS","ON SCENE","NO INJURY / DRIVE AWAY",,"Y",,"OVER $1,500","2020-10-06T10:15:00.000","IMPROPER LANE USAGE","FAILING TO YIELD RIGHT-OF-WAY","8800","S","CHICAGO SKYWAY OB","412",,,,,,,"2.0","10","NO INDICATION OF INJURY","0.0","0","0","0","0","3","0","10","3","X002038326",,,
"15c07a20b233c5af07eb176e4f067af632c29c21c58b5a6e5fdabe2de9f621a957b91e2d938fed0aba6cc3c87c28b744b9969b244ed496b90e6f3ffdff00d08d",,"2020-10-13T21:30:00.000","25","NO CONTROLS","NO CONTROLS","CLEAR","DARKNESS, LIGHTED ROAD","FIXED OBJECT","NOT DIVIDED",,"STRAIGHT AND LEVEL","DRY","NO DEFECTS","NOT ON SCENE (DESK REPORT)","NO INJURY / DRIVE AWAY",,,,"$500 OR LESS","2020-10-13T21:30:00.000","IMPROPER TURNING/NO SIGNAL","DRIVING SKILLS/KNOWLEDGE/EXPERIENCE","3","W","TERMINAL ST","1653",,,,,,,"1.0","10","NO INDICATION OF INJURY","0.0","0","0","0","0","1","0","21","3","X002056407",,,
"f41baa1c734027fc2aef5742ca08451ac7b9b1f8299b33bb430b003de0081da6ba970ccfb73d973e7486740c9cc5749ccdd1c33abfd75b7bade26faa4d2e164a",,"2020-09-17T16:57:00.000","15","FLASHING CONTROL SIGNAL","FUNCTIONING PROPERLY","CLEAR","DAYLIGHT","REAR END","DIVIDED - W/MEDIAN BARRIER",,"STRAIGHT AND LEVEL","DRY","NO DEFECTS","ON SCENE","NO INJURY / DRIVE AWAY",,,,"$501 - $1,500","2020-09-17T17:02:00.000","FOLLOWING TOO CLOSELY","UNABLE TO DETERMINE","8800","S","CHICAGO SKYWAY OB","412",,,,,,,"2.0","9","NO INDICATION OF INJURY","0.0","0","0","0","0","2","0","16","5","X002020891",,,
"2181fadf7656cb137818f93533759c922212318b6e136626d41919875ede60ffcf129a966234390076440a7f93c87dd968245e7f3c9443eacb362862ab1eb9e8",,"2020-09-27T19:10:00.000","25","NO CONTROLS","NO CONTROLS","CLEAR","DARKNESS, LIGHTED ROAD","SIDESWIPE SAME DIRECTION","ONE-WAY",,"STRAIGHT AND LEVEL","DRY","NO DEFECTS","ON SCENE","NO INJURY / DRIVE AWAY",,,"Y","$500 OR LESS","2020-09-27T19:15:00.000","DRIVING SKILLS/KNOWLEDGE/EXPERIENCE","NOT APPLICABLE","5","W","TERMINAL ST","1655",,,,,,,"2.0","9","NO INDICATION OF INJURY","0.0","0","0","0","0","2","0","19","1","X002028198",,,
"c19844ced6ab998523dbc2a5cc674e688d0b196012ae79995579f1ae1f65483d26e1a388c1d596bac9869bce6719f0c58f3c24df06a439b3969f5778169f9f8c",,"2020-10-01T15:45:00.000","30","UNKNOWN","UNKNOWN","CLEAR","DAYLIGHT","ANGLE","FOUR WAY",,"STRAIGHT AND LEVEL","DRY","UNKNOWN","ON SCENE","INJURY AND / OR TOW DUE TO CRASH","Y",,,"OVER $1,500","2020-10-01T15:51:00.000","NOT APPLICABLE","NOT APPLICABLE","3400","W","OGDEN AVE","1021",,,,,,,"2","10","NONINCAPACITATING INJURY","2","0","0","2","0","2","0","15","5","X002031405","41.8563505381","-87.7103752492","POINT (-87.710375249191 41.856350538058)"
"d4bf599433277236b5ac14e79d54c65232337ebf331b232141cd4c5e65e8d4282c08d9026c3b9ad24f574ff14b4ce6219af8c622512caf89b0b4208f339d7ce9",,"2020-10-29T14:00:00.000","30","NO CONTROLS","NO CONTROLS","OTHER","DAYLIGHT","PARKED MOTOR VEHICLE","NOT DIVIDED",,"STRAIGHT AND LEVEL","DRY","NO DEFECTS","NOT ON SCENE (DESK REPORT)","NO INJURY / DRIVE AWAY",,,,"$501 - $1,500","2020-10-29T14:10:00.000","UNABLE TO DETERMINE","NOT APPLICABLE","1729","S","THROOP ST","1233",,,,,,,"2.0","10","NO INDICATION OF INJURY","0.0","0","0","0","0","2","0","14","5","X002057357",,,
"dc2914aae3e7c5574c08befacea4336111cbb3ec9151376b3111037889e14ff15d9bd87749e985fbfabe1360b99a85956759781c3d7bce2fad50fca7e4f939bb",,"2020-10-26T14:30:00.000","30","TRAFFIC SIGNAL","FUNCTIONING PROPERLY","CLEAR","DAYLIGHT","TURNING","NOT DIVIDED",,"STRAIGHT AND LEVEL","WET","NO DEFECTS","NOT ON SCENE (DESK REPORT)","NO INJURY / DRIVE AWAY","Y",,,"OVER $1,500","2020-10-29T14:00:00.000","FAILING TO YIELD RIGHT-OF-WAY","NOT APPLICABLE","1599","E","47TH DR","222",,,,,,,"2.0","10","NO INDICATION OF INJURY","0.0","0","0","0","0","3","0","14","2","X002057252",,,
"825cc35374e526167c2548aa5c0097269c1e49bbd3fd65651ec33ee4cc50ca2c4143a9d90047161eed3ad59a6b346975a40c1af536009d001ec8bfc070d1fd29",,"2020-12-03T23:37:00.000","30","NO CONTROLS","NO CONTROLS","CLEAR","DARKNESS, LIGHTED ROAD","TURNING","NOT DIVIDED",,"STRAIGHT AND LEVEL","DRY","NO DEFECTS","ON SCENE","INJURY AND / OR TOW DUE TO CRASH",,,,"$501 - $1,500","2020-12-03T23:40:00.000","IMPROPER TURNING/NO SIGNAL","FAILING TO YIELD RIGHT-OF-WAY","9504","S","BEVERLY AVE","2213",,,,,,,"2.0","12","NONINCAPACITATING INJURY","1.0","0","0","1","0","2","0","23","5","X002090594",,,
"7935136cc85619d4b763ae14423cf7ec3348f43cdfe4ed350d8286a4d03ce47ba3f841169daa67c7a65dc497c53d4ced44b921bccaf133b9164b64e9ec1b0caf",,"2020-11-23T20:25:00.000","30","TRAFFIC SIGNAL","FUNCTIONING PROPERLY","CLEAR","DARKNESS","TURNING","NOT DIVIDED",,"STRAIGHT AND LEVEL","DRY","NO DEFECTS","NOT ON SCENE (DESK REPORT)","INJURY AND / OR TOW DUE TO CRASH","Y",,"Y","OVER $1,500","2020-11-24T08:40:00.000","UNABLE TO DETERMINE","NOT APPLICABLE","12699","S","STATE ST","532",,,,,,,"2.0","11","NONINCAPACITATING INJURY","1.0","0","0","1","0","1","0","20","2","X002082552",,,
"8a85936e54ec605b9b2dff13e52202d871a5d7b084489aaf53a7caadd7c07afbe92b331957f672e46417d00c9dcdf94386bebc895cd190912c33ee5e9a9732e3",,"2020-12-21T21:00:00.000","15","NO CONTROLS","NO CONTROLS","CLEAR","DARKNESS, LIGHTED ROAD","REAR TO FRONT","PARKING LOT",,"STRAIGHT AND LEVEL","DRY","NO DEFECTS","ON SCENE","NO INJURY / DRIVE AWAY",,,,"OVER $1,500","2020-12-21T21:03:00.000","IMPROPER BACKING","UNABLE TO DETERMINE","1","W","PARKING LOT D ST","1654",,,,,,,"2.0","12","NO INDICATION OF INJURY","0.0","0","0","0","0","2","0","21","2","X002104070",,,
"1d63370bbae72bff5ddf196b32495dd05c4c12693a0b79b3fae5bdec1b95425f3395d9e4777e72059a5c6b9e89c5b1067cadd59066f6c84c3d1b478433763ab3",,"2024-12-18T15:31:00.000","30","TRAFFIC SIGNAL","NO CONTROLS","CLEAR","DAYLIGHT","PEDALCYCLIST","Y-INTERSECTION",,"STRAIGHT AND LEVEL","DRY","NO DEFECTS","ON SCENE","NO INJURY / DRIVE AWAY","Y",,,"$501 - $1,500","2024-12-18T15:44:00.000","UNABLE TO DETERMINE","NOT APPLICABLE","799","W","26TH ST","914",,,,,,,"2.0","12","NO INDICATION OF INJURY","0.0","0","0","0","0","2","0","15","4","X003663747",,,
"87c30f2a6e72d211864fd57cf50a348dd003130461658d871857a560f3f034c216b5950b8a59b5d51cbf601b72d9e6db9a3bd1b926650fc2bf56a0769b36072f",,"2024-12-12T10:58:00.000","30","TRAFFIC SIGNAL","FUNCTIONING PROPERLY","CLEAR","DARKNESS","TURNING","T-INTERSECTION",,"STRAIGHT AND LEVEL","DRY","NO DEFECTS","NOT ON SCENE (DESK REPORT)","NO INJURY / DRIVE AWAY",,,,"OVER $1,500","2024-12-12T14:40:00.000","UNABLE TO DETERMINE","DRIVING SKILLS/KNOWLEDGE/EXPERIENCE","5502","S","WENTWORTH AVE","225",,,,,,,"2.0","12","NO INDICATION OF INJURY","0.0","0","0","0","0","2","0","10","5","X003656278",,,
"7af7d69341afff3c2baf26092a33307a9a692d56f45d4158a0ef22e32f85226f0732e732bf36a8d0464ed50cd387953909a07e8539543c8ad4588db5af086f33",,"2024-12-06T10:04:00.000","30","TRAFFIC SIGNAL","FUNCTIONING PROPERLY","CLEAR","DAYLIGHT","SIDESWIPE SAME DIRECTION","ONE-WAY",,"STRAIGHT AND LEVEL","DRY","UNKNOWN","ON SCENE","NO INJURY / DRIVE AWAY",,,,"$500 OR LESS","2024-12-06T10:13:00.000","IMPROPER OVERTAKING/PASSING","IMPROPER OVERTAKING/PASSING","4691","S","WELLS ST","925",,,,,,,"2.0","12","NO INDICATION OF INJURY","0.0","0","0","0","0","2","0","10","6","X003649849",,,
"172248cf8f264f95d395e4f8a0028e0d1ad2397e52223971ce4b040b44e07ea4f3a67ee4b5c9ec02608ebec6bb3c7aee9b8d292828c070e3a16b02fe8a197f1e",,"2024-12-19T07:09:00.000","15","NO CONTROLS","NO CONTROLS","CLEAR","DAYLIGHT","TURNING","PARKING LOT",,"STRAIGHT AND LEVEL","DRY","NO DEFECTS","ON SCENE","NO INJURY / DRIVE AWAY","Y",,,"OVER $1,500","2024-12-19T07:19:00.000","FAILING TO YIELD RIGHT-OF-WAY","NOT APPLICABLE","502","W","OHARE ST","1653",,,,,,,"2.0","12","NO INDICATION OF INJURY","0.0","0","0","0","0","2","0","7","5","X003664797",,,
"b399d67bc191fb58b8e8e84e33aca1097bfc566f76770c489e31858068246432bb4fde5b2f00c2ab314af600be99c540363b87f68b6ee66aff6c0997d1713518",,"2020-10-10T19:00:00.000","30","NO CONTROLS","NO CONTROLS","CLEAR","DUSK","SIDESWIPE SAME DIRECTION","NOT DIVIDED",,"STRAIGHT AND LEVEL","DRY","NO DEFECTS","NOT ON SCENE (DESK REPORT)","NO INJURY / DRIVE AWAY",,,"Y","OVER $1,500","2020-10-31T12:50:00.000","UNABLE TO DETERMINE","NOT APPLICABLE","6259","S","LAKE SHORE DR","331",,,,,,,"2.0","10","NO INDICATION OF INJURY","0.0","0","0","0","0","2","0","19","7","X002058776",,,
"d7aaaec8578ee08fab94b6a50667cda4cbf5aebb487af5b6e8c7b31cad7b3e584c78f6abaea4876f482489e22897feb74b2f9adca84a20a0dee233df80f714f6",,"2020-10-29T12:20:00.000","20","NO CONTROLS","NO CONTROLS","CLEAR","DAYLIGHT","SIDESWIPE SAME DIRECTION","ONE-WAY",,"STRAIGHT AND LEVEL","DRY","NO DEFECTS","ON SCENE","NO INJURY / DRIVE AWAY",,,,"$501 - $1,500","2020-10-29T12:30:00.000","FAILING TO YIELD RIGHT-OF-WAY","FAILING TO YIELD RIGHT-OF-WAY","1","W","TERMINAL ST","1651",,,,,,,"2.0","10","NO INDICATION OF INJURY","0.0","0","0","0","0","2","0","12","5","X002057826",,,
"2202336aa1afff8ffc807d5d76e80cb401fb0f35471a0d1a2982dcb4d1ea3114a1f53d605c008986bf24e54bd1ad58af208048a9a61c2295d3a36d1e603b537f",,"2020-11-26T15:00:00.000","25","NO CONTROLS","NO CONTROLS","CLEAR","DAYLIGHT","SIDESWIPE SAME DIRECTION","ONE-WAY",,"CURVE, LEVEL","DRY","NO DEFECTS","ON SCENE","NO INJURY / DRIVE AWAY",,,,"OVER $1,500","2020-11-26T15:05:00.000","IMPROPER LANE USAGE","UNABLE TO DETERMINE","1","W","STAGING AREA E ST","1651",,,,,,,"2.0","11","NO INDICATION OF INJURY","0.0","0","0","0","0","2","0","15","5","X002086270",,,
"f7d80a0935a80d68ac2d7681af684d2824b19eb2cf837071686e6db33b280521381bb2ab42f2b10926f5cadf32cd928db9be334f8810bc60369c1465c6c75061","Y","2020-11-05T17:23:00.000","30","NO CONTROLS","NO CONTROLS","CLEAR","DUSK","REAR END","FOUR WAY",,"STRAIGHT AND LEVEL","DRY","NO DEFECTS","ON SCENE","INJURY AND / OR TOW DUE TO CRASH","Y",,,"OVER $1,500","2020-11-05T17:24:00.000","UNABLE TO DETERMINE","UNABLE TO DETERMINE","55","N","BESSIE COLEMAN DR","1654",,,,,,,"2.0","11","NONINCAPACITATING INJURY","2.0","0","0","2","0","9","0","17","5","X002064557",,,
"91c158f9ede1c39baacc940b62f0e4c9789e19204c27f6d8db2f36bbaee63f7e351a4effa19d617250f71d8227250b578437be2df1b66d1385dce3f9aa7e5c55",,"2020-11-19T06:58:00.000","30","TRAFFIC SIGNAL","FUNCTIONING PROPERLY","CLEAR","DAYLIGHT","FIXED OBJECT","DIVIDED - W/MEDIAN (NOT RAISED)",,"CURVE, LEVEL","DRY","NO DEFECTS","ON SCENE","INJURY AND / OR TOW DUE TO CRASH",,,,"OVER $1,500","2020-11-19T06:59:00.000","FAILING TO REDUCE SPEED TO AVOID CRASH","OPERATING VEHICLE IN ERRATIC, RECKLESS, CARELESS, NEGLIGENT OR AGGRESSIVE MANNER","811","W","OHARE ST","1651",,,,,,,"1.0","11","NO INDICATION OF INJURY","0.0","0","0","0","0","2","0","6","5","X002076315",,,
"51474d57b40ebecf998ef9d267494d1020e70fd2180cef4e0b065ef185705a320d1a626f9c6936cbe535015ca02e3c229aa48d383878aef0dbcc02c10d566af9",,"2020-11-06T16:30:00.000","35","NO CONTROLS","NO CONTROLS","CLEAR","DAYLIGHT","SIDESWIPE SAME DIRECTION","DIVIDED - W/MEDIAN BARRIER",,"STRAIGHT AND LEVEL","DRY","NO DEFECTS","ON SCENE","NO INJURY / DRIVE AWAY",,,,"$501 - $1,500","2020-11-06T16:30:00.000","IMPROPER LANE USAGE","FAILING TO YIELD RIGHT-OF-WAY","8800","S","CHICAGO SKYWAY OB","412",,,,,,,"2.0","11","NO INDICATION OF INJURY","0.0","0","0","0","0","2","0","16","6","X002064954",,,
"ee07270b2c2739db2ea2c4933eebc8dcd0105cb44dedaede89a694ab9e7a2c8269c8912d0b4583a64e85b6f18983b01975d2848ae11e80b2b4e8173a661abc87",,"2020-10-26T13:30:00.000","30","OTHER","OTHER","RAIN","DAYLIGHT","OTHER OBJECT","OTHER",,"STRAIGHT AND LEVEL","WET","OTHER","ON SCENE","NO INJURY / DRIVE AWAY",,"Y",,"OVER $1,500","2020-10-26T14:30:00.000","IMPROPER BACKING","NOT APPLICABLE","10022","S","HALSTED ST","2232",,,,,,,"2","10","NO INDICATION OF INJURY","0","0","0","0","0","2","0","13","2","X002054756","41.7116603517","-87.6430994141","POINT (-87.643099414077 41.71166035172)"
"8de77ebbe2f490db14fa111cd141d34e862bf9eee6991f0ac6783c2fd750ce674950eb82d39987c69dadc70fdad9f9d259ac14c991202e39bda7ce08a932d55b",,"2020-11-04T07:15:00.000","15","NO CONTROLS","NO CONTROLS","CLEAR","DAYLIGHT","PARKED MOTOR VEHICLE","PARKING LOT",,"STRAIGHT AND LEVEL","DRY","NO DEFECTS","ON SCENE","NO INJURY / DRIVE AWAY",,,,"$501 - $1,500","2020-11-04T07:30:00.000","IMPROPER LANE USAGE","NOT APPLICABLE","514","W","OHARE ST","1654",,,,,,,"2.0","11","NO INDICATION OF INJURY","0.0","0","0","0","0","1","0","7","4","X002063822",,,
"0edb4e851a4903f79d6954a2c4f75c43acf846d4a49e1ab31a96e2a7856f19e9cecdbdc67c2df4bf8000fec32ab656dc2eeb187bfcb3596382d76bb90dadd73c",,"2020-11-11T19:33:00.000","45","TRAFFIC SIGNAL","FUNCTIONING PROPERLY","CLEAR","DARKNESS, LIGHTED ROAD","OTHER NONCOLLISION","DIVIDED - W/MEDIAN BARRIER",,"CURVE, LEVEL","DRY","NO DEFECTS","ON SCENE","INJURY AND / OR TOW DUE TO CRASH",,,,"OVER $1,500","2020-11-11T19:35:00.000","NOT APPLICABLE","NOT APPLICABLE","6299","S","LAKE SHORE DR","331",,,,,,,"1.0","11","REPORTED, NOT EVIDENT","1.0","0","0","0","1","0","0","19","4","X002069639",,,
"6a3db67f81331091407326af638ed0d7f722c90745df30a675c6b6e5b9b18b7ce3b8af4efa8df53a38c4b6a75c10ac25591302f770f24f4fe628d63e93287d47",,"2020-12-04T16:30:00.000","30","NO CONTROLS","NO CONTROLS","CLEAR","DARKNESS, LIGHTED ROAD","TURNING","DIVIDED - W/MEDIAN (NOT RAISED)",,"STRAIGHT AND LEVEL","DRY","NO DEFECTS","ON SCENE","NO INJURY / DRIVE AWAY",,,,"OVER $1,500","2020-12-04T16:32:00.000","IMPROPER OVERTAKING/PASSING","NOT APPLICABLE","833","W","OHARE ST","1654","Y",,,,,,"2.0","12","NO INDICATION OF INJURY","0.0","0","0","0","0","2","0","16","6","X002089341",,,
"5cb0bca23a5ea860a6e5b06abd973bf89b7fc8a441617e4107f07dd126b82f4bdcb0b29a6222bcbd8333e5371eec820ea293657a198eca04788425af95c819a8",,"2020-10-25T11:00:00.000","30","NO CONTROLS","NO CONTROLS","CLEAR","DAYLIGHT","SIDESWIPE SAME DIRECTION","NOT DIVIDED",,"CURVE, LEVEL","DRY","UNKNOWN","NOT ON SCENE (DESK REPORT)","NO INJURY / DRIVE AWAY",,,,"$501 - $1,500","2020-10-25T16:30:00.000","IMPROPER LANE USAGE","UNABLE TO DETERMINE","6299","S","LAKE SHORE DR","331",,,,,,,"2.0","10","NO INDICATION OF INJURY","0.0","0","0","0","0","2","0","11","1","X002053202",,,
"c22b76b3e0120e27eede863b5c4772468408ec0ca96a7610947b0a265d468ca2e28f21952249d6b31f54a18394f16ad834d267aa73f104546a37dfdcf583a4e9",,"2020-11-16T12:05:00.000","15","NO CONTROLS","NO CONTROLS","CLEAR","DAYLIGHT","REAR TO FRONT","PARKING LOT",,"STRAIGHT AND LEVEL","DRY","NO DEFECTS","ON SCENE","NO INJURY / DRIVE AWAY",,,,"OVER $1,500","2020-11-16T12:17:00.000","IMPROPER BACKING","NOT APPLICABLE","3311","W","26TH ST","1032",,,,,,,"2","11","NO INDICATION OF INJURY","0","0","0","0","0","2","0","12","2","X002073741","41.8443667287","-87.7078980538","POINT (-87.707898053784 41.844366728746)"
"da78e5941bbdb61282804dd1c201dd65298b6e3916dc09dfc71e87392f0585f3aabf92064a9fd66d1ac7898d0467b5b12a093402b3276ff0522275350b0ba8f9",,"2020-11-03T10:10:00.000","30","TRAFFIC SIGNAL","FUNCTIONING PROPERLY","CLEAR","DAYLIGHT","SIDESWIPE SAME DIRECTION","NOT DIVIDED",,"STRAIGHT AND LEVEL","DRY","NO DEFECTS","NOT ON SCENE (DESK REPORT)","NO INJURY / DRIVE AWAY",,,,"OVER $1,500","2020-11-03T10:15:00.000","IMPROPER OVERTAKING/PASSING","NOT APPLICABLE","803","S","AUSTIN BLVD","1513",,,,,,,"2.0","11","NO INDICATION OF INJURY","0.0","0","0","0","0","2","0","10","3","X002061394",,,
"d235f97896ec3b99c0201963b01c86bfed4eb4770d342b17467722382aed051585971dd1413fe0ec8a625271c42739fb6f484a44e7c806c19a572954d049a9d7",,"2020-10-17T12:35:00.000","15","NO CONTROLS","NO CONTROLS","CLEAR","DAYLIGHT","SIDESWIPE SAME DIRECTION","ONE-WAY",,"STRAIGHT AND LEVEL","DRY","NO DEFECTS","ON SCENE","NO INJURY / DRIVE AWAY",,,,"$501 - $1,500","2020-10-17T12:49:00.000","FAILING TO YIELD RIGHT-OF-WAY","FAILING TO YIELD RIGHT-OF-WAY","5","W","TERMINAL ST","1655",,,,,,,"2.0","10","NO INDICATION OF INJURY","0.0","0","0","0","0","2","0","12","7","X002046918",,,
"9e3efc135d40741ee7a4101ee9613e37c320b3a7b4514db606b0e01fee046a6e3d0d5cf36bb45779cfcc93b6e17951c9ec583144a489674437a3284a14a1a993",,"2020-11-03T17:20:00.000","30","TRAFFIC SIGNAL","FUNCTIONING PROPERLY","CLEAR","DARKNESS, LIGHTED ROAD","REAR END","NOT DIVIDED",,"STRAIGHT AND LEVEL","DRY","NO DEFECTS","NOT ON SCENE (DESK REPORT)","NO INJURY / DRIVE AWAY","Y",,"Y","$501 - $1,500","2020-11-03T18:00:00.000","FOLLOWING TOO CLOSELY","FAILING TO REDUCE SPEED TO AVOID CRASH","2801","N","MILWAUKEE AVE","1412",,,,,,,"2.0","11","NO INDICATION OF INJURY","0.0","0","0","0","0","2","0","17","3","X002061832",,,
"8b4eb8bd91b90261d7e7ea9169aeebdcce3303ac802f266f3a830323655a2d34d1cf082853ac3e782463d1ef878b4cdd5c027db8d9022c435efdd5bace2a481c",,"2020-11-05T17:30:00.000","30","UNKNOWN","UNKNOWN","CLEAR","DARKNESS, LIGHTED ROAD","SIDESWIPE SAME DIRECTION","NOT DIVIDED",,"STRAIGHT AND LEVEL","WET","NO DEFECTS","NOT ON SCENE (DESK REPORT)","NO INJURY / DRIVE AWAY",,,"Y","OVER $1,500","2020-11-05T18:00:00.000","UNABLE TO DETERMINE","NOT APPLICABLE","9522","S","BEVERLY AVE","2213",,,,,,,"2.0","11","NO INDICATION OF INJURY","0.0","0","0","0","0","2","0","17","5","X002064044",,,
"c20b7dab783cf06d11a3030d8b9f3c2743d227fbf7467600e8e507f5bdb3e6e7667426fc9963004a96d2cbacf0445eaebc9b7f1757f268abdc1600dafc7a6f32",,"2020-11-11T15:25:00.000","15","NO CONTROLS","NO CONTROLS","CLEAR","DAYLIGHT","PEDESTRIAN","ONE-WAY",,"STRAIGHT ON HILLCREST","DRY","OTHER","NOT ON SCENE (DESK REPORT)","NO INJURY / DRIVE AWAY",,,,"$500 OR LESS","2020-11-11T15:25:00.000","NOT APPLICABLE","NOT APPLICABLE","9300","S","ST LAWRENCE AVE","633",,,,,,,"2.0","11","NO INDICATION OF INJURY","0.0","0","0","0","0","2","0","15","4","X002069930",,,
"8e69595fcbcaa93075982c0c4a1007139d4724963a5c5b60f2e133a6888d7d5c532a78eef46d0e20ac5f862d9dc64a0c6dad9905ef42e80de1bb6d141884ec32",,"2020-12-15T16:55:00.000","20","NO CONTROLS","NO CONTROLS","CLEAR","DARKNESS, LIGHTED ROAD","SIDESWIPE SAME DIRECTION","ONE-WAY",,"STRAIGHT AND LEVEL","DRY","NO DEFECTS","ON SCENE","NO INJURY / DRIVE AWAY",,,,"OVER $1,500","2020-12-15T16:56:00.000","DISTRACTION - FROM INSIDE VEHICLE","NOT APPLICABLE","1","W","TERMINAL ST","1651",,,,,,,"2.0","12","NO INDICATION OF INJURY","0.0","0","0","0","0","2","0","16","3","X002100032",,,
"4a4759e402cced17c6be5dbd863aa4d1b601a46322d65a6a6195c40b26d4f1cf56a60b23dd7af095253ebc2d75fd9aff5493ae7c839bebd8b0adf20de241b479",,"2020-10-30T07:10:00.000","20","NO CONTROLS","NO CONTROLS","CLEAR","DAYLIGHT","PARKED MOTOR VEHICLE","PARKING LOT",,"STRAIGHT AND LEVEL","DRY","NO DEFECTS","ON SCENE","NO INJURY / DRIVE AWAY",,,,"$501 - $1,500","2020-10-30T07:15:00.000","IMPROPER TURNING/NO SIGNAL","DRIVING SKILLS/KNOWLEDGE/EXPERIENCE","1","W","PARKING LOT C ST","1654",,,,,,,"2.0","10","NO INDICATION OF INJURY","0.0","0","0","0","0","1","0","7","6","X002057825",,,
"c9b527466536e40e485ec7d35c0bff4b8319fe1494f1cccf6d2853196931eb709daf125687a8f0d6741c5fb3c692146413751e0316ee3859d49c7fad8301120f",,"2020-10-26T08:20:00.000","35","TRAFFIC SIGNAL","FUNCTIONING PROPERLY","CLOUDY/OVERCAST","DAYLIGHT","ANGLE","T-INTERSECTION",,"STRAIGHT AND LEVEL","DRY","NO DEFECTS","ON SCENE","INJURY AND / OR TOW DUE TO CRASH","Y",,,"OVER $1,500","2020-10-26T08:23:00.000","FAILING TO REDUCE SPEED TO AVOID CRASH","DRIVING SKILLS/KNOWLEDGE/EXPERIENCE","5500","S","WENTWORTH AVE","225",,,,,,,"2.0","10","NONINCAPACITATING INJURY","1.0","0","0","1","0","1","0","8","2","X002054766",,,
"c4f80c3d10220a323890837a4f9d1327deaf8a33a461288c584d50ec290dc92d65d84654892a33d25d8b0b6a5bb43e739f8f064d43b4a41783946f9a3f0c243e",,"2020-11-12T08:20:00.000","35","TRAFFIC SIGNAL","FUNCTIONING PROPERLY","CLEAR","DAYLIGHT","REAR END","ONE-WAY",,"STRAIGHT AND LEVEL","DRY","UNKNOWN","NOT ON SCENE (DESK REPORT)","NO INJURY / DRIVE AWAY","Y",,,"OVER $1,500","2020-11-12T09:30:00.000","FOLLOWING TOO CLOSELY","NOT APPLICABLE","5500","S","WENTWORTH AVE","225","Y",,,,,,"2.0","11","NO INDICATION OF INJURY","0.0","0","0","0","0","2","0","8","5","X002069891",,,
"23822fea96cd4d8ed7a2675fb60ce03fa2e358fbc4ce05f0c93dd92b4071a783b554cbdf786fea49c6060baee398e77dfed47d0bf059724a0d72eb73ea69c244",,"2020-10-28T12:43:00.000","30","NO CONTROLS","NO CONTROLS","CLEAR","DAYLIGHT","SIDESWIPE SAME DIRECTION","CENTER TURN LANE",,"STRAIGHT AND LEVEL","DRY","NO DEFECTS","ON SCENE","NO INJURY / DRIVE AWAY","Y",,,"OVER $1,500","2020-10-28T12:45:00.000","UNABLE TO DETERMINE","UNABLE TO DETERMINE","536","W","ONTARIO ST","1831",,,,,,,"2.0","10","NO INDICATION OF INJURY","0.0","0","0","0","0","2","0","12","4","X002056114",,,
"db4890e656fc591162a53a952d88905b109a6607a79de593ca20b5bcfd3453467c3b70e7d669d943124493b728b295034e82588565ab044090329bc85b5cb145",,"2020-11-30T11:15:00.000","30","UNKNOWN","UNKNOWN","UNKNOWN","DAYLIGHT","SIDESWIPE SAME DIRECTION","UNKNOWN INTERSECTION TYPE",,"STRAIGHT AND LEVEL","UNKNOWN","UNKNOWN","NOT ON SCENE (DESK REPORT)","NO INJURY / DRIVE AWAY",,,,"$501 - $1,500","2020-11-30T13:30:00.000","NOT APPLICABLE","NOT APPLICABLE","13000","S","STONY ISLAND AVE","434",,,,,,,"2.0","11","NO INDICATION OF INJURY","0.0","0","0","0","0","2","0","11","2","X002085662",,,
"73825e4df8c3b2bbecc8aaea38f4cc3ac0706c7273588edb3f523b48d5f8f689b9fa79bc8d84128da3fea3d805463b7cdd5f66cbeab4891525bc85034e6844d9",,"2020-11-12T13:50:00.000","35","OTHER","FUNCTIONING PROPERLY","CLEAR","DAYLIGHT","SIDESWIPE SAME DIRECTION","DIVIDED - W/MEDIAN BARRIER",,"STRAIGHT AND LEVEL","DRY","NO DEFECTS","ON SCENE","INJURY AND / OR TOW DUE TO CRASH",,,,"OVER $1,500","2020-11-12T14:00:00.000","IMPROPER TURNING/NO SIGNAL","FAILING TO YIELD RIGHT-OF-WAY","9000","S","CHICAGO SKYWAY OB","423",,,,,,,"2.0","11","NO INDICATION OF INJURY","0.0","0","0","0","0","2","0","13","5","X002070115",,,
"46880a8959451d59c7771f8eead8727b4469fefe338b7b4e5a264a703c631caa880106fc9eb8e29baa17f8e7158ff3388d74117907083e3b483cc8ec77c5b28d",,"2020-11-09T18:15:00.000","30","TRAFFIC SIGNAL","FUNCTIONING PROPERLY","CLEAR","DAYLIGHT","REAR END","ONE-WAY",,"STRAIGHT AND LEVEL","DRY","NO DEFECTS","ON SCENE","NO INJURY / DRIVE AWAY",,,"Y","OVER $1,500","2020-11-09T19:04:00.000","FAILING TO REDUCE SPEED TO AVOID CRASH","NOT APPLICABLE","4305","S","DR MARTIN LUTHER KING JR SD","221",,,,,,,"2.0","11","NO INDICATION OF INJURY","0.0","0","0","0","0","2","0","18","2","X002067572",,,
"9f86132b61f42c7aaa21951219a94f18bf6abed0b28cf5c4e56026eb01a338037cb04aa1d3d7e20023fbbd55cf2a17714577f5205de64d41ea23d7df920bf36a",,"2020-11-22T19:30:00.000","30","UNKNOWN","OTHER","CLEAR","DARKNESS","REAR END","NOT DIVIDED",,"STRAIGHT AND LEVEL","DRY","UNKNOWN","ON SCENE","NO INJURY / DRIVE AWAY",,,,"OVER $1,500","2020-11-22T19:40:00.000","UNABLE TO DETERMINE","NOT APPLICABLE","7454","S","YATES BLVD","334",,,,,,,"2","11","NO INDICATION OF INJURY","0","0","0","0","0","2","0","19","1","X002079048","41.7591895678","-87.5665238607","POINT (-87.566523860746 41.759189567776)"
"300c6726d294ceb08e06e74216932094e2a59fb967e6e0b8513fa988e952e439578b0e9fc6b59976bde4bc988cd68a47b70e1affeaa246e13d445dd545f71bf1",,"2020-12-21T16:09:00.000","20","STOP SIGN/FLASHER","FUNCTIONING PROPERLY","CLEAR","DARKNESS","ANGLE","ONE-WAY",,"STRAIGHT AND LEVEL","DRY","NO DEFECTS","ON SCENE","INJURY AND / OR TOW DUE TO CRASH",,,,"OVER $1,500","2020-12-21T16:12:00.000","UNABLE TO DETERMINE","NOT APPLICABLE","3500","W","OGDEN SD","1021",,,,,,,"3.0","12","REPORTED, NOT EVIDENT","1.0","0","0","0","1","4","0","16","2","X002103590",,,
"f4a127012177d65bde33e7816d1c7b1024da6b13c53485344f959498075b8913dfbf89979b4612229d1a3d38bac193c5bdcda1e1bd63319b5e1b8a37332f7874",,"2020-10-30T16:25:00.000","10","NO CONTROLS","NO CONTROLS","CLEAR","DAYLIGHT","TURNING","PARKING LOT",,"STRAIGHT AND LEVEL","DRY","NO DEFECTS","NOT ON SCENE (DESK REPORT)","NO INJURY / DRIVE AWAY",,,,"OVER $1,500","2020-10-30T16:25:00.000","UNABLE TO DETERMINE","UNABLE TO DETERMINE","521","W","OHARE ST","1654",,,,,,,"2.0","10","NO INDICATION OF INJURY","0.0","0","0","0","0","2","0","16","6","X002058142",,,
"2a64d55e5e3477d75653d18121134f16e697555f0658c47a6c5940521542f3cd11821a52807170fad1253d189adec7f3c3a874ba2aa97c6d808ab4f776172542",,"2020-12-13T03:00:00.000","30","TRAFFIC SIGNAL","FUNCTIONING PROPERLY","CLEAR","DARKNESS, LIGHTED ROAD","REAR END","DIVIDED - W/MEDIAN BARRIER",,"STRAIGHT AND LEVEL","DRY","UNKNOWN","NOT ON SCENE (DESK REPORT)","INJURY AND / OR TOW DUE TO CRASH",,,,"OVER $1,500","2020-12-13T03:02:00.000","NOT APPLICABLE","UNABLE TO DETERMINE","6298","S","LAKE SHORE DR","331",,,,,,,"2.0","12","NONINCAPACITATING INJURY","1.0","0","0","1","0","1","0","3","1","X002096231",,,
"0ac31f623648c4306adbf3e78ae0e609c82d2f329d8775cacc2f784a1ac06c0f7f7de695406c515a35ea85a51e82e34af45e3b918629be21265216856b92be38",,"2020-12-07T08:24:00.000","30","NO CONTROLS","NO CONTROLS","CLEAR","DAYLIGHT","FIXED OBJECT","ONE-WAY",,"STRAIGHT AND LEVEL","DRY","NO DEFECTS","ON SCENE","INJURY AND / OR TOW DUE TO CRASH",,,"Y","OVER $1,500","2020-12-07T08:24:00.000","UNABLE TO DETERMINE","NOT APPLICABLE","3806","W","CONGRESS PKWY","1133",,,,,,,"1","12",,,,,,,,,"8","2","X002091286","41.8745502459","-87.7207956727","POINT (-87.720795672717 41.874550245892)"
"097b2bd4b0ad8ab891d1260b6008233f54be9212d15fdae802049b69f977f341341e261241fa3699ddc8fdf08af82246e4584e6c62867c2b3d5f08250a90e88d",,"2020-11-16T13:00:00.000","30","NO CONTROLS","NO CONTROLS","UNKNOWN","UNKNOWN","PARKED MOTOR VEHICLE","NOT DIVIDED",,"STRAIGHT AND LEVEL","UNKNOWN","UNKNOWN","NOT ON SCENE (DESK REPORT)","NO INJURY / DRIVE AWAY",,,"Y","$500 OR LESS","2020-11-16T15:15:00.000","UNABLE TO DETERMINE","UNABLE TO DETERMINE","7599","N","ASHLAND AVE","2422",,,,,,,"2.0","11","NO INDICATION OF INJURY","0.0","0","0","0","0","1","0","13","2","X002073945",,,
"1592303c1f0409d88ae147c7b9807194c062e4f561174762966d287e601b2be317c5caed33256ce9ca9269aedc1f630b533022f203a3e23d201aabf73e4e7c7c",,"2020-10-16T17:00:00.000","15","NO CONTROLS","NO CONTROLS","RAIN","DAYLIGHT","PARKED MOTOR VEHICLE","PARKING LOT",,"STRAIGHT AND LEVEL","WET","NO DEFECTS","NOT ON SCENE (DESK REPORT)","NO INJURY / DRIVE AWAY",,,,"OVER $1,500","2020-10-17T18:00:00.000","UNABLE TO DETERMINE","BICYCLE ADVANCING LEGALLY ON RED LIGHT","516","W","OHARE ST","1654",,,,,,,"2.0","10","NO INDICATION OF INJURY","0.0","0","0","0","0","1","0","17","6","X002046368",,,
"d807ea4e230be79f8bf72428ae6a61c76ff8223f0635396d1cebd3adc4dd8154cf2a9f3bfe841f632fa80d96de51ce55a39a20bf596a255d6869b0594cfa93c3",,"2020-10-17T00:30:00.000","30","TRAFFIC SIGNAL","FUNCTIONING PROPERLY","CLEAR","DARKNESS, LIGHTED ROAD","REAR TO FRONT","ONE-WAY",,"STRAIGHT AND LEVEL","DRY","NO DEFECTS",,"NO INJURY / DRIVE AWAY",,,"Y","OVER $1,500","2020-10-17T13:00:00.000","IMPROPER BACKING","HAD BEEN DRINKING (USE WHEN ARREST IS NOT MADE)","5502","S","WENTWORTH AVE","225",,,,,,,"2.0","10","NO INDICATION OF INJURY","0.0","0","0","0","0","2","0","0","7","X002048846",,,
"a6f7ee9fcfcbc820c6afd47dafa003bbdd0f7d808cd7bea86cb1e53b55bf7c926436fd18864547d1b615b9d854deeb91d5fca7ad5c92b1a64ba36cc6330e2401",,"2020-10-16T18:09:00.000","30","STOP SIGN/FLASHER","FUNCTIONING PROPERLY","CLEAR","DARKNESS, LIGHTED ROAD","ANIMAL","DIVIDED - W/MEDIAN (NOT RAISED)",,"STRAIGHT AND LEVEL","DRY","NO DEFECTS","ON SCENE","NO INJURY / DRIVE AWAY",,,,"OVER $1,500","2020-10-16T18:10:00.000","UNABLE TO DETERMINE","NOT APPLICABLE","3032","W","LOGAN SD","1411",,,,,,,"1.0","10","NO INDICATION OF INJURY","0.0","0","0","0","0","1","0","18","6","X002046371",,,
"28ab7c87f999a6f5d27a51826fa6b209be2d8db9a7606aae82daff73c1b66190230d18fa70e2e43bf639d457723d8c09014222c335e2faf0c368696ead1af489",,"2020-10-18T14:25:00.000","20","NO CONTROLS","NO CONTROLS","RAIN","DAYLIGHT","SIDESWIPE OPPOSITE DIRECTION","RAMP",,"STRAIGHT AND LEVEL","WET","NO DEFECTS","ON SCENE","NO INJURY / DRIVE AWAY",,,,"$501 - $1,500","2020-10-18T14:30:00.000","UNABLE TO DETERMINE","WEATHER","2","W","TERMINAL ST","1652",,,,,,,"2.0","10","NO INDICATION OF INJURY","0.0","0","0","0","0","2","0","14","1","X002047697",,,
"52a61386ee0ce2fb2636577e0d3c33f181a1a003eeedeaf48ef01d021792f16346767dd0e9b72c4f853b16d8a738a8c13db7b4281bccdca155406b5e958a54d4",,"2020-10-19T15:22:00.000","30","TRAFFIC SIGNAL","FUNCTIONING PROPERLY","RAIN","DUSK","TURNING","DIVIDED - W/MEDIAN (NOT RAISED)",,"STRAIGHT AND LEVEL","WET","NO DEFECTS","ON SCENE","NO INJURY / DRIVE AWAY","Y",,,"OVER $1,500","2020-10-19T16:30:00.000","EQUIPMENT - VEHICLE CONDITION","NOT APPLICABLE","7198","W","ARCHER AVE","811",,,,,,,"2.0","10","NO INDICATION OF INJURY","0.0","0","0","0","0","2","0","15","2","X002047707",,,
"f352100a48cacb17a4b88c554a57672023070ee5c4e39ed990490fb7f7b4a604bfb21cd64ee705441dd26f515c39b57d1cc4386505f5d12214375b0020cf9c4d","N","2020-10-31T14:19:00.000","30","TRAFFIC SIGNAL","FUNCTIONING PROPERLY","CLEAR","DAYLIGHT","TURNING","FOUR WAY",,"STRAIGHT AND LEVEL","DRY","NO DEFECTS","ON SCENE","INJURY AND / OR TOW DUE TO CRASH","Y",,,"OVER $1,500","2020-10-31T14:19:00.000","UNABLE TO DETERMINE","NOT APPLICABLE","6646","W","FULLERTON AVE","2512",,,,,,,"2.0","10","INCAPACITATING INJURY","3.0","0","2","1","0","1","0","14","7",,,,
"92fa856fbcd0670fe972680f9bb6e412f044695763e5b977a7bc6686e14555374eada3c1ec7b15a8f74d52d71b5c9ccbadd6ce7234d79d48a29e09937ea18e8c",,"2020-11-02T09:20:00.000","35","TRAFFIC SIGNAL","FUNCTIONING PROPERLY","CLEAR","DAYLIGHT","TURNING","T-INTERSECTION",,"STRAIGHT AND LEVEL","DRY","NO DEFECTS","ON SCENE","INJURY AND / OR TOW DUE TO CRASH","Y",,,"OVER $1,500","2020-11-02T09:27:00.000","FAILING TO YIELD RIGHT-OF-WAY","IMPROPER TURNING/NO SIGNAL","12699","S","STATE ST","532",,,,,,,"2.0","11","NO INDICATION OF INJURY","0.0","0","0","0","0","2","0","9","2","X002062184",,,
"bcea5844f1e0e394f942b1274b85f5ea6c7d9db31dd304ea43e41790eb8b10454eaefb35e4513e845cf30158515e0dcaab71b4c80241197a1b95e704b4d5f825","Y","2020-10-22T10:00:00.000","20","NO CONTROLS","NO CONTROLS","RAIN","UNKNOWN","PARKED MOTOR VEHICLE","PARKING LOT",,"STRAIGHT AND LEVEL","UNKNOWN","NO DEFECTS","ON SCENE","NO INJURY / DRIVE AWAY",,,"Y","OVER $1,500","2020-10-22T10:30:00.000","UNABLE TO DETERMINE","UNABLE TO DETERMINE","1","W","PARKING LOT B ST","1654",,,,,,,"2.0","10","NO INDICATION OF INJURY","0.0","0","0","0","0","1","0","10","5","X002051143",,,
"75fcfd6ca2ae2800a4a34110710eb9b1463377696c329a3e492e02d156d30f3ab49512761cacfe946473fbb913b527b3278bef6b249fce9e11d572655ecf74e8","Y","2020-11-20T15:00:00.000","10","NO CONTROLS","NO CONTROLS","UNKNOWN","UNKNOWN","PARKED MOTOR VEHICLE","PARKING LOT",,"STRAIGHT AND LEVEL","UNKNOWN","UNKNOWN","NOT ON SCENE (DESK REPORT)","NO INJURY / DRIVE AWAY",,,,"$501 - $1,500","2020-11-22T07:20:00.000","UNABLE TO DETERMINE","UNABLE TO DETERMINE","1","W","PARKING LOT B ST","1654",,,,,,,"2.0","11","NO INDICATION OF INJURY","0.0","0","0","0","0","1","0","15","6","X002078667",,,
"7a3c26b7eb30c0a8ede47642ada4d08daed86e1f78aaec765feb5652588a634f3f32ae3e54bd5bf4ad6a3ee6b72ab55181745399589ed283a6f18a298f7fb08f",,"2020-11-30T10:45:00.000","0","NO CONTROLS","NO CONTROLS","CLEAR","DAYLIGHT","PARKED MOTOR VEHICLE","OTHER",,"STRAIGHT AND LEVEL","DRY","NO DEFECTS","ON SCENE","NO INJURY / DRIVE AWAY",,"Y","Y","$501 - $1,500","2020-11-30T10:50:00.000","DRIVING SKILLS/KNOWLEDGE/EXPERIENCE","UNABLE TO DETERMINE","3845","S","LITUANICA AVE","915",,,,,,,"2.0","11","NO INDICATION OF INJURY","0.0","0","0","0","0","1","0","10","2","X002085476",,,
"a90446b4540e823145b81c6bd94e973f774449a103683a17e585dd6c95c0c13d578dd6a1e706c0b10cf5607d203c1b3f2e1d72e9a4792bde0f5407ba10b7b9e7",,"2020-11-13T10:00:00.000","20","NO CONTROLS","NO CONTROLS","CLEAR","DAYLIGHT","TURNING","NOT DIVIDED",,"STRAIGHT AND LEVEL","DRY","NO DEFECTS","ON SCENE","NO INJURY / DRIVE AWAY",,,"Y","$500 OR LESS","2020-11-13T10:00:00.000","FAILING TO YIELD RIGHT-OF-WAY","FAILING TO YIELD RIGHT-OF-WAY","7199","W","56TH ST","811",,,,,,,"2.0","11","NO INDICATION OF INJURY","0.0","0","0","0","0","2","0","10","6","X002070944",,,
"585e3928c36d9db0935e9586bedddb4b93201d84322aecededdf1d54aa788fab4df390404ba3c63650810b6f2bdc55cc43294ef8912359c3d94caf332f4aa3d2",,"2020-10-30T23:03:00.000","30","NO CONTROLS","NO CONTROLS","CLEAR","DARKNESS, LIGHTED ROAD","ANIMAL","NOT DIVIDED",,"STRAIGHT AND LEVEL","DRY","NO DEFECTS","ON SCENE","NO INJURY / DRIVE AWAY",,,,"$501 - $1,500","2020-10-30T23:03:00.000","ANIMAL","ANIMAL","8600","W","FOREST PRESERVE AVE","1631",,,,,,,"1","10","NO INDICATION OF INJURY","0","0","0","0","0","1","0","23","6","X002064096","41.9395277997","-87.8400399547","POINT (-87.840039954651 41.939527799733)"
"cbca1f41d3af9f4ce4ea9e0b7c4209f428b1733520402806164462ebf82b1998b8df0d32f00bf1db68cb5a68e0f9bb7a5bfe3a4b100e2929a63786f80a972404",,"2020-11-11T06:40:00.000","30","TRAFFIC SIGNAL","UNKNOWN","CLOUDY/OVERCAST","DAWN","SIDESWIPE SAME DIRECTION","FOUR WAY",,"STRAIGHT AND LEVEL","WET","UNKNOWN","NOT ON SCENE (DESK REPORT)","NO INJURY / DRIVE AWAY",,,"Y","$501 - $1,500","2020-11-11T07:30:00.000","IMPROPER OVERTAKING/PASSING","UNABLE TO DETERMINE","4650","S","LA SALLE ST","215",,,,,,,"2.0","11","NO INDICATION OF INJURY","0.0","0","0","0","0","3","0","6","4","X002069943",,,
"fa64a38c976468b539774c06a045d4ea3b4832066ec672d47d68940d9aa638ac8799dd25e761024bc0e0747521c845513ccd1c9101d5cebecd4cb522b7c7c8c4",,"2020-11-27T10:00:00.000","30","NO CONTROLS","NO CONTROLS","CLOUDY/OVERCAST","DAYLIGHT","REAR END","NOT DIVIDED",,"STRAIGHT AND LEVEL","DRY","NO DEFECTS","ON SCENE","NO INJURY / DRIVE AWAY",,,,"OVER $1,500","2020-11-27T11:00:00.000","UNABLE TO DETERMINE","UNABLE TO DETERMINE","173","N","BESSIE COLEMAN DR","1654",,,,,,,"2.0","11","NO INDICATION OF INJURY","0.0","0","0","0","0","2","0","10","6","X002083636",,,
"7f156afc66fcdd3ea4526f737540621cf468a39627e0b00223ccc1c6fae65a1278da3457404ba5daf01d0050e9d9aaefded41196f6eec76b1e7e52cbca9f761f",,"2020-11-09T13:50:00.000","20","NO CONTROLS","NO CONTROLS","CLEAR","DAYLIGHT","ANGLE","PARKING LOT",,"STRAIGHT AND LEVEL","DRY","NO DEFECTS","ON SCENE","INJURY AND / OR TOW DUE TO CRASH","Y",,,"OVER $1,500","2020-11-09T13:52:00.000","DISTRACTION - FROM INSIDE VEHICLE","NOT APPLICABLE","1","W","PARKING LOT C ST","1654",,,,,,,"4.0","11","NO INDICATION OF INJURY","0.0","0","0","0","0","2","0","13","2","X002067479",,,
"466c13fb2b8b34d3e77f6f3b0390c685174dae0b0e564135c3d1f71530216aeb28af570c4d56402188f583424efa5535736b83ae990f5bc152fa636ae50a8d1b",,"2020-12-12T16:00:00.000","20","OTHER","NO CONTROLS","CLOUDY/OVERCAST","DARKNESS, LIGHTED ROAD","PARKED MOTOR VEHICLE","PARKING LOT",,"STRAIGHT AND LEVEL","WET","NO DEFECTS","ON SCENE","NO INJURY / DRIVE AWAY",,,,"$500 OR LESS","2020-12-12T16:30:00.000","UNABLE TO DETERMINE","UNABLE TO DETERMINE","630","W","OHARE ST","1654",,,,,,,"2.0","12","NO INDICATION OF INJURY","0.0","0","0","0","0","1","0","16","7","X002095866",,,
"de169871e1f8ecb497ae99526d1da4bf464a68e68e830dfbc3800954424a8e3324409cee74fa6cff7592702b38b6b85011e3e5c31c570800ec890e46d1db64e8","N","2020-12-17T08:30:00.000","30","TRAFFIC SIGNAL","FUNCTIONING PROPERLY","BLOWING SNOW","DAYLIGHT","REAR TO FRONT","DIVIDED - W/MEDIAN (NOT RAISED)",,"CURVE, LEVEL","OTHER","NO DEFECTS","ON SCENE","NO INJURY / DRIVE AWAY",,,,"$501 - $1,500","2020-12-17T09:35:00.000","DRIVING SKILLS/KNOWLEDGE/EXPERIENCE","FOLLOWING TOO CLOSELY","4658","S","LA SALLE ST","215",,,,,,,"2.0","12","NO INDICATION OF INJURY","0.0","0","0","0","0","2","0","8","5","X002100076",,,
"38ebf121d9f43cad003d130d8802db79a09240ccc6d37c46bb5f591bbdaa551799a8427e9c8c27fa8b886e4be4fc5a9bdfa064a941d906ab3ab41dcab2cd1f09",,"2020-10-28T00:28:00.000","35","TRAFFIC SIGNAL","FUNCTIONING PROPERLY","CLEAR","DARKNESS, LIGHTED ROAD","SIDESWIPE SAME DIRECTION","DIVIDED - W/MEDIAN BARRIER",,"STRAIGHT AND LEVEL","DRY","NO DEFECTS","ON SCENE","INJURY AND / OR TOW DUE TO CRASH",,,,"OVER $1,500","2020-10-28T00:29:00.000","FAILING TO REDUCE SPEED TO AVOID CRASH","HAD BEEN DRINKING (USE WHEN ARREST IS NOT MADE)","6258","S","LAKE SHORE DR","331",,,,,,,"2.0","10","NO INDICATION OF INJURY","0.0","0","0","0","0","3","0","0","4","X002059887",,,
"6b65072f2436797759649d3c69d278705080919703f4e03d4e0c3e6974bbcbe3ae5dd14954baa8ed3fbc082db7f1054778da856e2d4e2f5a82407a596bbafef1",,"2020-10-22T07:45:00.000","30","NO CONTROLS","NO CONTROLS","RAIN","DAYLIGHT","SIDESWIPE SAME DIRECTION","NOT DIVIDED",,"STRAIGHT AND LEVEL","WET","NO DEFECTS","NOT ON SCENE (DESK REPORT)","NO INJURY / DRIVE AWAY",,,,"OVER $1,500","2020-10-22T09:54:00.000","IMPROPER OVERTAKING/PASSING","NOT APPLICABLE","500","W","DE KOVEN ST","124",,,,,,,"2.0","10","NO INDICATION OF INJURY","0.0","0","0","0","0","2","0","7","5","X002051497",,,
"7bb4a066b03787c0408eae08ba3f1a17bfc4e5e33cd9dad0095faeec81616227c921c0960276257bf3dafbb0bc78be34c8fcccf146b76247aeb723e461633437",,"2020-11-18T20:45:00.000","5","OTHER","NO CONTROLS","CLEAR","DARKNESS, LIGHTED ROAD","PARKED MOTOR VEHICLE","RAMP",,"STRAIGHT AND LEVEL","DRY","NO DEFECTS","ON SCENE","NO INJURY / DRIVE AWAY",,"Y",,"$500 OR LESS","2020-11-18T21:00:00.000","IMPROPER LANE USAGE","FAILING TO REDUCE SPEED TO AVOID CRASH","514","W","OHARE ST","1654",,"Y",,,,,"2.0","11","NO INDICATION OF INJURY","0.0","0","0","0","0","1","0","20","4","X002076646",,,
"51cfb5325e4fef19800897cf716cc32625e318e705d89be21dad8af20aec5a4957b69d71a61c8f0c378a973779ceb10e5afa4acde5fd1950a40e2ade72f15ec0",,"2020-12-21T07:47:00.000","25","NO CONTROLS","NO CONTROLS","CLEAR","DAYLIGHT","TURNING","NOT DIVIDED",,"STRAIGHT AND LEVEL","DRY","NO DEFECTS","ON SCENE","INJURY AND / OR TOW DUE TO CRASH",,"N",,"OVER $1,500","2020-12-21T07:50:00.000","FAILING TO YIELD RIGHT-OF-WAY","NOT APPLICABLE","515","W","OHARE ST","1654",,,,,,,"2.0","12","NO INDICATION OF INJURY","0.0","0","0","0","0","2","0","7","2","X002103449",,,
"8368c4279de97ac5b6cc594d99ae6f87fda0c72eed299de162347ec59e227dc0b959e3da02ee48491286a290e37ba4e66915bd4c3e4d627642fa510c5802f427","Y","2020-12-13T18:00:00.000","45","NO CONTROLS","NO CONTROLS","CLEAR","DARKNESS, LIGHTED ROAD","REAR END","DIVIDED - W/MEDIAN BARRIER",,"STRAIGHT AND LEVEL","DRY","NO DEFECTS","ON SCENE","NO INJURY / DRIVE AWAY",,,,"OVER $1,500","2020-12-13T18:00:00.000","FOLLOWING TOO CLOSELY","FOLLOWING TOO CLOSELY","9759","W","KENNEDY EXPY IB","1654",,,,,,,"2.0","12","NO INDICATION OF INJURY","0.0","0","0","0","0","4","0","18","1","X002097673",,,
"42fb55cc4b0da4fa0e1ac98fedf6b7f9d52196ba6ffa6b09570876130e3e889c213ac0d517d7e91a6db4b0d6ace082b614d457cbeed9ebf0fdfeabc62cbad88b",,"2020-12-17T19:15:00.000","30","STOP SIGN/FLASHER","FUNCTIONING PROPERLY","CLEAR","DARKNESS","TURNING","DIVIDED - W/MEDIAN (NOT RAISED)",,"STRAIGHT AND LEVEL","DRY","NO DEFECTS","NOT ON SCENE (DESK REPORT)","NO INJURY / DRIVE AWAY","Y",,,"OVER $1,500","2020-12-17T19:18:00.000","IMPROPER TURNING/NO SIGNAL","UNABLE TO DETERMINE","2027","W","EDMAIRE ST","2212",,"Y",,,,,"2.0","12","NO INDICATION OF INJURY","0.0","0","0","0","0","2","0","19","5","X002100414",,,
"7c22ee48b54b86afde4fc97b78435acad932eb87fcd97c31809f33e57d21980561d1c5ebe1ea61caab84407230e4c4cbc80bc1d21a8d3346538ff790ca72ba37",,"2020-12-15T09:40:00.000","30","TRAFFIC SIGNAL","FUNCTIONING PROPERLY","CLEAR","DAYLIGHT","SIDESWIPE SAME DIRECTION","DIVIDED - W/MEDIAN (NOT RAISED)",,"STRAIGHT AND LEVEL","DRY","NO DEFECTS","NOT ON SCENE (DESK REPORT)","NO INJURY / DRIVE AWAY",,,,"$501 - $1,500","2020-12-15T12:10:00.000","IMPROPER OVERTAKING/PASSING","DRIVING SKILLS/KNOWLEDGE/EXPERIENCE","3100","N","HALSTED ST","1933",,,,,,,"2.0","12","NO INDICATION OF INJURY","0.0","0","0","0","0","3","0","9","3","X002098296",,,
"7d7eae174eb92fd9c510eb602f542153876e07e800d1799fbd2290c14d86fd978662b16663d1d003055206c813bf6e733d00fb8af8c79e92a60e6bc8ed4578da",,"2020-11-19T16:30:00.000","30","TRAFFIC SIGNAL","FUNCTIONING PROPERLY","CLEAR","DAYLIGHT","REAR END","NOT DIVIDED",,"STRAIGHT AND LEVEL","DRY","NO DEFECTS","NOT ON SCENE (DESK REPORT)","NO INJURY / DRIVE AWAY","Y",,,"$500 OR LESS","2020-11-19T21:30:00.000","FOLLOWING TOO CLOSELY","NOT APPLICABLE","5500","N","HARLEM AVE","1613",,,,,,,"2.0","11","NO INDICATION OF INJURY","0.0","0","0","0","0","2","0","16","5","X002076898",,,
"3a33815ed5cc63ae57f25552cd3016feadc5e3a26de1c9ad543fe725c55f1c17691860038879379dbf6b6a9667272a388a4223ff92fed170ad1899eaa7c7cf9a",,"2020-11-28T17:45:00.000","25","STOP SIGN/FLASHER","FUNCTIONING PROPERLY","CLEAR","DAYLIGHT","ANGLE","FOUR WAY",,"STRAIGHT AND LEVEL","DRY","NO DEFECTS","ON SCENE","INJURY AND / OR TOW DUE TO CRASH","Y",,,"OVER $1,500","2020-11-30T10:20:00.000","DISREGARDING STOP SIGN","DRIVING SKILLS/KNOWLEDGE/EXPERIENCE","4500","N","MANNHEIM RD","1654",,,,,,,"2.0","11","REPORTED, NOT EVIDENT","1.0","0","0","0","1","1","0","17","7","X002085966",,,
"1fdd3ec70470adcf17cedd291b67b5222ca59e078586be00d5500b42d79feb73a8c8ae7464f851ae206479a1c22a31e8adf778904f7a69b9fba57d78ab600e47",,"2020-11-26T21:15:00.000","25","NO CONTROLS","NO CONTROLS","CLEAR","DARKNESS","PARKED MOTOR VEHICLE","NOT DIVIDED",,"STRAIGHT AND LEVEL","DRY","NO DEFECTS","ON SCENE","NO INJURY / DRIVE AWAY",,,"Y","OVER $1,500","2020-11-26T23:41:00.000","NOT APPLICABLE","NOT APPLICABLE","2202","W","DEVON AVE","2412",,,,,,,"2","11","NO INDICATION OF INJURY","0","0","0","0","0","2","0","21","5","X002083389","41.9979202733","-87.6851531477","POINT (-87.685153147743 41.997920273254)"
"838d8391bf0d17942ebfd75ea791d8a5427546ff9d3ca48aa133aba46f64df7bab92c7854a38a787c0173209ff1bac1b0892d3645d6e9328b8c8dfecc2676094",,"2020-12-09T20:00:00.000","25","NO CONTROLS","NO CONTROLS","CLEAR","DARKNESS, LIGHTED ROAD","REAR END","ONE-WAY",,"STRAIGHT AND LEVEL","DRY","UNKNOWN","ON SCENE","NO INJURY / DRIVE AWAY",,,,"OVER $1,500","2020-12-09T20:00:00.000","UNABLE TO DETERMINE","UNABLE TO DETERMINE","412","W","OHARE ST","1654",,,,,,,"2.0","12","NO INDICATION OF INJURY","0.0","0","0","0","0","2","0","20","4","X002093440",,,
"ea0aec02cc565aca020101b6f0825772071a8653baf07b6630e1a7f88067b96d9bc2630ae51864a3918ee995652247aa33670740c248a995abedbbfa2c93fd27",,"2020-12-19T03:50:00.000","20","NO CONTROLS","NO CONTROLS","CLEAR","DARKNESS, LIGHTED ROAD","SIDESWIPE SAME DIRECTION","ONE-WAY",,"STRAIGHT AND LEVEL","DRY","UNKNOWN","ON SCENE","INJURY AND / OR TOW DUE TO CRASH",,,,"OVER $1,500","2020-12-19T03:53:00.000","UNABLE TO DETERMINE","NOT APPLICABLE","3","W","TERMINAL ST","1653",,,,,,,"2.0","12","NO INDICATION OF INJURY","0.0","0","0","0","0","2","0","3","7","X002102378",,,
"a5b691f0d797e7cc3ee0e6696bbd9d324306d4e52f2e4c0654900e17d4a08694e7f6c0a71a3551504bff9366bf9159e3bc89c9c39fc91518e0ba77bbfdef3ecf",,"2020-11-28T13:40:00.000","20","NO CONTROLS","NO CONTROLS","CLEAR","DAYLIGHT","SIDESWIPE SAME DIRECTION","ONE-WAY",,"STRAIGHT AND LEVEL","DRY","NO DEFECTS","ON SCENE","NO INJURY / DRIVE AWAY",,,,"$501 - $1,500","2020-11-28T13:45:00.000","UNABLE TO DETERMINE","NOT APPLICABLE","2","W","TERMINAL ST","1652",,,,,,,"2.0","11","NO INDICATION OF INJURY","0.0","0","0","0","0","2","0","13","7","X002084130",,,
"5028268a9f67c533017216c6c3de8da422516303c6559e131d2aa7c8028e540b53220d0e746a49e2e014eaccb4b98ffb27bbe6531edb7475c2bfef54c4c6b7d5",,"2024-12-09T19:52:00.000","20","NO CONTROLS","NO CONTROLS","CLEAR","DARKNESS, LIGHTED ROAD","SIDESWIPE SAME DIRECTION","OTHER",,"STRAIGHT AND LEVEL","DRY","NO DEFECTS","ON SCENE","NO INJURY / DRIVE AWAY",,,,"OVER $1,500","2024-12-09T19:55:00.000","FAILING TO YIELD RIGHT-OF-WAY","DRIVING SKILLS/KNOWLEDGE/EXPERIENCE","2","W","TERMINAL ST","1652",,,,,,,"2.0","12","NO INDICATION OF INJURY","0.0","0","0","0","0","2","0","19","2","X003652913",,,
"dbcce03cec651dfa4810f4df852a831a3b4acc5c8fc3d329b5d0e19a28ab043e574c555bae78b820098f68538f0308fa67ede163fa04ab734de915ee42a27f1a","Y","2024-12-10T08:00:00.000","15","NO CONTROLS","NO CONTROLS","CLEAR","DAYLIGHT","PARKED MOTOR VEHICLE","PARKING LOT",,"STRAIGHT AND LEVEL","DRY","NO DEFECTS","ON SCENE","NO INJURY / DRIVE AWAY",,,"Y","$501 - $1,500","2024-12-10T09:45:00.000","UNABLE TO DETERMINE","NOT APPLICABLE","1","W","PARKING LOT D ST","1654",,,,,,,"2.0","12","NO INDICATION OF INJURY","0.0","0","0","0","0","1","0","8","3","X003653955",,,
"5efb69b6c271b8690d63e8f9e99a813d4568360caab64638595dea2aebf3282a6b5b6c5ac1dbe51c04f6663e4f879b0decf130875b3e5d6ce7c289fc733f9d14",,"2024-12-03T11:45:00.000","30","UNKNOWN","UNKNOWN","UNKNOWN","UNKNOWN","SIDESWIPE SAME DIRECTION","NOT DIVIDED",,"STRAIGHT AND LEVEL","UNKNOWN","UNKNOWN","NOT ON SCENE (DESK REPORT)","NO INJURY / DRIVE AWAY",,,,"$501 - $1,500","2024-12-04T10:03:00.000","UNABLE TO DETERMINE","UNABLE TO DETERMINE","13000","S","STONY ISLAND AVE","434",,,,,,,"2.0","12","NO INDICATION OF INJURY","0.0","0","0","0","0","2","0","11","3","X003648134",,,
"2fabc87dee5b9fcee5651f264c96046b4f4f646d82ad3aec8c0745c50f4f23ac3f338a217d41641746c14e64e99b2c644a1f751582fb4f13ef12a05d17afdaf6",,"2024-11-21T11:30:00.000","55","NO CONTROLS","NO CONTROLS","SNOW","DAYLIGHT","SIDESWIPE SAME DIRECTION","DIVIDED - W/MEDIAN BARRIER",,"CURVE, LEVEL","SNOW OR SLUSH","NO DEFECTS",,"INJURY AND / OR TOW DUE TO CRASH",,,,"OVER $1,500","2024-11-21T11:44:00.000","WEATHER","FAILING TO REDUCE SPEED TO AVOID CRASH","6600","S","CHICAGO SKYWAY OB","312",,,,,,,"2.0","11","REPORTED, NOT EVIDENT","1.0","0","0","0","1","3","0","11","5","X003634080",,,
"a4c01203235c78e002fbcfe5b1c367cf3ac80dd3b4000cd2b3235d8ad4aa3a2d2ac0407440f9b07d82d5f8ac2e402a0473a748089ba944b3d908e1bcc7df3da6",,"2024-12-02T13:00:00.000","25","NO CONTROLS","NO CONTROLS","CLEAR","DAYLIGHT","SIDESWIPE SAME DIRECTION","ONE-WAY",,"STRAIGHT AND LEVEL","DRY","NO DEFECTS","ON SCENE","NO INJURY / DRIVE AWAY",,,,"OVER $1,500","2024-12-02T13:10:00.000","FAILING TO YIELD RIGHT-OF-WAY","NOT APPLICABLE","5","W","TERMINAL ST","1655",,,,,,,"2.0","12","NO INDICATION OF INJURY","0.0","0","0","0","0","2","0","13","2","X003645412",,,
"6adb9355a7f45aa4bbd0e09edfc2f48d64bbc25c600a984accdb2cfff7216da1091b382d8951dff3c599c3c28d874a467fb24d33db4b057e2e57a4eaaa240c2b",,"2024-12-01T20:25:00.000","10","NO CONTROLS","NO CONTROLS","CLEAR","DARKNESS, LIGHTED ROAD","SIDESWIPE SAME DIRECTION","OTHER",,"STRAIGHT AND LEVEL","DRY","NO DEFECTS","ON SCENE","NO INJURY / DRIVE AWAY",,,,"$501 - $1,500","2024-12-01T20:29:00.000","FAILING TO YIELD RIGHT-OF-WAY","DRIVING SKILLS/KNOWLEDGE/EXPERIENCE","524","W","OHARE ST","1654",,,,,,,"2.0","12","NO INDICATION OF INJURY","0.0","0","0","0","0","2","0","20","1","X003646280",,,
"7ab3e65f1d6ad87de6b417833d384a9cc8943ca2add1180a61a777e94f84de5d2f5f6e043c94b795fb058042eab114bff358610110761a994f3171618dc4984d",,"2024-12-07T16:23:00.000","30","NO CONTROLS","NO CONTROLS","CLEAR","DAYLIGHT","PARKED MOTOR VEHICLE","NOT DIVIDED",,"STRAIGHT AND LEVEL","DRY","NO DEFECTS","NOT ON SCENE (DESK REPORT)","NO INJURY / DRIVE AWAY",,,,"OVER $1,500","2024-12-07T17:25:00.000","NOT APPLICABLE","NOT APPLICABLE","4610","N","MELVINA AVE","1622",,,,,,,"2.0","12","NO INDICATION OF INJURY","0.0","0","0","0","0","1","0","16","7","X003650630","41.9650530469","-87.7821205728","POINT (-87.782120572754 41.965053046946)"
"033133792d37c9c081af817ad28cb55e564d5d81a4d8fb0906666bea9f8c4d6699e6c733f771fef30cce475a6cae093826dcf9d6ec5c37467d71c4cd204467c4",,"2025-01-15T06:50:00.000","25","NO CONTROLS","NO CONTROLS","CLEAR","DAYLIGHT","SIDESWIPE SAME DIRECTION","ONE-WAY",,"STRAIGHT AND LEVEL","DRY","NO DEFECTS","ON SCENE","NO INJURY / DRIVE AWAY",,,,"OVER $1,500","2025-01-15T06:56:00.000","FAILING TO YIELD RIGHT-OF-WAY","DRIVING SKILLS/KNOWLEDGE/EXPERIENCE","1","W","TERMINAL ST","1651",,,,,,,"2.0","1","NO INDICATION OF INJURY","0.0","0","0","0","0","3","0","6","4","X003692227",,,
"59e957d0e5d8294e9ff9f488bad2ef5dc6db0fa0d40e92e1b79dada42a149300a1b3bb0bbe3dbc4dd77dc49facdb99eb9cb06b91eae6b676e63e1ea827c82a87",,"2020-12-01T18:10:00.000","15","NO CONTROLS","NO CONTROLS","CLEAR","DARKNESS, LIGHTED ROAD","REAR TO FRONT","PARKING LOT",,"STRAIGHT AND LEVEL","DRY","NO DEFECTS","ON SCENE","NO INJURY / DRIVE AWAY",,,,"$500 OR LESS","2020-12-01T18:18:00.000","UNABLE TO DETERMINE","NOT APPLICABLE","630","W","OHARE ST","1654",,,,,,,"2.0","12","NO INDICATION OF INJURY","0.0","0","0","0","0","2","0","18","3","X002087430",,,
"92d2de63c77d20bb98b099d74ce0d80da8bf08ed7d4f441c3c178fb9e1f028c6053cf949d70e5ff11ef792ecd24878487fbf283d78fe34571c98b0606e5cc5ce",,"2021-01-15T22:15:00.000","30","NO CONTROLS","NO CONTROLS","CLEAR","DARKNESS, LIGHTED ROAD","PEDESTRIAN","DIVIDED - W/MEDIAN BARRIER",,"STRAIGHT AND LEVEL","DRY","NO DEFECTS","NOT ON SCENE (DESK REPORT)","INJURY AND / OR TOW DUE TO CRASH",,,"Y","$500 OR LESS","2021-01-20T09:40:00.000","UNABLE TO DETERMINE","NOT APPLICABLE","1747","S","CANALPORT AVE","1235",,,,,,,"2.0","1","INCAPACITATING INJURY","1.0","0","1","0","0","1","0","22","6","X002128548",,,
"ae0d563ffa2f5e11c3e23fa0fff4e857f10a3bd118b850c7999e7dd35bff09bd5a9570fcdb86b2217b8f12063bf6a7b72a213d881d11016ae38129f3a0fa0d60",,"2020-12-16T23:00:00.000","30","NO CONTROLS","NO CONTROLS","CLEAR","DARKNESS, LIGHTED ROAD","TURNING","ONE-WAY",,"STRAIGHT AND LEVEL","DRY","NO DEFECTS","NOT ON SCENE (DESK REPORT)","NO INJURY / DRIVE AWAY",,,,"OVER $1,500","2020-12-21T21:15:00.000","IMPROPER TURNING/NO SIGNAL","NOT APPLICABLE","3910","W","DIVERSEY AVE","2523",,,,,,,"2.0","12","NO INDICATION OF INJURY","0.0","0","0","0","0","2","0","23","4","X002103716","41.9319245915","-87.7249952366","POINT (-87.724995236617 41.931924591496)"
"7a3b8b2b1afb6a958abf1493508f72c58aa25af3f037acf5c5553ba7e057f96a6fe14d1d6875b88e0c1fbb77cd802a0275d5533864aff5e76c7f42c50283f3ed",,"2020-12-01T15:25:00.000","15","NO CONTROLS","NO CONTROLS","CLEAR","DAYLIGHT","SIDESWIPE SAME DIRECTION","PARKING LOT",,"STRAIGHT AND LEVEL","DRY","NO DEFECTS","ON SCENE","NO INJURY / DRIVE AWAY",,,,"$501 - $1,500","2020-12-01T15:30:00.000","UNABLE TO DETERMINE","NOT APPLICABLE","606","W","OHARE ST","1654",,,,,,,"2.0","12","NO INDICATION OF INJURY","0.0","0","0","0","0","2","0","15","3","X002086678",,,
"f592d2f51d65fe9fc760e83ce4e69f4fe766acbc283bccb1f4b90d27600b3c1b5148c8926f45a8fd9725a16818123760d2a2eca4b3b28d3b081d7613b12a28a4",,"2020-11-18T19:00:00.000","25","NO CONTROLS","NO CONTROLS","CLEAR","DARKNESS, LIGHTED ROAD","SIDESWIPE SAME DIRECTION","ONE-WAY",,"STRAIGHT AND LEVEL","DRY","NO DEFECTS","ON SCENE","NO INJURY / DRIVE AWAY",,,,"OVER $1,500","2020-11-18T21:15:00.000","UNABLE TO DETERMINE","NOT APPLICABLE","3","W","TERMINAL ST","1653",,,,,,,"2.0","11","NO INDICATION OF INJURY","0.0","0","0","0","0","2","0","19","4","X002076785",,,
"b52440835d76867837913e41281720b9deaf5c41c238e647a63eec41bf1ff57e0a988765ac9a9799eb60cd2c4af3ea81443bb6c486739a553819f69a0cd3082a",,"2020-12-29T07:15:00.000","35","NO CONTROLS","NO CONTROLS","CLEAR","DAWN","SIDESWIPE SAME DIRECTION","NOT DIVIDED",,"CURVE, LEVEL","DRY","NO DEFECTS","NOT ON SCENE (DESK REPORT)","NO INJURY / DRIVE AWAY",,,,"$500 OR LESS","2020-12-29T07:30:00.000","IMPROPER LANE USAGE","NOT APPLICABLE","1","W","HELIPAD ST","1654",,,,,,,"2.0","12","NO INDICATION OF INJURY","0.0","0","0","0","0","2","0","7","3","X002109424",,,
"9aa177edcf57498632d6a6998f94c0699063f2c475af4691204048c5ad4cfb448103d2e0ef1ee4fbd2653451397c04917b7d013479368506d9f88c0c17bd5436",,"2020-12-05T20:50:00.000","30","TRAFFIC SIGNAL","FUNCTIONING PROPERLY","CLEAR","DARKNESS","TURNING","T-INTERSECTION",,"STRAIGHT AND LEVEL","DRY","NO DEFECTS","NOT ON SCENE (DESK REPORT)","NO INJURY / DRIVE AWAY",,,,"OVER $1,500","2020-12-05T20:57:00.000","IMPROPER TURNING/NO SIGNAL","UNABLE TO DETERMINE","841","S","AUSTIN BLVD","1513",,,,,,,"2.0","12","NO INDICATION OF INJURY","0.0","0","0","0","0","3","0","20","7","X002090551",,,
"bff5a60ae90abdf25cc16c5e275ba1f31e6100f457fca9070fed81203fd10c9bf280ac2a3ed6e2d5750aecdb1c55487f6f137efb6e2650a929b96745ceed0cc2",,"2020-12-11T21:55:00.000","45","TRAFFIC SIGNAL","FUNCTIONING PROPERLY","RAIN","DARKNESS, LIGHTED ROAD","REAR END","DIVIDED - W/MEDIAN (NOT RAISED)",,"STRAIGHT AND LEVEL","WET","NO DEFECTS","ON SCENE","NO INJURY / DRIVE AWAY",,,,"OVER $1,500","2020-12-11T22:00:00.000","FOLLOWING TOO CLOSELY","WEATHER","4331","N","MANNHEIM RD","1654",,,,,,,"2.0","12","NO INDICATION OF INJURY","0.0","0","0","0","0","2","0","21","6","X002097674",,,
"01fbc58e11f4eba98b3aabefcc26c9a8247ee52844059ad9b8fdd612ed6776191b4a09e14e08e13c34341af4be84f80e1631ba84b661aa7201394474493f0eca","Y","2020-12-17T16:00:00.000","20","NO CONTROLS","NO CONTROLS","CLEAR","DAYLIGHT","PARKED MOTOR VEHICLE","OTHER",,"STRAIGHT AND LEVEL","DRY","NO DEFECTS","ON SCENE","NO INJURY / DRIVE AWAY",,"Y","Y","$501 - $1,500","2020-12-18T17:00:00.000","IMPROPER BACKING","NOT APPLICABLE","600","W","OHARE ST","1654",,,,,,,"2.0","12","NO INDICATION OF INJURY","0.0","0","0","0","0","1","0","16","5","X002102379",,,
"138e7eb54ce715f7457bd1ab6d31889615cff4145720f487583ce83f80959f3a23e05b645befe55824bb07880751362f79d80a2534246577d7be752f6e3f1907",,"2021-01-16T18:00:00.000","30","TRAFFIC SIGNAL","FUNCTIONING PROPERLY","OTHER","DARKNESS","SIDESWIPE SAME DIRECTION","DIVIDED - W/MEDIAN BARRIER",,"STRAIGHT AND LEVEL","WET","NO DEFECTS","ON SCENE","NO INJURY / DRIVE AWAY",,,"Y","OVER $1,500","2021-01-16T18:10:00.000","UNABLE TO DETERMINE","OPERATING VEHICLE IN ERRATIC, RECKLESS, CARELESS, NEGLIGENT OR AGGRESSIVE MANNER","6258","S","LAKE SHORE DR","331",,,,,,,"2.0","1","NO INDICATION OF INJURY","0.0","0","0","0","0","5","0","18","7","X002126035",,,
"343e5200a438a5d6fda1712e17b13079452953b3a4dd9bd3c736af4a98c65b2e5be28f09f5a9185650b028f81de059edbdc7e21c483c9c8a35d02a1911107919",,"2020-12-25T18:33:00.000","30","NO CONTROLS","NO CONTROLS","CLEAR","DARKNESS, LIGHTED ROAD","PARKED MOTOR VEHICLE","NOT DIVIDED",,"STRAIGHT AND LEVEL","DRY","NO DEFECTS","ON SCENE","INJURY AND / OR TOW DUE TO CRASH",,,,"OVER $1,500","2020-12-25T18:40:00.000","FAILING TO REDUCE SPEED TO AVOID CRASH","UNABLE TO DETERMINE","82","E","BANKS ST","1824",,,,,,,"3.0","12","NO INDICATION OF INJURY","0.0","0","0","0","0","1","0","18","6","X002106858",,,
"2f012732b344eece7b8c56e157137575343803ce7105ca183f3ab98b9f24bd80d3f22df40bd4d9242ffc69693f44d7f163de96ef89a12744a43b263eeae5c380",,"2020-11-26T15:00:00.000","35","TRAFFIC SIGNAL","FUNCTIONING PROPERLY","CLEAR","DAYLIGHT","REAR END","NOT DIVIDED",,"STRAIGHT AND LEVEL","DRY","UNKNOWN","ON SCENE","INJURY AND / OR TOW DUE TO CRASH",,,,"OVER $1,500","2020-11-26T15:45:00.000","NOT APPLICABLE","NOT APPLICABLE","1662","W","111TH ST","2234",,,,,,,"2.0","11","NO INDICATION OF INJURY","0.0","0","0","0","0","2","0","15","5","X002083058",,,
"7dc5b04e24fa8031c4d4562e06e864f725c86eecce99a0cf193ea1cc5b331e50a20768c5a911e5288f8af4aac0b739409574c4ea213c6aaa381085afee4f1162",,"2025-01-03T19:00:00.000","30","UNKNOWN","UNKNOWN","UNKNOWN","DARKNESS","REAR END","UNKNOWN",,"STRAIGHT AND LEVEL","UNKNOWN","NO DEFECTS","NOT ON SCENE (DESK REPORT)","INJURY AND / OR TOW DUE TO CRASH",,,,"OVER $1,500","2025-01-06T18:30:00.000","UNABLE TO DETERMINE","NOT APPLICABLE","13000","S","STONY ISLAND AVE","434",,,,,,,"3.0","1","NONINCAPACITATING INJURY","1.0","0","0","1","0","2","0","19","6","X003682413",,,
"4317bd3aefed8261ed8c2c538839a7c90388448b87dbddc9b56dfe31380562bfafcf00cf6d16bab258efed165fa2472b2ddb956684c5ddb36b336cc305ca93a1",,"2024-12-22T20:02:00.000","10","TRAFFIC SIGNAL","FUNCTIONING PROPERLY","CLEAR","DARKNESS, LIGHTED ROAD","TURNING","FOUR WAY",,"STRAIGHT AND LEVEL","DRY","NO DEFECTS","ON SCENE","INJURY AND / OR TOW DUE TO CRASH","Y",,,"OVER $1,500","2024-12-22T20:10:00.000","FAILING TO YIELD RIGHT-OF-WAY","DRIVING SKILLS/KNOWLEDGE/EXPERIENCE","10200","W","BALMORAL AVE","1654",,,,,,,"2.0","12","NO INDICATION OF INJURY","0.0","0","0","0","0","2","0","20","1","X003668467",,,
"3918b7a1cdab72d2ac759b13ff554b6d6068201093503802e72665375a4e58d051aba063844e3348a7b12062c29930dcc02c56aaa390443955ee4af81ac5562e",,"2024-12-19T05:51:00.000","20","NO CONTROLS","NO CONTROLS","CLEAR","DAYLIGHT","REAR END","ONE-WAY",,"STRAIGHT AND LEVEL","DRY","NO DEFECTS",,"NO INJURY / DRIVE AWAY",,,,"OVER $1,500","2024-12-19T06:05:00.000","DRIVING SKILLS/KNOWLEDGE/EXPERIENCE","UNABLE TO DETERMINE","3","W","TERMINAL ST","1653",,,,,,,"2.0","12","NO INDICATION OF INJURY","0.0","0","0","0","0","2","0","5","5","X003664798",,,
"6a62b75e228e17cfa7d71549d1a2569dd43e40cc0d2986e2a14bf631b4f47313148dbe498d0f0a916b433386f47c46173439dfc5223de23b60f4b342ab1438b3",,"2017-10-15T06:03:00.000","30","TRAFFIC SIGNAL","FUNCTIONING PROPERLY","RAIN","DAWN","ANGLE","ONE-WAY",,"STRAIGHT AND LEVEL","WET","NO DEFECTS","ON SCENE","NO INJURY / DRIVE AWAY",,,,"$501 - $1,500","2017-10-15T06:15:00.000","WEATHER","NOT APPLICABLE","9830","S","HALSTED ST","2223",,,,,,,"3","10","NO INDICATION OF INJURY","0","0","0","0","0","2","0","6","1","X000939839","41.7151494564","-87.6431879176","POINT (-87.643187917608 41.715149456405)"
"7a88819732c609a25faf2ff504355be7064abf6ec3d0510f6749a97e9edd3afbe9cbe886e473eedb3cb0a14290b93caff495d969e853b82fe8777553b07cd822",,"2025-01-06T15:35:00.000","30","NO CONTROLS","NO CONTROLS","RAIN","DAYLIGHT","REAR END","DIVIDED - W/MEDIAN BARRIER",,"STRAIGHT AND LEVEL","WET","NO DEFECTS","ON SCENE","NO INJURY / DRIVE AWAY",,,,"OVER $1,500","2025-01-06T15:40:00.000","FOLLOWING TOO CLOSELY","NOT APPLICABLE","172","N","BESSIE COLEMAN DR","1654",,,,,,,"2.0","1","NO INDICATION OF INJURY","0.0","0","0","0","0","2","0","15","2","X003682245",,,
"bd32852240cc7966156e8e7f495d26396d5f7addec448f966e85ec024c892c7de0e88ec409c0545933c0d6cb6b4de3dc708729e252a979b1eb26ceeccaa6123a",,"2024-12-20T05:30:00.000","20","NO CONTROLS","NO CONTROLS","SNOW","DARKNESS, LIGHTED ROAD","REAR END","ONE-WAY",,"STRAIGHT AND LEVEL","SNOW OR SLUSH","NO DEFECTS","ON SCENE","NO INJURY / DRIVE AWAY",,,"Y","OVER $1,500","2024-12-20T05:35:00.000","FOLLOWING TOO CLOSELY","NOT APPLICABLE","2","W","TERMINAL ST","1652",,,,,,,"3.0","12","NO INDICATION OF INJURY","0.0","0","0","0","0","3","0","5","6","X003666164",,,
"c257a8f41462e32cb48e3b5894ff3d73e4813206d06942474f76c3bd84b9d0ba2f23310dffbc49a7b7fac3e88326a4da148e02ea8330d62c387e4d442cdb52c6",,"2025-01-06T09:47:00.000","30","STOP SIGN/FLASHER","FUNCTIONING PROPERLY","FREEZING RAIN/DRIZZLE","DAYLIGHT","TURNING","NOT DIVIDED",,"STRAIGHT AND LEVEL","WET","NO DEFECTS","ON SCENE","NO INJURY / DRIVE AWAY","Y",,,"OVER $1,500","2025-01-06T09:47:00.000","FAILING TO YIELD RIGHT-OF-WAY","UNABLE TO DETERMINE","817","S","AUSTIN BLVD","1513",,,,,,,"2.0","1","NO INDICATION OF INJURY","0.0","0","0","0","0","2","0","9","2","X003681914",,,
"7fb50e5b6eaade81716e3e7ce501fbe11df00be5fe89f9fb2776aa1194ebfdd8452207caf4eec2b305e9cede4d9cabda4aa803d4b4ebf538449fd57ee8f51ed3",,"2017-10-17T08:20:00.000","35","TRAFFIC SIGNAL","FUNCTIONING PROPERLY","CLEAR","DAYLIGHT","REAR END","DIVIDED - W/MEDIAN (NOT RAISED)","4","STRAIGHT AND LEVEL","DRY","NO DEFECTS","NOT ON SCENE (DESK REPORT)","NO INJURY / DRIVE AWAY",,,,"$501 - $1,500","2017-10-17T09:30:00.000","FOLLOWING TOO CLOSELY","NOT APPLICABLE","5553","N","EAST RIVER RD","1614",,,,,,,"2.0","10","NO INDICATION OF INJURY","0.0","0","0","0","0","2","0","8","3","X000942042","41.9807048096","-87.8462883315","POINT (-87.846288331474 41.980704809628)"
"bb841c0e7b9fcd67db6c70720529882a6eddc6071b90f00a000e7ec25669ec9f8f899e7f4520d6b29fe6ccaac51be0819bfcf4370714a37d239403dceb232c17",,"2020-12-01T15:51:00.000","30","UNKNOWN","UNKNOWN","CLEAR","DAYLIGHT","REAR END","ONE-WAY",,"STRAIGHT AND LEVEL","DRY","UNKNOWN","ON SCENE","NO INJURY / DRIVE AWAY",,,"Y","OVER $1,500","2020-12-01T16:13:00.000","UNABLE TO DETERMINE","UNABLE TO DETERMINE","3899","S","LA SALLE ST","213",,,,,,,"2","12","NO INDICATION OF INJURY","0","0","0","0","0","32","0","15","3","X002086670","41.8236906359","-87.6294942884","POINT (-87.629494288434 41.82369063588)"
"f4450e3eaa2ad0250cc203921f1e00e85861975e7f01df0b5280a63818ab76e2e02bd044832a190964e4762fc1791c3981478d291616d02ab085a0fb9cc0d9f6",,"2020-11-19T04:35:00.000","30","NO CONTROLS","NO CONTROLS","CLEAR","DARKNESS, LIGHTED ROAD","FIXED OBJECT","NOT DIVIDED",,"STRAIGHT AND LEVEL","DRY","NO DEFECTS","ON SCENE","INJURY AND / OR TOW DUE TO CRASH",,,,"OVER $1,500","2020-11-19T04:42:00.000","UNABLE TO DETERMINE","NOT APPLICABLE","3064","S","ROCKWELL ST","1034",,,,,,,"1.0","11","INCAPACITATING INJURY","2.0","0","2","0","0","0","0","4","5","X002076919",,,
"9cdbc749916f15597767f31ec895733565b5dd3b2062fa9c499e2061588571a1d3afaa49cd6d4a5b72abcd041b57a9f984c37f402fb11e1b8c5f6b9df313df85",,"2021-01-04T10:45:00.000","15","NO CONTROLS","NO CONTROLS","CLEAR","DAYLIGHT","PARKED MOTOR VEHICLE","ONE-WAY",,"STRAIGHT AND LEVEL","DRY","NO DEFECTS","ON SCENE","NO INJURY / DRIVE AWAY",,,,"$500 OR LESS","2021-01-04T10:50:00.000","NOT APPLICABLE","NOT APPLICABLE","10255","W","ZEMKE RD","1654",,,,,,,"2","1","NO INDICATION OF INJURY","0","0","0","0","0","1","0","10","2","X002117846","41.9947933861","-87.8827076595","POINT (-87.882707659516 41.994793386112)"
"42ba17bb9a1536d4c87fcc05d98ef916a8b59da60168851798be8b3596cc19cca9d196c2c956c410ee061bdb071f5caf42b2a6ce7de26bb65eb7e83521983934",,"2020-11-20T23:08:00.000","25","NO CONTROLS","NO CONTROLS","CLEAR","DARKNESS, LIGHTED ROAD","FIXED OBJECT","NOT DIVIDED",,"CURVE, LEVEL","DRY","NO DEFECTS","ON SCENE","INJURY AND / OR TOW DUE TO CRASH",,,,"OVER $1,500","2020-11-20T23:08:00.000","OPERATING VEHICLE IN ERRATIC, RECKLESS, CARELESS, NEGLIGENT OR AGGRESSIVE MANNER","NOT APPLICABLE","507","W","83RD ST","622",,,,,,,"1.0","11","NONINCAPACITATING INJURY","1.0","0","0","1","0","0","0","23","6","X002077858",,,
"8d6e7e33eccdb41c0f324831a576a7f25c9bf4f3f7b3d59cc8cb882a8fde9add574c5e08e68435b068e730d187c6aa242f8d9ff73d5bcd0d0d6b926e797f98d2",,"2020-11-24T20:40:00.000","30","UNKNOWN","UNKNOWN","UNKNOWN","DARKNESS, LIGHTED ROAD","FIXED OBJECT","NOT DIVIDED",,"STRAIGHT AND LEVEL","WET","UNKNOWN","ON SCENE","INJURY AND / OR TOW DUE TO CRASH",,,,"$501 - $1,500","2020-11-24T20:44:00.000","NOT APPLICABLE","NOT APPLICABLE","2615","S","CALIFORNIA AVE","1034",,,,,,,"1.0","11","REPORTED, NOT EVIDENT","1.0","0","0","0","1","0","0","20","3","X002082253",,,
"9608051049fa4fc2bde90504aaaacd8b47843935f807be04a74bdca6fdbe590f0c09fe95edb6764f80d5af2f137a826997e7102597a93ea451330f2a88755f55",,"2020-12-07T14:37:00.000","15","TRAFFIC SIGNAL","FUNCTIONING PROPERLY","CLEAR","DAYLIGHT","SIDESWIPE SAME DIRECTION","OTHER",,"STRAIGHT AND LEVEL","DRY","NO DEFECTS","NOT ON SCENE (DESK REPORT)","NO INJURY / DRIVE AWAY",,,"Y","$500 OR LESS","2020-12-07T15:00:00.000","IMPROPER OVERTAKING/PASSING","FAILING TO YIELD RIGHT-OF-WAY","5500","S","WENTWORTH AVE","225",,,,,,,"2.0","12","NO INDICATION OF INJURY","0.0","0","0","0","0","2","0","14","2","X002091693",,,
"67d6f9f098f2edb573fd077f33d0af1565fc4ca1358e664054c89aeb11f772c2126e915ec4af428dd9566fa948b49c455938f71b12e8e4cdfe3ade074b3af8e0",,"2020-12-14T14:37:00.000","30","UNKNOWN","UNKNOWN","UNKNOWN","DAYLIGHT","PARKED MOTOR VEHICLE","ONE-WAY",,"STRAIGHT AND LEVEL","UNKNOWN","UNKNOWN","ON SCENE","NO INJURY / DRIVE AWAY","N",,"Y","OVER $1,500","2020-12-14T14:47:00.000","UNABLE TO DETERMINE","NOT APPLICABLE","598","W","SURF ST","1934",,,,,,,"3.0","12","NO INDICATION OF INJURY","0.0","0","0","0","0","1","0","14","2","X002097704",,,
"8ea5a37e17eae567ec110f16c697133eada3c7571253c83172135ea7a0bacc9b6a8a916c8c404bffd8a1154063e39cfd11d48e3d8b559c9a785d525dfc499cf3",,"2020-12-06T11:40:00.000","30","TRAFFIC SIGNAL","FUNCTIONING PROPERLY","CLEAR","DAYLIGHT","PARKED MOTOR VEHICLE","OTHER",,"STRAIGHT AND LEVEL","WET","UNKNOWN","ON SCENE","NO INJURY / DRIVE AWAY",,,,"$501 - $1,500","2020-12-06T11:40:00.000","NOT APPLICABLE","NOT APPLICABLE","7601","S","JEFFERY BLVD","414",,,,,,,"2","12",,,,,,,,,"11","1","X002090476","41.7569700964","-87.5759544623","POINT (-87.575954462331 41.756970096425)"
"da1f4987d778b7f95fb6f6aa8f22273ce0b0af3df85d07b72cf77e2e5006fd0080993cbd7a6c48e15621a0fa5bb98934fff487ee9db7ca9380d50a3c6ac70ad7",,"2020-12-19T12:41:00.000","10","NO CONTROLS","OTHER","CLEAR","DARKNESS, LIGHTED ROAD","ANGLE","PARKING LOT",,"STRAIGHT AND LEVEL","WET","NO DEFECTS","ON SCENE","NO INJURY / DRIVE AWAY","Y",,,"$501 - $1,500","2020-12-19T13:35:00.000","FAILING TO YIELD RIGHT-OF-WAY","FAILING TO YIELD RIGHT-OF-WAY","1","W","PARKING LOT A ST","1654",,,,,,,"2.0","12","NO INDICATION OF INJURY","0.0","0","0","0","0","2","0","12","7","X002112883",,,
"37a9d012c84585d8161fd445fdf4dbece44eafc0013e857e9bbc4f130d46fdd29251a6a5aff702d03084bb03bba352939c93218f67392530309bfbc978dcc288",,"2020-11-29T19:55:00.000","25","NO CONTROLS","NO CONTROLS","CLEAR","DARKNESS, LIGHTED ROAD","PARKED MOTOR VEHICLE","ONE-WAY",,"STRAIGHT AND LEVEL","DRY","NO DEFECTS","ON SCENE","NO INJURY / DRIVE AWAY",,,"Y","OVER $1,500","2020-11-29T19:57:00.000","IMPROPER LANE USAGE","UNABLE TO DETERMINE","3","W","TERMINAL ST","1653",,,,,,,"2.0","11","NO INDICATION OF INJURY","0.0","0","0","0","0","1","0","19","1","X002085260",,,
"3dab233a96f7b8dc25c4914742052f39fe50d85b04b23a70538d584825ec8c50de2e2581fd3c5808371bf9fecfe304671be65e8403a4e45e529934ace57d9129",,"2021-01-11T14:38:00.000","20","NO CONTROLS","NO CONTROLS","CLEAR","DAYLIGHT","SIDESWIPE SAME DIRECTION","OTHER",,"STRAIGHT AND LEVEL","DRY","NO DEFECTS","ON SCENE","INJURY AND / OR TOW DUE TO CRASH",,,,"$501 - $1,500","2021-01-11T14:46:00.000","FAILING TO YIELD RIGHT-OF-WAY","VISION OBSCURED (SIGNS, TREE LIMBS, BUILDINGS, ETC.)","3","W","TERMINAL ST","1653",,,,,,,"2.0","1","NO INDICATION OF INJURY","0.0","0","0","0","0","2","0","14","2","X002121139",,,
"513fd1498784061f283097d1884c4e0b152808946a184b2061d9d8f598fce44076e7496a21e43db04f85df0d556bb12fa8d2f4facde3463d2ad7e68bc1e3171d",,"2020-12-24T14:31:00.000","20","TRAFFIC SIGNAL","NO CONTROLS","CLEAR","DAYLIGHT","SIDESWIPE SAME DIRECTION","RAMP",,"STRAIGHT AND LEVEL","DRY","NO DEFECTS","NOT ON SCENE (DESK REPORT)","NO INJURY / DRIVE AWAY",,,,"OVER $1,500","2020-12-24T14:40:00.000","IMPROPER LANE USAGE","NOT APPLICABLE","5","W","TERMINAL ST","1655",,,,,,,"2.0","12","NO INDICATION OF INJURY","0.0","0","0","0","0","2","0","14","5","X002106822",,,
"f699bbeb7265575e61534f574b4b14e0a03ef37f91ceee73cf1395f5a88916838c9001c8bdc8dbb094251dfaf1883a0f6e17bdfca718caffbe1ae46f3fae90df",,"2021-01-21T18:45:00.000","30","TRAFFIC SIGNAL","FUNCTIONING PROPERLY","CLEAR","DARKNESS, LIGHTED ROAD","REAR END","FOUR WAY",,"STRAIGHT AND LEVEL","DRY","NO DEFECTS","NOT ON SCENE (DESK REPORT)","NO INJURY / DRIVE AWAY",,,,"$501 - $1,500","2021-01-21T19:15:00.000","UNABLE TO DETERMINE","UNABLE TO DETERMINE","1700","S","KEDZIE AVE","1022",,,,,,,"2.0","1","NO INDICATION OF INJURY","0.0","0","0","0","0","3","0","18","5","X002129814",,,
"71c601e0909573d0abce4d3697e76873ee4e0ec8beace42ab299bbcd850ca08266f3598b653187cf165686f089f2a951f269a1654741947403cdce87ea078f3a",,"2020-11-20T19:15:00.000","15","NO CONTROLS","NO CONTROLS","CLEAR","DARKNESS, LIGHTED ROAD","SIDESWIPE SAME DIRECTION","ONE-WAY",,"STRAIGHT AND LEVEL","DRY","NO DEFECTS","ON SCENE","NO INJURY / DRIVE AWAY",,,,"OVER $1,500","2020-11-20T19:17:00.000","UNABLE TO DETERMINE","UNABLE TO DETERMINE","1","W","TERMINAL ST","1651",,,,,,,"3.0","11","NO INDICATION OF INJURY","0.0","0","0","0","0","3","0","19","6","X002081130",,,
"05b32156cf788e487f5ac8ff8ca8ada835805818a2ad30259d2e786a4dc9fbd70243e7c9acdd3d60efa75c714b69fbe5874d8f5aac18a52635ea456150f2d0bf",,"2021-01-13T14:00:00.000","30","NO CONTROLS","NO CONTROLS","CLEAR","DAYLIGHT","REAR END","NOT DIVIDED",,"STRAIGHT AND LEVEL","DRY","NO DEFECTS","ON SCENE","NO INJURY / DRIVE AWAY","N",,"Y","OVER $1,500","2021-01-13T14:00:00.000","FOLLOWING TOO CLOSELY","UNABLE TO DETERMINE","105","E","47TH ST","224",,,,,,,"3","1","NO INDICATION OF INJURY","0","0","0","0","0","3","0","14","4","X002124047","41.8091812937","-87.6225691339","POINT (-87.622569133922 41.809181293691)"
"f59f115cb6eda57e929debe2c17026ca17bce6ad0d9842cdcec64f1779dada0c32925d2209fe9ac280cc57acafb6462896470052d27d63d2eae5c8e7e36fdb06",,"2020-11-18T19:20:00.000","55","NO CONTROLS","NO CONTROLS","RAIN","DARKNESS","FIXED OBJECT","RAMP",,"CURVE ON GRADE","WET","NO DEFECTS","ON SCENE","INJURY AND / OR TOW DUE TO CRASH",,,,"$501 - $1,500","2020-11-25T19:24:00.000","WEATHER","NOT APPLICABLE","6501","S","CHICAGO SKYWAY IB","312",,,,,,,"2.0","11","NO INDICATION OF INJURY","0.0","0","0","0","0","1","0","19","4","X002082650",,,
"5466c65aa0ba6c4811fb8bbb5ff5e09574a603d97ca90ab07ff1fdfd5367f6fdecf34dd3028a774b05f87c35d9e232e13bcd73682bec459352e5bbe51c7a2766",,"2020-11-27T07:15:00.000","15","NO CONTROLS","NO CONTROLS","CLEAR","DARKNESS, LIGHTED ROAD","PARKED MOTOR VEHICLE","PARKING LOT",,"STRAIGHT AND LEVEL","DRY","NO DEFECTS","ON SCENE","NO INJURY / DRIVE AWAY",,,,"$501 - $1,500","2020-11-27T07:20:00.000","FAILING TO YIELD RIGHT-OF-WAY","NOT APPLICABLE","514","W","OHARE ST","1654",,,,,,,"2.0","11","NO INDICATION OF INJURY","0.0","0","0","0","0","1","0","7","6","X002083635",,,
"ac45c7e3b5f9647c5e2f55959fd7f57c55fca34880d6823e0c224014ff05844986a141ac19e9fdd5f16b3073666331ced85041c9de447e2774e62c6d5ad30315",,"2021-01-24T16:00:00.000","10","NO CONTROLS","NO CONTROLS","CLEAR","DAYLIGHT","SIDESWIPE SAME DIRECTION","PARKING LOT",,"STRAIGHT AND LEVEL","DRY","UNKNOWN","ON SCENE","NO INJURY / DRIVE AWAY",,,,"OVER $1,500","2021-01-24T16:00:00.000","UNABLE TO DETERMINE","UNABLE TO DETERMINE","616","W","OHARE ST","1654",,,,,,,"2.0","1","NO INDICATION OF INJURY","0.0","0","0","0","0","2","0","16","1","X002133011",,,
"5e17d76183f8134915fb14ac71e363fefe9b98c0d60ede81a223ef81430bf55b15e2ca53b1067b2bf33f53ceae5f3ef51424ecd5953574fa6ef8184f15923b72",,"2021-01-25T20:30:00.000","25","NO CONTROLS","NO CONTROLS","SNOW","DARKNESS, LIGHTED ROAD","TURNING","OTHER",,"STRAIGHT AND LEVEL","SNOW OR SLUSH","NO DEFECTS","ON SCENE","NO INJURY / DRIVE AWAY",,,,"OVER $1,500","2021-01-25T20:35:00.000","WEATHER","WEATHER","516","W","OHARE ST","1654",,,,,,,"2.0","1","NO INDICATION OF INJURY","0.0","0","0","0","0","2","0","20","2","X002137555",,,
"ad0580822009ed6b415d60d6d37fde980aedbffd5dd0c672c161bf98582c0d9bf393f1b69bb1522e0d59313903f3f04d4ec901bbc9a257490d47e04c9fbcc8e3",,"2020-12-01T06:30:00.000","20","NO CONTROLS","NO CONTROLS","CLEAR","DAWN","OTHER OBJECT","PARKING LOT",,"STRAIGHT AND LEVEL","DRY","RUT, HOLES","ON SCENE","INJURY AND / OR TOW DUE TO CRASH",,,,"OVER $1,500","2020-12-02T06:04:00.000","FOLLOWING TOO CLOSELY","DRIVING SKILLS/KNOWLEDGE/EXPERIENCE","450","W","OHARE ST","1654",,,,,,,"1.0","12","NO INDICATION OF INJURY","0.0","0","0","0","0","1","0","6","3","X002087155",,,
"b47709893ae3c8f8ec9ed73ccf8e10984d1d6eed7292e15852ab51636f44c199d6c46164954b2dbfc3f7ab775da2d67ef734aad322e4ace70d37e008272d0578",,"2020-12-08T11:33:00.000","45","TRAFFIC SIGNAL","FUNCTIONING PROPERLY","UNKNOWN","DAYLIGHT","REAR END","DIVIDED - W/MEDIAN BARRIER",,"STRAIGHT AND LEVEL","UNKNOWN","NO DEFECTS","NOT ON SCENE (DESK REPORT)","NO INJURY / DRIVE AWAY",,,,"OVER $1,500","2020-12-08T12:45:00.000","UNABLE TO DETERMINE","UNABLE TO DETERMINE","6258","S","LAKE SHORE DR","331",,,,,,,"2.0","12","NO INDICATION OF INJURY","0.0","0","0","0","0","2","0","11","3","X002092780",,,
"43e7db7ba80ca3141360712e1b4c4690befc95601782c4f0678892180959fe25e92ca0cf809e5e4ec82a3c1018a3a379329282373090b0970a2bcff09051e48c",,"2020-12-13T04:00:00.000","0","NO CONTROLS","NO CONTROLS","CLEAR","DAYLIGHT","PARKED MOTOR VEHICLE","PARKING LOT",,"STRAIGHT AND LEVEL","DRY","NO DEFECTS","NOT ON SCENE (DESK REPORT)","NO INJURY / DRIVE AWAY",,,"Y","$501 - $1,500","2020-12-14T22:12:00.000","UNABLE TO DETERMINE","UNABLE TO DETERMINE","350","N","LOWER LA SALLE ST","1831",,,,,,,"2.0","12","NO INDICATION OF INJURY","0.0","0","0","0","0","1","0","4","1","X002099907",,,
"4f04a8c87bcf32c32fe4cc6ba81287335d99153ef166e485ce18ae2728be59222bf8944a9b6531ebaa461bc41fb7a61e47f8f09abcfc049330a766d9020259fb",,"2020-12-02T09:01:00.000","25","TRAFFIC SIGNAL","FUNCTIONING PROPERLY","CLEAR","DAYLIGHT","REAR END","OTHER",,"STRAIGHT AND LEVEL","DRY","NO DEFECTS","ON SCENE","INJURY AND / OR TOW DUE TO CRASH",,,,"OVER $1,500","2020-12-02T09:01:00.000","FAILING TO REDUCE SPEED TO AVOID CRASH","UNABLE TO DETERMINE","11247","S","HAMLET AVE","2234",,,,,,,"2.0","12","NONINCAPACITATING INJURY","1.0","0","0","1","0","2","0","9","4","X002090212",,,
"170c7be0b9c31656ea798dd300042411b9f08a68fc26fdf7e8310b33a18424f0e6b74f20a370fbdb5eb3d6023316640595589a87acaf56d985a8bf73fcdb2858",,"2020-12-31T19:50:00.000","30","NO CONTROLS","NO CONTROLS","CLEAR","DUSK","REAR END","NOT DIVIDED",,"STRAIGHT AND LEVEL","DRY","NO DEFECTS","ON SCENE","NO INJURY / DRIVE AWAY",,,"Y","OVER $1,500","2020-12-31T20:01:00.000","UNABLE TO DETERMINE","UNABLE TO DETERMINE","1239","W","LAKE ST","1224",,,,,,,"2","12","NO INDICATION OF INJURY","0","0","0","0","0","2","0","19","5","X002112288","41.8853702013","-87.6583666493","POINT (-87.658366649327 41.885370201339)"
"135c1de152d7e9cc9e5e98ff984cfeb217b3212b46b1e5a6737de7bee0fa2543843823d631c429aadecebfdc1d684dfa2d8d08dc4b2b13821cdbdb26bdff697a",,"2020-11-22T18:15:00.000","25","NO CONTROLS","NO CONTROLS","CLEAR","DARKNESS, LIGHTED ROAD","REAR END","ONE-WAY",,"STRAIGHT AND LEVEL","DRY","NO DEFECTS","ON SCENE","NO INJURY / DRIVE AWAY",,,,"OVER $1,500","2020-11-22T18:15:00.000","FOLLOWING TOO CLOSELY","UNABLE TO DETERMINE","1","W","TERMINAL ST","1651",,,,,,,"3.0","11","NO INDICATION OF INJURY","0.0","0","0","0","0","3","0","18","1","X002081129",,,
"56bda4ffc60f43ae89844d17c1443d305485319b54b8d070c85a924aa95eaafd0ee61d4aed6b57e3352356cfe2341efa6644e3094baa4fad81d624bca0b96a88",,"2017-09-12T13:00:00.000","30","NO CONTROLS","NO CONTROLS","CLEAR","DAYLIGHT","REAR END","NOT DIVIDED",,"STRAIGHT AND LEVEL","DRY","NO DEFECTS","NOT ON SCENE (DESK REPORT)","NO INJURY / DRIVE AWAY",,,,"$501 - $1,500","2017-09-14T11:00:00.000","UNABLE TO DETERMINE","UNABLE TO DETERMINE","8716","S","WALLACE ST","2223",,,,,,,"2.0","9","NO INDICATION OF INJURY","0.0","0","0","0","0","2","0","13","3","X000908926","41.735367667","-87.6388790407","POINT (-87.638879040659 41.73536766705)"
"4150aa56f143b44d845e2d9ba896b0b7d9c7b611d6482b0503d88dc4b4eaee1eab1fb0e2f9c64c405892d663dd2ad26b647c78b1303db6f07703360b1812bcc7",,"2024-12-28T23:55:00.000","10","NO CONTROLS","NO CONTROLS","RAIN","DARKNESS","SIDESWIPE SAME DIRECTION","ONE-WAY",,"STRAIGHT AND LEVEL","WET","NO DEFECTS","ON SCENE","NO INJURY / DRIVE AWAY",,,,"OVER $1,500","2024-12-28T23:58:00.000","FAILING TO YIELD RIGHT-OF-WAY","UNABLE TO DETERMINE","10020","W","BALMORAL AVE","1654",,,,,,,"2.0","12","NO INDICATION OF INJURY","0.0","0","0","0","0","2","0","23","7","X003674971",,,
"ede34375ca2bceed4ff6c02ffc664401d2f675b1500bdb4e0e2b7e3e8c3fb732f7842bf199a296b2bba86e46167878ff4b651d644d5bbb70986233345e41d44d",,"2025-01-04T19:48:00.000","30","UNKNOWN","UNKNOWN","UNKNOWN","UNKNOWN","SIDESWIPE OPPOSITE DIRECTION","UNKNOWN",,"STRAIGHT AND LEVEL","UNKNOWN","UNKNOWN","NOT ON SCENE (DESK REPORT)","NO INJURY / DRIVE AWAY",,,,"$500 OR LESS","2025-01-07T13:55:00.000","UNABLE TO DETERMINE","UNABLE TO DETERMINE","10000","W","BALMORAL AVE","1654",,,,,,,"2.0","1","NO INDICATION OF INJURY","0.0","0","0","0","0","2","0","19","7","X003683261",,,
"bc631ea415a1eb5372633c7a938e1c115e6d867651200af20b6b764571a00b9edec2d49ef57ec832042154995156e5cac398fbc9e8676f76e0e4dde5fb382e8d",,"2025-01-12T19:00:00.000","10","STOP SIGN/FLASHER","NO CONTROLS","CLEAR","DARKNESS, LIGHTED ROAD","FIXED OBJECT","PARKING LOT",,"STRAIGHT AND LEVEL","WET","NO DEFECTS","ON SCENE","NO INJURY / DRIVE AWAY",,,,"OVER $1,500","2025-01-12T19:35:00.000","UNABLE TO DETERMINE","NOT APPLICABLE","1","W","PARKING LOT A ST","1654",,,,,,,"1.0","1","NO INDICATION OF INJURY","0.0","0","0","0","0","1","0","19","1","X003690502",,,
"73f5356c81f7e9de50ff39816d93c350b4eb415856e5e888695ddffb06c2839fca7070b2ddc987b7e49d7a43f593c80c9aecd5175b6e50f3b5cb430efc0c9223",,"2025-01-19T15:25:00.000","30","UNKNOWN","UNKNOWN","CLEAR","DAYLIGHT","TURNING","DIVIDED - W/MEDIAN (NOT RAISED)",,"STRAIGHT AND LEVEL","DRY","UNKNOWN","ON SCENE","NO INJURY / DRIVE AWAY",,,"Y","$501 - $1,500","2025-01-19T15:35:00.000","NOT APPLICABLE","FAILING TO YIELD RIGHT-OF-WAY","8899","S","COLFAX AVE","423",,,,,,,"2.0","1","NO INDICATION OF INJURY","0.0","0","0","0","0","2","0","15","1","X003696949",,,
"68f849073e28113963cb9d1d2cc5f23f04eea8660c3896f55333f9ab278a10d7f81acd351b1048bfe5eaffc272d6ad169190a6ab18585534c63f6d85ba7b2662",,"2017-10-14T06:21:00.000","35","NO CONTROLS","NO CONTROLS","RAIN","DAWN","FIXED OBJECT","DIVIDED - W/MEDIAN BARRIER","2","STRAIGHT AND LEVEL","WET","NO DEFECTS","NOT ON SCENE (DESK REPORT)","INJURY AND / OR TOW DUE TO CRASH",,,,"OVER $1,500","2017-10-14T06:30:00.000","UNABLE TO DETERMINE","UNABLE TO DETERMINE","400","N","LOWER LAKE SHORE DR","1834",,"Y",,,,,"1.0","10","NO INDICATION OF INJURY","0.0","0","0","0","0","3","0","6","7","X000938910",,,
"b1137008c85c323738c8f337685ab76aa65a0e6d8b9aab68ce561511f2f5b94056e03629b0372b587f848f80c196038d8b483d69ba303a8338bb397430528965",,"2025-01-14T07:15:00.000","55","NO CONTROLS","NO CONTROLS","SNOW","DAYLIGHT","SIDESWIPE SAME DIRECTION","DIVIDED - W/MEDIAN (NOT RAISED)",,"STRAIGHT AND LEVEL","SNOW OR SLUSH","NO DEFECTS","ON SCENE","NO INJURY / DRIVE AWAY",,,,"OVER $1,500","2025-01-14T07:31:00.000","IMPROPER LANE USAGE","WEATHER","6800","S","CHICAGO SKYWAY OB","322",,,,,,,"2.0","1","NO INDICATION OF INJURY","0.0","0","0","0","0","2","0","7","3","X003693346",,,
"672ba5302ed20badb2db94f7bcf722b44d8ad46ac694c231463d1c5469adcba5d2da6724ad44605e2dbeaf50401c2de07b410b5cb6fd0bd976899aae23fb55a9",,"2025-01-13T14:00:00.000","15","NO CONTROLS","NO CONTROLS","CLEAR","DAYLIGHT","PARKED MOTOR VEHICLE","PARKING LOT",,"STRAIGHT AND LEVEL","DRY","NO DEFECTS","ON SCENE","NO INJURY / DRIVE AWAY",,,,"$501 - $1,500","2025-01-13T16:00:00.000","UNABLE TO DETERMINE","UNABLE TO DETERMINE","12900","S","METRON DR","434",,,,,,,"2.0","1","NO INDICATION OF INJURY","0.0","0","0","0","0","2","0","14","2","X003690345",,,
"80789a1237e2ad5b46fe481ade78e60b7952fcca8cb3eec42118c9753338f5016d66766e00dce72dcb260dcf127aa89fe46eea24bec9b5e68ec53ac14a04f8d9",,"2021-01-20T15:10:00.000","25","OTHER","FUNCTIONING PROPERLY","CLEAR","DAYLIGHT","FIXED OBJECT","ONE-WAY",,"STRAIGHT AND LEVEL","DRY","NO DEFECTS","ON SCENE","NO INJURY / DRIVE AWAY",,,,"OVER $1,500","2021-01-20T15:11:00.000","VISION OBSCURED (SIGNS, TREE LIMBS, BUILDINGS, ETC.)","NOT APPLICABLE","700","W","OHARE ST","1654",,,,,,,"1.0","1","NO INDICATION OF INJURY","0.0","0","0","0","0","1","0","15","4","X002131476",,,
"ba3e6c3dfb2d92dbafd57114165732e9b356aa7dd1948df98b4ac180d4898dda9b0668a2e6fa6bf665116ab050c88d7187143ef0b59d42252f25a25ff53b258a",,"2020-12-24T19:30:00.000","55","NO CONTROLS","NO CONTROLS","CLEAR","DARKNESS","SIDESWIPE SAME DIRECTION","DIVIDED - W/MEDIAN BARRIER",,"STRAIGHT AND LEVEL","DRY","NO DEFECTS","ON SCENE","INJURY AND / OR TOW DUE TO CRASH",,,,"OVER $1,500","2020-12-24T19:39:00.000","UNABLE TO DETERMINE","NOT APPLICABLE","8500","S","CHICAGO SKYWAY OB","412",,,,,,,"2.0","12","NO INDICATION OF INJURY","0.0","0","0","0","0","2","0","19","5","X002106885",,,
"8340e9d52140035ba305d581f2670a312d03f2d9a422d0d608c4ea05bb6e671c88d5415763bf8ba418d87adae270d219aa9b532fd4a1aebd8010b90b23074371",,"2020-12-17T13:30:00.000","15","NO CONTROLS","NO CONTROLS","CLEAR","DAYLIGHT","PARKED MOTOR VEHICLE","PARKING LOT",,"STRAIGHT AND LEVEL","DRY","NO DEFECTS","ON SCENE","NO INJURY / DRIVE AWAY",,,,"$501 - $1,500","2020-12-17T13:40:00.000","UNABLE TO DETERMINE","NOT APPLICABLE","1","W","PARKING LOT B ST","1654",,,,,,,"2.0","12","NO INDICATION OF INJURY","0.0","0","0","0","0","1","0","13","5","X002102380",,,
"577375b048391ec2f7bdbd0739b85024712dee9725535a24b1bcaec4cf13eae367621be02a988d0e04d186b7c90ca745a2e097550e2e3aeb2c771b9846b3a503",,"2021-01-22T15:35:00.000","55","NO CONTROLS","NO CONTROLS","CLEAR","DAYLIGHT","REAR END","OTHER",,"STRAIGHT AND LEVEL","DRY","NO DEFECTS","ON SCENE","NO INJURY / DRIVE AWAY",,,"Y","OVER $1,500","2021-01-22T15:35:00.000","UNABLE TO DETERMINE","UNABLE TO DETERMINE","5300","S","DAN RYAN LOCAL OB","935",,,,,,,"2.0","1","NO INDICATION OF INJURY","0.0","0","0","0","0","7","0","15","6","X002130710",,,
"d0ad6ecb8771a5bc0d546d6389da8901925a7fd030e07719480bc0984c8355a6560f1a78b67a290798916638403d4392d2ffa2c1e8c827dc2a507a8a8aa061d1",,"2020-11-19T12:15:00.000","30","TRAFFIC SIGNAL","FUNCTIONING PROPERLY","CLEAR","DAYLIGHT","TURNING","NOT DIVIDED",,"STRAIGHT AND LEVEL","DRY","UNKNOWN","NOT ON SCENE (DESK REPORT)","NO INJURY / DRIVE AWAY",,,"Y","OVER $1,500","2020-11-19T12:35:00.000","UNABLE TO DETERMINE","UNABLE TO DETERMINE","501","S","SACRAMENTO BLVD","1135",,,,,,,"2.0","11","NO INDICATION OF INJURY","0.0","0","0","0","0","2","0","12","5","X002077056",,,
"6f2e13b05a2eb2e7da66f2f0cbf98cb1a7f99d610c0e5fe0225069d75195fc2d968cc7674f1a310379a610e1c2a265330c3e71dd6831880e7d7bd547f5b73098",,"2021-01-08T13:00:00.000","20","STOP SIGN/FLASHER","FUNCTIONING PROPERLY","CLEAR","DAYLIGHT","TURNING","DIVIDED - W/MEDIAN (NOT RAISED)",,"STRAIGHT AND LEVEL","DRY","NO DEFECTS","NOT ON SCENE (DESK REPORT)","NO INJURY / DRIVE AWAY",,,,"OVER $1,500","2021-01-09T09:52:00.000","UNABLE TO DETERMINE","NOT APPLICABLE","859","S","AUSTIN BLVD","1513",,,,,,,"2.0","1","NO INDICATION OF INJURY","0.0","0","0","0","0","2","0","13","6","X002119495",,,
"5b22f72af49379e2b71671c1834a19e9f5f57bf0f33eb0560fab751d48b95b4eea38f606f79a6dc9751c87fa8feb72b9c652d3914b7d650c1bb83b963f848281",,"2021-01-01T10:15:00.000","30","NO CONTROLS","NO CONTROLS","FREEZING RAIN/DRIZZLE","DAYLIGHT","REAR END","ONE-WAY",,"STRAIGHT AND LEVEL","WET","NO DEFECTS","ON SCENE","INJURY AND / OR TOW DUE TO CRASH",,,,"OVER $1,500","2021-01-01T10:19:00.000","FOLLOWING TOO CLOSELY","DRIVING SKILLS/KNOWLEDGE/EXPERIENCE","45","W","I190 EXPY","1654",,,,,,,"2.0","1","NONINCAPACITATING INJURY","3.0","0","0","2","1","0","0","10","6","X002113173",,,
"7c8ea504c284dbb5b2d5b1452b524f15c66d56bdaed6c7bf58c33c9ce4e5d7f5a684c32f39cb73ba985c90354a3fd95add781ce73f64c1f1dceaf700c15023de",,"2020-12-14T07:27:00.000","25","NO CONTROLS","NO CONTROLS","CLEAR","DAYLIGHT","TURNING","NOT DIVIDED",,"STRAIGHT AND LEVEL","DRY","NO DEFECTS","ON SCENE","NO INJURY / DRIVE AWAY",,,,"$501 - $1,500","2020-12-14T07:33:00.000","NOT APPLICABLE","NOT APPLICABLE","1622","W","102ND ST","2213",,,,,,,"2","12","NO INDICATION OF INJURY","0","0","0","0","0","3","0","7","2","X002097264","41.7083772791","-87.6631567324","POINT (-87.663156732446 41.708377279079)"
"3ae77fe8c49e3ebf46ec95b38a9a7108061d0771e744b0f8a650c92e4438b302190a83a7b84e2d241313274e5b65f01fb27f5a29a47d207c2be877fdd6ea7eb5",,"2020-12-17T15:05:00.000","20","NO CONTROLS","NO CONTROLS","CLEAR","DUSK","PARKED MOTOR VEHICLE","ONE-WAY",,"STRAIGHT AND LEVEL","DRY","NO DEFECTS","ON SCENE","NO INJURY / DRIVE AWAY",,,,"OVER $1,500","2020-12-17T15:39:00.000","UNABLE TO DETERMINE","UNABLE TO DETERMINE","1418","W","OLIVE AVE","2013",,,,,,,"3","12","NO INDICATION OF INJURY","0","0","0","0","0","1","0","15","5","X002100432","41.9846240417","-87.6657651385","POINT (-87.665765138457 41.984624041706)"
"8e2709dacd7e013854cc69e121000bfdecb9afc7b035ee02be52823c1b995a8f6bfa005f78b54ac7cd476e82fb3a61df68569496b0b7573d5401f93d794acb93",,"2020-11-19T13:45:00.000","15","NO CONTROLS","NO CONTROLS","CLEAR","DAYLIGHT","REAR END","NOT DIVIDED",,"STRAIGHT AND LEVEL","DRY","NO DEFECTS","ON SCENE","NO INJURY / DRIVE AWAY",,,,"$501 - $1,500","2020-11-19T13:56:00.000","FOLLOWING TOO CLOSELY","UNABLE TO DETERMINE","514","W","OHARE ST","1654",,,,,,,"2.0","11","NO INDICATION OF INJURY","0.0","0","0","0","0","2","0","13","5","X002076644",,,
"6b5561f9cacb3b6122943400383f076e4bbdf6c5cc8535038d92e50ecaf8c69b2f03e5a79fe814bb34db099a0ec542481376c005902f2c55e2b3d1288b9c9222",,"2025-01-16T07:00:00.000","25","NO CONTROLS","NO CONTROLS","CLOUDY/OVERCAST","DAYLIGHT","SIDESWIPE SAME DIRECTION","ONE-WAY",,"STRAIGHT AND LEVEL","WET","NO DEFECTS","ON SCENE","NO INJURY / DRIVE AWAY",,,"Y","OVER $1,500","2025-01-16T07:09:00.000","IMPROPER LANE USAGE","DRIVING SKILLS/KNOWLEDGE/EXPERIENCE","1","W","TERMINAL ST","1651",,,,,,,"2.0","1","NO INDICATION OF INJURY","0.0","0","0","0","0","2","0","7","5","X003693470",,,
"ffe770c0c96e23933cda5660d4c7a503da1b9853ef22ec84bc5d516b7ace01e869f6b8c126db16c45b2cb615d7c1bdfebd490125c7060732af747b3ecb4408bf",,"2024-12-21T02:30:00.000","25","NO CONTROLS","NO CONTROLS","CLEAR","DARKNESS, LIGHTED ROAD","FIXED OBJECT","DIVIDED - W/MEDIAN (NOT RAISED)",,"STRAIGHT AND LEVEL","DRY","NO DEFECTS","ON SCENE","NO INJURY / DRIVE AWAY",,,,"$501 - $1,500","2024-12-21T02:35:00.000","UNABLE TO DETERMINE","UNABLE TO DETERMINE","561","W","OHARE ST","1654",,,,,,,"2.0","12","NO INDICATION OF INJURY","0.0","0","0","0","0","2","0","2","7","X003666678",,,
"d4861bbc77da2b8a794bded36bdbcb90e6ab030e3f7ba3b348dc6d747c2b01425d5c2957530992c0739adbdeb80e62084fe791826fc2ebc8f6c0d01c7531f13c",,"2025-01-03T18:51:00.000","20","NO CONTROLS","NO CONTROLS","CLEAR","DARKNESS","PARKED MOTOR VEHICLE","PARKING LOT",,"STRAIGHT AND LEVEL","DRY","NO DEFECTS","ON SCENE","NO INJURY / DRIVE AWAY",,,,"OVER $1,500","2025-01-03T19:00:00.000","IMPROPER LANE USAGE","NOT APPLICABLE","524","W","OHARE ST","1654",,,,,,,"2.0","1","NO INDICATION OF INJURY","0.0","0","0","0","0","1","0","18","6","X003679909",,,
"df8614b43fdd8179bb72de05d7deabf2144a4f6093a1e9ed0fe1bb0d9a7eee2a38280136ec3cbd61f23a49022ef18b51c4bd9bb64ffcc9c9aed643108764563f",,"2025-01-02T05:16:00.000","20","NO CONTROLS","NO CONTROLS","CLEAR","DARKNESS, LIGHTED ROAD","SIDESWIPE SAME DIRECTION","ONE-WAY",,"STRAIGHT AND LEVEL","DRY","NO DEFECTS","ON SCENE","NO INJURY / DRIVE AWAY",,,,"OVER $1,500","2025-01-02T05:45:00.000","FAILING TO YIELD RIGHT-OF-WAY","UNABLE TO DETERMINE","3","W","TERMINAL ST","1653",,,,,,,"2.0","1","NO INDICATION OF INJURY","0.0","0","0","0","0","2","0","5","5","X003678368",,,
"d7dd8f75284e50e2fd46044bac57020920e4c8c61a8bad8c564106cbff01cb866cccd244f8468eee802c4cd761b4790975e4fa363487c770f64e7543c310cfd6",,"2021-01-17T07:10:00.000","15","NO CONTROLS","NO CONTROLS","BLOWING SNOW","DAWN","FIXED OBJECT","PARKING LOT",,"STRAIGHT AND LEVEL","SNOW OR SLUSH","NO DEFECTS","NOT ON SCENE (DESK REPORT)","NO INJURY / DRIVE AWAY",,,,"$500 OR LESS","2021-01-17T07:15:00.000","WEATHER","UNABLE TO DETERMINE","521","W","OHARE ST","1654",,,,,,,"1.0","1","NO INDICATION OF INJURY","0.0","0","0","0","0","1","0","7","1","X002128403",,,
"c8db8d123acb377c3caeb98beb3d9c99b9924655c97921d47749d327f6bba51d80d828477dc38207986747a137a4412a8e36ea9704f1797710cd97fe1d96885a",,"2020-12-23T11:50:00.000","10","OTHER","FUNCTIONING PROPERLY","CLOUDY/OVERCAST","DAYLIGHT","REAR TO FRONT","DIVIDED - W/MEDIAN BARRIER",,"STRAIGHT AND LEVEL","DRY","NO DEFECTS","ON SCENE","NO INJURY / DRIVE AWAY",,"Y","Y","$501 - $1,500","2020-12-23T11:51:00.000","IMPROPER BACKING","UNABLE TO DETERMINE","8800","S","CHICAGO SKYWAY OB","412",,,,,,,"2.0","12","NO INDICATION OF INJURY","0.0","0","0","0","0","2","0","11","4","X002107048",,,
"451e343cb402cdf26f6024720c7fa39b6ed1b51bd35d05127d76d7d6da88c8ab5d79b1424dc4feb710b57ea48e03fc73970a6a77a680d1f16a192cb3b7220b42",,"2020-11-22T07:00:00.000","20","NO CONTROLS","NO CONTROLS","CLEAR","DAWN","SIDESWIPE SAME DIRECTION","ONE-WAY",,"STRAIGHT AND LEVEL","DRY","NO DEFECTS","ON SCENE","NO INJURY / DRIVE AWAY",,,,"OVER $1,500","2020-11-22T07:15:00.000","FAILING TO YIELD RIGHT-OF-WAY","FAILING TO YIELD RIGHT-OF-WAY","3","W","TERMINAL ST","1653",,,,,,,"2.0","11","NO INDICATION OF INJURY","0.0","0","0","0","0","2","0","7","1","X002078689",,,
"cac63e450dd989692df105439bd6d5ef68f413f2f06fb81b1858a234b759e6f405c444aa94586c149215a1345779580fec077b70e3e14db4b419284aaf570124",,"2021-01-02T23:55:00.000","30","TRAFFIC SIGNAL","FUNCTIONING PROPERLY","CLEAR","DARKNESS","PEDESTRIAN","NOT DIVIDED",,"STRAIGHT AND LEVEL","SNOW OR SLUSH","UNKNOWN","NOT ON SCENE (DESK REPORT)","INJURY AND / OR TOW DUE TO CRASH",,,,"OVER $1,500","2021-01-03T14:00:00.000","FAILING TO YIELD RIGHT-OF-WAY","IMPROPER OVERTAKING/PASSING","2013","S","LAWNDALE AVE","1014",,,,,,,"2.0","1","NONINCAPACITATING INJURY","1.0","0","0","1","0","1","0","23","7","X002114155",,,
"48860277b82e4686e68ba83ea556eb4d38917f0dc341f347527842703fa1c01be51cc034484f5bd00390f4883f86d3b27722d22f7f0eac30d161acd23fa6b24a",,"2020-11-26T16:59:00.000","30","NO CONTROLS","NO CONTROLS","CLEAR","DARKNESS","ANGLE","ONE-WAY",,"STRAIGHT AND LEVEL","DRY","NO DEFECTS","ON SCENE","NO INJURY / DRIVE AWAY",,,"Y","OVER $1,500","2020-11-26T16:59:00.000","IMPROPER BACKING","NOT APPLICABLE","2746","W","57TH ST","824",,,,,,,"2","11","NO INDICATION OF INJURY","0","0","0","0","0","4","0","16","5","X002082746","41.7901678564","-87.6931332501","POINT (-87.693133250096 41.790167856362)"
"c11b46ab39748a79ae55c764109404962024d2ab87724c1a77b7a3a093b9df09eddde8ec48794d59d4f8af7bec1e789e28b8b12107ae385a56b5046f76e25735","Y","2021-01-21T06:00:00.000","15","NO CONTROLS","NO CONTROLS","UNKNOWN","UNKNOWN","PARKED MOTOR VEHICLE","PARKING LOT",,"STRAIGHT AND LEVEL","UNKNOWN","NO DEFECTS","ON SCENE","NO INJURY / DRIVE AWAY",,,"Y","$501 - $1,500","2021-01-21T17:05:00.000","UNABLE TO DETERMINE","UNABLE TO DETERMINE","1","W","PARKING LOT B ST","1654",,,,,,,"2.0","1","NO INDICATION OF INJURY","0.0","0","0","0","0","1","0","6","5","X002131475",,,
"0d6ecffb75fbb77bd4c187df23570658ad5145c07c25b27348600acc97668a9052e1c08c13786565dcde32eb4df53b0717e137356b66eaf92b78a4f01364f7fc",,"2020-12-28T11:40:00.000","30","TRAFFIC SIGNAL","FUNCTIONING PROPERLY","CLEAR","DAYLIGHT","SIDESWIPE SAME DIRECTION","FOUR WAY",,"STRAIGHT AND LEVEL","DRY","NO DEFECTS","ON SCENE","NO INJURY / DRIVE AWAY","Y",,,"OVER $1,500","2020-12-28T11:44:00.000","IMPROPER TURNING/NO SIGNAL","UNABLE TO DETERMINE","2546","E","71ST ST","334",,,,,,,"2.0","12","NO INDICATION OF INJURY","0.0","0","0","0","0","2","0","11","2","X002108795",,,
"5da8a93a1b6edca9a2f83410f39792f63c815634c884a986a4fea96c87da64a777cbec92eb7c4f440e82be83e045f83655b0dd3f7be9f513f3dbbf9b2420099d",,"2020-11-29T17:20:00.000","40","TRAFFIC SIGNAL","FUNCTIONING PROPERLY","CLEAR","DARKNESS, LIGHTED ROAD","TURNING","NOT DIVIDED",,"CURVE ON GRADE","DRY","NO DEFECTS","ON SCENE","NO INJURY / DRIVE AWAY","Y",,,"$501 - $1,500","2020-11-29T17:25:00.000","NOT APPLICABLE","NOT APPLICABLE","6299","S","LAKE SHORE DR","331",,,,,,,"2.0","11","NO INDICATION OF INJURY","0.0","0","0","0","0","4","0","17","1","X002084629",,,
"8884cac3c51a05298cacc234ad724f0c9c2b15eeaa7b705cab4947a865bfea77a502c93fcf4a97b3b75fcfce93a32e64a0aa64679bb0d3b663eac479737a3c48",,"2020-12-11T19:00:00.000","20","NO CONTROLS","NO CONTROLS","RAIN","DARKNESS, LIGHTED ROAD","TURNING","DRIVEWAY",,"STRAIGHT AND LEVEL","WET","NO DEFECTS","ON SCENE","NO INJURY / DRIVE AWAY","N","Y",,"$501 - $1,500","2020-12-11T19:25:00.000","IMPROPER TURNING/NO SIGNAL","NOT APPLICABLE","517","W","OHARE ST","1654",,,,,,,"2.0","12","NO INDICATION OF INJURY","0.0","0","0","0","0","2","0","19","6","X002095868",,,
"dd74d2562d47a6c186e59840fee41c8ee8151f2fd9559a384bc9b2fad20dea36bdcfdb487612af9ece1fd3ea73d0793f5c630e53c303d2071d8a174fd85f8f0d",,"2020-12-17T13:45:00.000","35","NO CONTROLS","NO CONTROLS","CLEAR","DAYLIGHT","SIDESWIPE SAME DIRECTION","ONE-WAY",,"STRAIGHT AND LEVEL","DRY","NO DEFECTS","NOT ON SCENE (DESK REPORT)","NO INJURY / DRIVE AWAY",,,,"$501 - $1,500","2020-12-17T14:00:00.000","IMPROPER OVERTAKING/PASSING","NOT APPLICABLE","5500","S","WENTWORTH AVE","225",,,,,,,"2.0","12","NO INDICATION OF INJURY","0.0","0","0","0","0","4","0","13","5","X002100431",,,
"e0b041eb390916036929c4fb08dd5d1aa8350837615c9dc6b7b7bab2d4b66931b80d851f26c714548ade3d818eea7f72d20d7c3a546ca953b1cd569c301e2db6",,"2021-01-25T12:40:00.000","20","OTHER","FUNCTIONING PROPERLY","CLEAR","DAYLIGHT","SIDESWIPE SAME DIRECTION","DIVIDED - W/MEDIAN BARRIER",,"CURVE, LEVEL","DRY","NO DEFECTS","ON SCENE","NO INJURY / DRIVE AWAY",,,,"$501 - $1,500","2021-01-25T12:45:00.000","DRIVING ON WRONG SIDE/WRONG WAY","IMPROPER OVERTAKING/PASSING","524","W","OHARE ST","1654",,,,,,,"2.0","1","NO INDICATION OF INJURY","0.0","0","0","0","0","2","0","12","2","X002133013",,,
"32a03ecc36cc408c411006881185d0e34ca9dbae9d268e06e320656fb993254e0c9d946962ffbbd858304d6cb67fdc293f1ab35a6ec5ba4dafddee18755b27ea",,"2021-01-01T18:40:00.000","30","TRAFFIC SIGNAL","FUNCTIONING PROPERLY","RAIN","DARKNESS, LIGHTED ROAD","REAR END","NOT DIVIDED",,"STRAIGHT AND LEVEL","WET","UNKNOWN","ON SCENE","NO INJURY / DRIVE AWAY",,,"Y","OVER $1,500","2021-01-01T18:45:00.000","FOLLOWING TOO CLOSELY","NOT APPLICABLE","7198","W","ARCHER AVE","811",,,,,,,"2.0","1","NO INDICATION OF INJURY","0.0","0","0","0","0","2","0","18","6","X002112880",,,
"5aac523f218b030b271770e28ed850f1d93d6212f4883fd6d9f00e334ae99a4ff7fb4c7ff8bc55304e4d56beaf7ff9090092f896f80ba2ec42a97cd5f77d7117",,"2020-12-06T18:30:00.000","30","TRAFFIC SIGNAL","FUNCTIONING PROPERLY","CLEAR","DARKNESS","FIXED OBJECT","NOT DIVIDED",,"STRAIGHT AND LEVEL","WET","NO DEFECTS",,"NO INJURY / DRIVE AWAY","Y",,,"$501 - $1,500","2020-12-06T18:35:00.000","UNABLE TO DETERMINE","UNABLE TO DETERMINE","12658","S","STATE ST","523",,,,,,,"1.0","12","NO INDICATION OF INJURY","0.0","0","0","0","0","4","0","18","1","X002090704",,,
"ec37f48be099d91b8eb7acf9910ee6dea1549f2491088e78330d00912dcc0c6d25a01f849b8607bee3c0c2e2ebdd5ff0e5c716c9620517c1bf80111b2ea6527e",,"2020-11-23T12:45:00.000","30","NO CONTROLS","NO CONTROLS","CLEAR","DAYLIGHT","PARKED MOTOR VEHICLE","ONE-WAY",,"STRAIGHT AND LEVEL","UNKNOWN","UNKNOWN","NOT ON SCENE (DESK REPORT)","NO INJURY / DRIVE AWAY",,,,"$501 - $1,500","2020-11-23T13:07:00.000","IMPROPER OVERTAKING/PASSING","IMPROPER OVERTAKING/PASSING","301","W","BRIAR PL","1934",,,,,,,"2.0","11","NO INDICATION OF INJURY","0.0","0","0","0","0","3","0","12","2","X002079969",,,
"a370173bbae900ad307b5a1342c4cb5259fd14604c77fd31610d91ed0f184d5c4ab48b3f3bb9fb54fbe8f2d9af8499679efb0856bce8b478bd81e4818c0ca3cc",,"2020-12-03T18:05:00.000","30","TRAFFIC SIGNAL","FUNCTIONING PROPERLY","CLEAR","DARKNESS, LIGHTED ROAD","TURNING","NOT DIVIDED",,"STRAIGHT AND LEVEL","DRY","NO DEFECTS","ON SCENE","NO INJURY / DRIVE AWAY",,,,"$500 OR LESS","2020-12-03T18:22:00.000","UNABLE TO DETERMINE","UNABLE TO DETERMINE","5500","N","HARLEM AVE","1613",,,,,,,"2.0","12","NO INDICATION OF INJURY","0.0","0","0","0","0","2","0","18","5","X002092479",,,
"86f453bcee5caa348fe579031da561603159a053844fd38f2874dd739e7cb79d995d27bcb2515f83dc6eaa8ebe84cc31345e50e9e759a5a72b6d5af0a8788cd4",,"2020-12-20T11:57:00.000","30","TRAFFIC SIGNAL","FUNCTIONING PROPERLY","CLEAR","DAYLIGHT","TURNING","FOUR WAY",,"STRAIGHT AND LEVEL","DRY","NO DEFECTS","ON SCENE","INJURY AND / OR TOW DUE TO CRASH","Y",,,"$501 - $1,500","2020-12-20T11:59:00.000","IMPROPER TURNING/NO SIGNAL","NOT APPLICABLE","5900","S","WENTWORTH AVE","232",,,,,,,"2.0","12","REPORTED, NOT EVIDENT","1.0","0","0","0","1","1","0","11","1","X002102397",,,
"3077bdafc80b21945a1c026f5e54d2ed966f210fe860f4423e8285d0695ee7d02552fbd217160666dbb27911aecdf3108c69288ceeca5a4890ee9b666d7433b2",,"2020-12-16T19:15:00.000","25","NO CONTROLS","NO CONTROLS","CLEAR","DARKNESS, LIGHTED ROAD","FIXED OBJECT","DIVIDED - W/MEDIAN BARRIER",,"STRAIGHT AND LEVEL","DRY","NO DEFECTS","ON SCENE","INJURY AND / OR TOW DUE TO CRASH",,,,"OVER $1,500","2020-12-16T19:15:00.000","IMPROPER LANE USAGE","UNABLE TO DETERMINE","8800","S","CHICAGO SKYWAY OB","412",,,,,,,"1.0","12","NONINCAPACITATING INJURY","1.0","0","0","1","0","0","0","19","4","X002099592",,,
"d8ccb100a6a8fef16fd0d94736f175c045cb75670d043b7a9535e26ff51189c0dfdb5c8855e5d0ff78a44ddfd4eda3991c9137aa37bf2068e909fc9dcf69febf",,"2020-12-06T16:51:00.000","35","TRAFFIC SIGNAL","FUNCTIONING PROPERLY","RAIN","DARKNESS, LIGHTED ROAD","FIXED OBJECT","DIVIDED - W/MEDIAN BARRIER",,"STRAIGHT AND LEVEL","WET","NO DEFECTS","ON SCENE","INJURY AND / OR TOW DUE TO CRASH","Y",,,"OVER $1,500","2020-12-06T16:51:00.000","UNABLE TO DETERMINE","NOT APPLICABLE","6299","S","LAKE SHORE DR","331",,,,,,,"1.0","12","NO INDICATION OF INJURY","0.0","0","0","0","0","3","0","16","1","X002090817",,,
"fcbce00a28bf51428fba3a6e272bab8add66955895cf5d54f12be7f06f5f8cc29c1e6c2f6f5d4fc7f621cc1dfe6dff8f22432996a51fd841edfcb166f5e2e877",,"2020-11-24T13:56:00.000","30","STOP SIGN/FLASHER","FUNCTIONING PROPERLY","RAIN","DAYLIGHT","ANGLE","NOT DIVIDED",,"STRAIGHT AND LEVEL","WET","NO DEFECTS","ON SCENE","INJURY AND / OR TOW DUE TO CRASH",,,,"OVER $1,500","2020-11-24T14:48:00.000","FAILING TO YIELD RIGHT-OF-WAY","UNABLE TO DETERMINE","815","S","AUSTIN BLVD","1513",,,,,,,"2.0","11","REPORTED, NOT EVIDENT","1.0","0","0","0","1","3","0","13","3","X002081053",,,
"95dcafa1ec03ff7e5871d7edb5096dd090e1b2772dd28007e8a66901959700c28fd490c78a202cab2ece0b72b07358e2811b1d927e1edce37e1dc2adab33db35",,"2020-11-20T12:00:00.000","30","NO CONTROLS","NO CONTROLS","CLEAR","DAYLIGHT","PARKED MOTOR VEHICLE","NOT DIVIDED",,"STRAIGHT AND LEVEL","DRY","NO DEFECTS","ON SCENE","NO INJURY / DRIVE AWAY",,,,"$501 - $1,500","2020-11-20T12:20:00.000","UNABLE TO DETERMINE","UNABLE TO DETERMINE","893","W","OHARE ST","1654",,,,,,,"2.0","11","NO INDICATION OF INJURY","0.0","0","0","0","0","1","0","12","6","X002077963",,,
"f5ca664757b5309d954e875c27ff9ff769794e021523cce4b173882f73e803caad7e33bf471afb84aa09b2c50e28abb4c2252fa6f2faa68bfdfe9ddf133ba8b9",,"2021-01-14T11:30:00.000","30","TRAFFIC SIGNAL","FUNCTIONING PROPERLY","CLEAR","DAYLIGHT","REAR END","NOT DIVIDED",,"STRAIGHT AND LEVEL","DRY","NO DEFECTS","NOT ON SCENE (DESK REPORT)","INJURY AND / OR TOW DUE TO CRASH",,,,"OVER $1,500","2021-01-14T12:30:00.000","UNABLE TO DETERMINE","UNABLE TO DETERMINE","4047","N","HARLEM AVE","1632",,,,,,,"2.0","1","NO INDICATION OF INJURY","0.0","0","0","0","0","3","0","11","5","X002124284",,,
"f8efe2c254937c17d5f344066b82eb7ee9975ece11175b30a90957204aa6419c873cfbbf5244d3544a68d0e5c380668d5ecf6fe801b70605cbcc6dbeda2f3fba",,"2021-01-12T09:54:00.000","30","NO CONTROLS","NO CONTROLS","CLEAR","DAYLIGHT","TURNING","NOT DIVIDED",,"STRAIGHT AND LEVEL","DRY","UNKNOWN",,"INJURY AND / OR TOW DUE TO CRASH",,,,"$501 - $1,500","2021-01-12T10:00:00.000","IMPROPER OVERTAKING/PASSING","NOT APPLICABLE","400","N","LOWER LAKE SHORE DR","1834",,,,,,,"2.0","1","NONINCAPACITATING INJURY","1.0","0","0","1","0","1","0","9","3","X002121668",,,
"bb6b666738200af95431567c8aca8498d8bb92b0af0a2328343bb56f1c15339b63ca8fcc0f05252ee94a992138184f23820f4927df7b1b5a908244a6fb0b5b91",,"2021-02-17T20:30:00.000","15","NO CONTROLS","NO CONTROLS","UNKNOWN","DARKNESS, LIGHTED ROAD","PARKED MOTOR VEHICLE","PARKING LOT",,"STRAIGHT AND LEVEL","UNKNOWN","UNKNOWN","NOT ON SCENE (DESK REPORT)","NO INJURY / DRIVE AWAY",,"Y",,"$501 - $1,500","2021-02-19T15:45:00.000","UNABLE TO DETERMINE","UNABLE TO DETERMINE","850","W","OHARE ST","1654",,,,,,,"2.0","2","NO INDICATION OF INJURY","0.0","0","0","0","0","1","0","20","4","X002161745",,,
"b3f48aacb337367698049612b8263e45b8754563617eefa9c9b0b5414f7d203ec5ab1f27879e0e2645ada01c5992d9cedef547e634b2e11634c17d5088fc97d1",,"2021-01-06T04:55:00.000","20","NO CONTROLS","NO CONTROLS","CLOUDY/OVERCAST","DAWN","PARKED MOTOR VEHICLE","PARKING LOT",,"STRAIGHT AND LEVEL","ICE","NO DEFECTS","ON SCENE","NO INJURY / DRIVE AWAY",,,,"OVER $1,500","2021-01-06T05:00:00.000","FOLLOWING TOO CLOSELY","DRIVING SKILLS/KNOWLEDGE/EXPERIENCE","1","W","PARKING LOT D ST","1654",,,,,,,"2.0","1","NO INDICATION OF INJURY","0.0","0","0","0","0","1","0","4","4","X002117845",,,
"f0eef475d111a7a4396040a2df9ea0d01260ee3b1c0b64d0e1d2a06cc216861ada868bc73edebbc70f052e7e6aa62f7f77eb0cf5787bc5cad14bc9eb9f9c3f57",,"2021-01-04T10:30:00.000","25","NO CONTROLS","NO CONTROLS","CLOUDY/OVERCAST","DAYLIGHT","FIXED OBJECT","PARKING LOT",,"STRAIGHT AND LEVEL","ICE","NO DEFECTS","ON SCENE","NO INJURY / DRIVE AWAY",,,,"OVER $1,500","2021-01-04T10:32:00.000","WEATHER","DRIVING SKILLS/KNOWLEDGE/EXPERIENCE","704","W","OHARE ST","1654",,,,,,,"1.0","1","NO INDICATION OF INJURY","0.0","0","0","0","0","1","0","10","2","X002115899",,,
"e9b9490fd2dbe54eedeceb0678d9645f10c6427b9973642d962a64d7bdbb25cb4a422188b00a00fbaab917d33efa8c5a43d8e27c21bfb5d9f7d58dfdb456dae7",,"2021-02-19T09:08:00.000","30","TRAFFIC SIGNAL","FUNCTIONING PROPERLY","CLEAR","DAYLIGHT","PARKED MOTOR VEHICLE","NOT DIVIDED",,"STRAIGHT AND LEVEL","SNOW OR SLUSH","NO DEFECTS","NOT ON SCENE (DESK REPORT)","NO INJURY / DRIVE AWAY",,,,"$500 OR LESS","2021-02-19T09:55:00.000","UNABLE TO DETERMINE","UNABLE TO DETERMINE","3100","N","HALSTED ST","1933",,,,,,,"2.0","2","NO INDICATION OF INJURY","0.0","0","0","0","0","1","0","9","6","X002160609",,,
"c6c0d65b304b35365bb52fcbd4de93ad8e52b83d71ae7ad88b04bdbd962ab58e711a24b880e338ec60fe8bb33c06c1452d9d867f1d0448073098d06de211420a",,"2021-01-13T11:55:00.000","30","TRAFFIC SIGNAL","FUNCTIONING PROPERLY","CLOUDY/OVERCAST","DAYLIGHT","REAR END","FOUR WAY",,"STRAIGHT AND LEVEL","DRY","NO DEFECTS","ON SCENE","NO INJURY / DRIVE AWAY","Y",,"Y","$500 OR LESS","2021-01-13T12:20:00.000","UNABLE TO DETERMINE","NOT APPLICABLE","6259","S","LAKE SHORE DR","331",,,,,,,"2.0","1","NO INDICATION OF INJURY","0.0","0","0","0","0","2","0","11","4","X002123120",,,
"f325e6955aba3c6b96f69c79f45119fb189a450b92de845248051eaab1490f03398d749af4f83f33c556b20d6cd345112020bbb57974d22fac15ca64d54170d6",,"2021-02-23T13:06:00.000","30","UNKNOWN","UNKNOWN","CLEAR","DAYLIGHT","ANGLE","NOT DIVIDED",,"STRAIGHT AND LEVEL","WET","UNKNOWN","ON SCENE","NO INJURY / DRIVE AWAY",,,"Y","OVER $1,500","2021-02-23T13:10:00.000","NOT APPLICABLE","NOT APPLICABLE","7100","S","VERNON AVE","323",,,,,,,"2","2","NO INDICATION OF INJURY","0","0","0","0","0","2","0","13","3",,"41.7656405502","-87.614202508","POINT (-87.614202508032 41.765640550196)"
"c478d88972f60c0b0c5d814e3585a4839aa9c3bf64aef47e62fd109ab9abf9a470aee93c6eb907d5acd99cb0c6e641036f5e5fa19fe32656555cc935a38203cd",,"2021-01-15T11:30:00.000","15","NO CONTROLS","NO CONTROLS","FREEZING RAIN/DRIZZLE","DAYLIGHT","PARKED MOTOR VEHICLE","PARKING LOT",,"STRAIGHT AND LEVEL","WET","NO DEFECTS","ON SCENE","NO INJURY / DRIVE AWAY",,,,"OVER $1,500","2021-01-15T11:40:00.000","IMPROPER BACKING","UNABLE TO DETERMINE","630","W","OHARE ST","1654",,,,,,,"2.0","1","NO INDICATION OF INJURY","0.0","0","0","0","0","1","0","11","6","X002124596",,,
"909c41f7a223f882b193d312e07ecb8cb176bfb777de9a6e2e4c9f4b811ce72bbf9097be4daaed5c94ff6c60c4126d923f2385ba4e595970b6d12a92590c7099",,"2021-01-22T18:35:00.000","30","TRAFFIC SIGNAL","FUNCTIONING PROPERLY","CLEAR","DARKNESS, LIGHTED ROAD","SIDESWIPE SAME DIRECTION","NOT DIVIDED",,"STRAIGHT AND LEVEL","DRY","NO DEFECTS","NOT ON SCENE (DESK REPORT)","NO INJURY / DRIVE AWAY",,,,"$501 - $1,500","2021-01-22T19:12:00.000","IMPROPER OVERTAKING/PASSING","FOLLOWING TOO CLOSELY","500","S","SACRAMENTO BLVD","1134",,,,,,,"2.0","1","NO INDICATION OF INJURY","0.0","0","0","0","0","3","0","18","6","X002130744",,,
"ee6fc7e96618a4569b85d11abedc3163395c208e122516788b141433f5f2ce1170e6e64919ec433739154300ebc14142ed31e3694b098fbe6fdb73ef15810f24","N","2021-01-10T02:10:00.000","30","TRAFFIC SIGNAL","FUNCTIONING PROPERLY","CLEAR","DARKNESS, LIGHTED ROAD","PARKED MOTOR VEHICLE","FOUR WAY",,"STRAIGHT AND LEVEL","DRY","NO DEFECTS","ON SCENE","INJURY AND / OR TOW DUE TO CRASH","Y",,"Y","OVER $1,500","2021-01-10T02:19:00.000","UNABLE TO DETERMINE","UNABLE TO DETERMINE","4652","S","DR MARTIN LUTHER KING JR SD","215",,,,,,,"3.0","1","NO INDICATION OF INJURY","0.0","0","0","0","0","3","0","2","1","X002120428",,,
"7713809c173c8e91eefa4462259c5ad81f91e814f53aafa2a080b827360cc66d0c8e5ecf7ab28b319cc1fb032d58615bd2aabbf854ae5ec6e88a3233d74d5d8b",,"2021-01-19T07:00:00.000","20","NO CONTROLS","NO CONTROLS","CLOUDY/OVERCAST","DAYLIGHT","PARKED MOTOR VEHICLE","ONE-WAY",,"STRAIGHT AND LEVEL","DRY","NO DEFECTS","ON SCENE","NO INJURY / DRIVE AWAY",,,,"OVER $1,500","2021-01-19T07:20:00.000","DISTRACTION - FROM INSIDE VEHICLE","UNABLE TO DETERMINE","3","W","TERMINAL ST","1653",,,,,,,"2.0","1","NO INDICATION OF INJURY","0.0","0","0","0","0","4","0","7","3","X002127808",,,
"30d9076e28a6bc769332f2b309e493755461985758cb382afa30bdac603306feddac3ce17cee023c39c7155b97022398fcc1635f34b1ee2f5fd2cad1960a0cd3",,"2021-02-04T23:25:00.000","25","NO CONTROLS","NO CONTROLS","SNOW","DARKNESS, LIGHTED ROAD","SIDESWIPE SAME DIRECTION","NOT DIVIDED",,"CURVE, LEVEL","SNOW OR SLUSH","UNKNOWN","ON SCENE","NO INJURY / DRIVE AWAY",,,,"OVER $1,500","2021-02-04T23:30:00.000","WEATHER","UNABLE TO DETERMINE","700","W","OHARE ST","1654",,,,,,,"2.0","2","NO INDICATION OF INJURY","0.0","0","0","0","0","2","0","23","5","X002143204",,,
"69371ed37c329a33c86c91e37b96316063f117172dd050d898e0bde99ee5b3ca41bb663d43345dee86821816d6436ea3e2ab3f754f9791e44a237fde91e1dec1",,"2021-02-05T15:29:00.000","30","STOP SIGN/FLASHER","FUNCTIONING PROPERLY","CLEAR","DAYLIGHT","ANGLE","FOUR WAY",,"STRAIGHT AND LEVEL","DRY","NO DEFECTS","ON SCENE","INJURY AND / OR TOW DUE TO CRASH","Y",,"Y","$501 - $1,500","2021-02-05T15:30:00.000","DISREGARDING STOP SIGN","NOT APPLICABLE","2999","W","HENDERSON ST","1733",,,,,,,"2.0","2","REPORTED, NOT EVIDENT","1.0","0","0","0","1","4","0","15","6","X002144195",,,
"7b70829c02d41735a5fdeb30588154a46d0d6f0785711b9a836ea3b372d223a9c9f1e653d98fc8fdcd2bc391f2ad0ed65e416c1f2f618f8a35c91cb10dd02b0a",,"2025-12-19T16:58:00.000","30","NO CONTROLS","NO CONTROLS","SNOW","DUSK","SIDESWIPE OPPOSITE DIRECTION","NOT DIVIDED",,"STRAIGHT AND LEVEL","ICE","NO DEFECTS",,"INJURY AND / OR TOW DUE TO CRASH",,,,"OVER $1,500","2025-12-19T17:00:00.000","IMPROPER OVERTAKING/PASSING","NOT APPLICABLE","2698","E","136TH ST","434",,,,,,,"3.0","12","INCAPACITATING INJURY","1.0","0","1","0","0","2","0","16","6","X004073285",,,
"8cea393c4f38ad120b52cbaebbf27f2eceddfd0b526225deab4817854c84648b61ba9bc864577ab8069896992626fdd79b04e20b5c531d8c9ea745f3e8783dab",,"2021-02-05T20:50:00.000","20","NO CONTROLS","NO CONTROLS","SNOW","DARKNESS, LIGHTED ROAD","REAR TO FRONT","PARKING LOT",,"STRAIGHT AND LEVEL","SNOW OR SLUSH","UNKNOWN","NOT ON SCENE (DESK REPORT)","NO INJURY / DRIVE AWAY",,,,"$500 OR LESS","2021-02-12T14:30:00.000","IMPROPER BACKING","IMPROPER BACKING","524","W","OHARE ST","1654",,,,,,,"2.0","2","NO INDICATION OF INJURY","0.0","0","0","0","0","2","0","20","6","X002152603",,,
"413b91ee59bb808124f6f878145222ffdc6ba49f4ea0ca82c94b0ba8e608aced0504dce8b940a14cc424fd7e4e0886f1fe4b441a2debd067483c88b9a8525a9c",,"2021-01-09T12:45:00.000","30","TRAFFIC SIGNAL","FUNCTIONING PROPERLY","CLEAR","DAYLIGHT","REAR END","NOT DIVIDED",,"STRAIGHT AND LEVEL","DRY","NO DEFECTS","NOT ON SCENE (DESK REPORT)","NO INJURY / DRIVE AWAY",,,,"$501 - $1,500","2021-01-09T12:55:00.000","UNABLE TO DETERMINE","UNABLE TO DETERMINE","4099","N","HARLEM AVE","1632",,,,,,,"2.0","1","NO INDICATION OF INJURY","0.0","0","0","0","0","2","0","12","7","X002119571",,,
"fd98b5fe3970c16119aeff93ea2e6861020c0accc61e9080b534937492c99b05a92ae5d58de680103cc35c56531394303c8952c146066b8ad2509db7c54db641",,"2021-02-12T06:00:00.000","30","TRAFFIC SIGNAL","UNKNOWN","OTHER","DARKNESS, LIGHTED ROAD","ANGLE","NOT DIVIDED",,"STRAIGHT AND LEVEL","OTHER","UNKNOWN","NOT ON SCENE (DESK REPORT)","NO INJURY / DRIVE AWAY","Y",,"Y","$501 - $1,500","2021-02-12T08:30:00.000","UNABLE TO DETERMINE","NOT APPLICABLE","3358","W","36TH ST","911",,,,,,,"2.0","2","NO INDICATION OF INJURY","0.0","0","0","0","0","2","0","6","6","X002152317",,,
"cbe7c2acf19455643696ff6d08ffa58637a037eb65967ba38c5ac3b3b9d0c20bdddf001512986edd1e652e3d3bfe73e2b0551a81a0eb5a4a52baa2a61b5aac48",,"2021-01-08T09:25:00.000","30","NO CONTROLS","NO CONTROLS","CLOUDY/OVERCAST","DAYLIGHT","REAR END","ONE-WAY",,"STRAIGHT AND LEVEL","DRY","NO DEFECTS","ON SCENE","NO INJURY / DRIVE AWAY",,,,"OVER $1,500","2021-01-08T09:30:00.000","UNABLE TO DETERMINE","UNABLE TO DETERMINE","173","N","BESSIE COLEMAN DR","1654",,,,,,,"2.0","1","NO INDICATION OF INJURY","0.0","0","0","0","0","2","0","9","6","X002119047",,,
"d88da7b8b4bde738a4fc1a0ee1ee9926d5cccccf02f8e1e4f39c5eabbfefbd4d501cd4691c4fe2755d2d5c74f903bdb954e5acd9c17ec1de6b993117eebea0fc",,"2021-02-05T13:05:00.000","25","NO CONTROLS","NO CONTROLS","CLEAR","DAYLIGHT","PARKED MOTOR VEHICLE","ONE-WAY",,"STRAIGHT AND LEVEL","WET","NO DEFECTS","NOT ON SCENE (DESK REPORT)","NO INJURY / DRIVE AWAY",,,,"OVER $1,500","2021-02-05T13:08:00.000","FAILING TO YIELD RIGHT-OF-WAY","UNABLE TO DETERMINE","1","W","TERMINAL ST","1651",,,,,,,"2.0","2","NO INDICATION OF INJURY","0.0","0","0","0","0","3","0","13","6","X002144179",,,
"2d52868235bbe33cf83e9a1ffd6f545d2cf893c87e432de53e0723da04b299cfcfaaa7d763540802c1136ce694403792a81b4963e54fcf8c64f63978ef0872c6",,"2021-01-23T14:21:00.000","15","NO CONTROLS","NO CONTROLS","CLEAR","DAYLIGHT","REAR END","ALLEY",,"STRAIGHT AND LEVEL","ICE","NO DEFECTS","ON SCENE","NO INJURY / DRIVE AWAY",,,,"$501 - $1,500","2021-01-23T15:10:00.000","FOLLOWING TOO CLOSELY","UNABLE TO DETERMINE","2245","W","ROSCOE ST","1921",,,,,,,"2","1","NO INDICATION OF INJURY","0","0","0","0","0","2","0","14","7","X002131395","41.9430247133","-87.6850749","POINT (-87.685074899993 41.943024713345)"
"e65c4a25d69747c06a0b6263ff51dab83e1de88b18629feac6db69432a41296f8fc6daac245bae6b1333510ad6dc76b3a9052b3f3e5972d2eb8beab2bc425d8e",,"2021-02-12T09:00:00.000","30","TRAFFIC SIGNAL","FUNCTIONING PROPERLY","CLEAR","DAYLIGHT","TURNING","DIVIDED - W/MEDIAN (NOT RAISED)",,"STRAIGHT AND LEVEL","WET","NO DEFECTS","NOT ON SCENE (DESK REPORT)","NO INJURY / DRIVE AWAY","Y",,,"$501 - $1,500","2021-02-13T14:50:00.000","UNABLE TO DETERMINE","NOT APPLICABLE","6299","N","KIMBALL AVE","1711",,,,,,,"2.0","2","NO INDICATION OF INJURY","0.0","0","0","0","0","2","0","9","6","X002153363",,,
"7252ffc9eb22e19d07308b7c607b0e1438d6e8d9e6b1fb719f7bc40fef8d1d033e165466921547cd62cf150de6defb8ed9ae9aaa9e356dd8682bbb02bf4915a8",,"2021-01-29T15:55:00.000","30","NO CONTROLS","NO CONTROLS","CLEAR","DAYLIGHT","PARKED MOTOR VEHICLE","DIVIDED - W/MEDIAN BARRIER",,"STRAIGHT AND LEVEL","DRY","NO DEFECTS","NOT ON SCENE (DESK REPORT)","NO INJURY / DRIVE AWAY",,,,"$501 - $1,500","2021-01-29T17:37:00.000","FAILING TO YIELD RIGHT-OF-WAY","UNABLE TO DETERMINE","3601","S","DR MARTIN LUTHER KING JR SD","212",,,,,,,"2.0","1","NO INDICATION OF INJURY","0.0","0","0","0","0","2","0","15","6","X002137195",,,
"e01e267f5807f08254a649965ab7642141378334bac2d25f4ba5bd55b98770a24b4fa07c106b4ed26659007be470a4bdbecf7e993ee17badf557f01ccfd21f4c",,"2020-12-23T18:30:00.000","25","NO CONTROLS","NO CONTROLS","RAIN","DARKNESS, LIGHTED ROAD","REAR END","ONE-WAY",,"STRAIGHT AND LEVEL","WET","NO DEFECTS","ON SCENE","NO INJURY / DRIVE AWAY",,,"Y","$500 OR LESS","2020-12-23T18:30:00.000","UNABLE TO DETERMINE","UNABLE TO DETERMINE","3","W","TERMINAL ST","1653",,,,,,,"2.0","12","NO INDICATION OF INJURY","0.0","0","0","0","0","2","0","18","4","X002111921",,,
"b073e2e48362ff2e89a25a806ae121fcb3a2c0f0374b8dd2999fb0768c42bbc8c57457956f22e5c6f882ce4ee680f3464c3c43ae02484880c27b7715b6397929",,"2021-01-22T19:40:00.000","30","TRAFFIC SIGNAL","FUNCTIONING PROPERLY","CLEAR","DARKNESS, LIGHTED ROAD","REAR END","NOT DIVIDED",,"STRAIGHT AND LEVEL","DRY","NO DEFECTS","NOT ON SCENE (DESK REPORT)","NO INJURY / DRIVE AWAY",,,,"$501 - $1,500","2021-01-22T19:50:00.000","FOLLOWING TOO CLOSELY","FOLLOWING TOO CLOSELY","2501","S","CALIFORNIA AVE","1034",,,,,,,"2.0","1","NO INDICATION OF INJURY","0.0","0","0","0","0","2","0","19","6","X002130765",,,
"1c0f764bc57ec19772d4b98392f724afe6cbe231c429b3074b1f015c41d161b1c7359d6eae5404b9b594edda6527bbf81e8ffc216e84e0796ac904e7288df910",,"2021-02-20T09:14:00.000","30","TRAFFIC SIGNAL","OTHER","CLEAR","DAYLIGHT","REAR END","DIVIDED - W/MEDIAN BARRIER",,"STRAIGHT AND LEVEL","DRY","NO DEFECTS","ON SCENE","NO INJURY / DRIVE AWAY","Y",,,"OVER $1,500","2021-02-20T09:40:00.000","EVASIVE ACTION DUE TO ANIMAL, OBJECT, NONMOTORIST","NOT APPLICABLE","3099","S","FORT DEARBORN","133",,,,,,,"2.0","2","NO INDICATION OF INJURY","0.0","0","0","0","0","2","0","9","7","X002161850",,,
"1205765a1743a771077e384489032ffa4bddb9fc2fa81b115c90f84a9de25c9b9b41916b5a4c3ca47d0f815aa80dd6ea138821922a2e36917dee062586f27ae7",,"2020-12-27T01:55:00.000","20","NO CONTROLS","NO CONTROLS","CLEAR","DARKNESS, LIGHTED ROAD","FIXED OBJECT","ONE-WAY",,"STRAIGHT AND LEVEL","ICE","NO DEFECTS","ON SCENE","INJURY AND / OR TOW DUE TO CRASH",,,,"OVER $1,500","2020-12-27T02:00:00.000","UNABLE TO DETERMINE","NOT APPLICABLE","3","W","TERMINAL ST","1653",,,,,,,"1.0","12","NO INDICATION OF INJURY","0.0","0","0","0","0","1","0","1","1","X002111918",,,
"2f9bb3012cc3cfc824073409bb038d9a23f6776cc7f4ed7db7ea1ac22e50e1d97e734e3f47b6a8cd81d2524a7cb2b817242dce4c381ae06209b20d8215b26c03",,"2021-01-01T05:07:00.000","35","TRAFFIC SIGNAL","FUNCTIONING PROPERLY","CLEAR","DARKNESS, LIGHTED ROAD","SIDESWIPE OPPOSITE DIRECTION","FOUR WAY",,"STRAIGHT AND LEVEL","DRY","NO DEFECTS","ON SCENE","INJURY AND / OR TOW DUE TO CRASH","Y",,,"OVER $1,500","2021-01-01T05:15:00.000","DISREGARDING TRAFFIC SIGNALS","FAILING TO REDUCE SPEED TO AVOID CRASH","11299","S","HAMLET AVE","2234",,,,,,,"2.0","1","NONINCAPACITATING INJURY","2.0","0","0","2","0","0","0","5","6","X002113193",,,
"f25a5d746c8cc30b01154318addb1563754e02a6be0a051e81fa379fe597aac8230b05cc9f552c0b3529d6002a44b7793669c61737e865a7b7796e40916208ff",,"2020-12-31T13:25:00.000","10","OTHER","OTHER","CLEAR","DAYLIGHT","FIXED OBJECT","PARKING LOT",,"STRAIGHT AND LEVEL","SNOW OR SLUSH","NO DEFECTS","ON SCENE","NO INJURY / DRIVE AWAY",,"Y",,"$500 OR LESS","2020-12-31T13:35:00.000","NOT APPLICABLE","NOT APPLICABLE","825","W","OHARE ST","1651",,,,,,,"1.0","12","NO INDICATION OF INJURY","0.0","0","0","0","0","1","0","13","5","X002112218",,,
"6164739dbdd59361ad0f82fefbcf0c0f0a6611800c1af96d58f26097f3cf22b734b98abbcf233b704117512412dd02a7373a3110fb0fa941cf1d1d17f11ed0ec",,"2021-01-10T22:00:00.000","10","NO CONTROLS","NO CONTROLS","CLEAR","DARKNESS, LIGHTED ROAD","PARKED MOTOR VEHICLE","PARKING LOT",,"STRAIGHT AND LEVEL","DRY","NO DEFECTS","ON SCENE","NO INJURY / DRIVE AWAY",,"Y",,"$501 - $1,500","2021-01-11T02:33:00.000","UNABLE TO DETERMINE","NOT APPLICABLE","517","W","OHARE ST","1654",,,,,,,"2.0","1","NO INDICATION OF INJURY","0.0","0","0","0","0","1","0","22","1","X002121140",,,
"6f467cb378177a703bffac317166c5abe733fddaae1a500cc5f021e52ef2cf99c691198ef63ddc62a1caf288da4970f1c13f5c256d3101df2634104c3cc43d07",,"2021-02-07T18:00:00.000","20","NO CONTROLS","NO CONTROLS","CLEAR","DARKNESS, LIGHTED ROAD","SIDESWIPE SAME DIRECTION","ONE-WAY",,"STRAIGHT AND LEVEL","DRY","NO DEFECTS","ON SCENE","NO INJURY / DRIVE AWAY",,,,"$501 - $1,500","2021-02-07T18:10:00.000","IMPROPER OVERTAKING/PASSING","IMPROPER OVERTAKING/PASSING","1","W","TERMINAL ST","1651",,,,,,,"2.0","2","NO INDICATION OF INJURY","0.0","0","0","0","0","2","0","18","1","X002150240",,,
"fdb5619639b1d2c580d0db1d0ff1f8042839fcef6ccea4891b31bda53afb0b94c46bc84fc3a1affacf1bee902edf1c33680fa0133e3b1ff943913471028039d8",,"2020-12-23T08:43:00.000","35","NO CONTROLS","NO CONTROLS","CLEAR","DAYLIGHT","FIXED OBJECT","FOUR WAY",,"STRAIGHT AND LEVEL","DRY","NO DEFECTS","NOT ON SCENE (DESK REPORT)","NO INJURY / DRIVE AWAY","Y",,,"$501 - $1,500","2020-12-23T08:48:00.000","NOT APPLICABLE","NOT APPLICABLE","1656","W","111TH ST","2234",,,,,,,"1.0","12","NO INDICATION OF INJURY","0.0","0","0","0","0","1","0","8","4","X002105022",,,
"19011352b2e7094d92b874630e25f51aa083079b5f0221f4f8c383db759cd3798d587aedefe8cf4741c94a32b15458233abb5fa4c6e65da5144e25791c64bd5f",,"2021-02-23T12:30:00.000","30","NO CONTROLS","NO CONTROLS","CLEAR","DAYLIGHT","PARKED MOTOR VEHICLE","T-INTERSECTION",,"STRAIGHT AND LEVEL","DRY","NO DEFECTS","ON SCENE","NO INJURY / DRIVE AWAY",,,,"$501 - $1,500","2021-02-23T12:45:00.000","IMPROPER BACKING","UNABLE TO DETERMINE","522","W","OHARE ST","1654",,,,,,,"2.0","2","NO INDICATION OF INJURY","0.0","0","0","0","0","1","0","12","3","X002165710",,,
"1bd4a8b85be182668bd2a09184f6217b44b7e8453c84687521bdb303b6b7c848d62f4255fb0d05335d7bb4b58b26fcdd3ed50c2e651d70c585bacc76355aed1b",,"2020-12-22T14:24:00.000","20","STOP SIGN/FLASHER","NO CONTROLS","CLEAR","DAYLIGHT","ANGLE","FOUR WAY",,"STRAIGHT AND LEVEL","DRY","NO DEFECTS","ON SCENE","NO INJURY / DRIVE AWAY","Y",,,"$501 - $1,500","2020-12-22T14:25:00.000","NOT APPLICABLE","NOT APPLICABLE","5000","S","WOOD ST","931",,,,,,,"2","12","NO INDICATION OF INJURY","0","0","0","0","0","2","0","14","3","X002104371","41.8030047427","-87.6698361832","POINT (-87.669836183175 41.80300474271)"
"e325f8a68e3a824d177517d83906fafccb8adb0cb634ae5ccaead596c2c5ab615aec36d45149abb4bd239743db662108df714b0faeb1b6103495a1c8d3cb30de",,"2021-02-15T18:00:00.000","35","TRAFFIC SIGNAL","FUNCTIONING PROPERLY","SNOW","DARKNESS, LIGHTED ROAD","REAR END","DIVIDED - W/MEDIAN BARRIER",,"STRAIGHT AND LEVEL","SNOW OR SLUSH","UNKNOWN","ON SCENE","NO INJURY / DRIVE AWAY",,,,"OVER $1,500","2021-02-15T18:00:00.000","WEATHER","WEATHER","173","N","BESSIE COLEMAN DR","1654",,,,,,,"2.0","2","NO INDICATION OF INJURY","0.0","0","0","0","0","3","0","18","2","X002157151",,,
"1f59796890f286f7c72128146f796d377f801622e379017cc6f6046e22f7680407b8ec2d2941e6727ccfe9a6ac359dd77f9d7f63d8f847b9cb0e120996383ff8",,"2021-01-01T21:00:00.000","30","NO CONTROLS","NO CONTROLS","SNOW","DARKNESS, LIGHTED ROAD","PARKED MOTOR VEHICLE","NOT DIVIDED",,"STRAIGHT AND LEVEL","WET","NO DEFECTS",,"INJURY AND / OR TOW DUE TO CRASH",,,,"$501 - $1,500","2021-01-01T21:05:00.000","FAILING TO REDUCE SPEED TO AVOID CRASH","UNDER THE INFLUENCE OF ALCOHOL/DRUGS (USE WHEN ARREST IS EFFECTED)","3930","W","CULLOM AVE","1723",,,,,,,"2.0","1","NO INDICATION OF INJURY","0.0","0","0","0","0","1","0","21","6","X002113003",,,
"8638e2d5e31449f1a348837d15bf0c752d49106da5598ba0746a99186a23ae05e8c63d5adb2212f0cd0630f04494f7743f7382629e87b996238b810f0895dc00",,"2020-12-31T22:55:00.000","30","TRAFFIC SIGNAL","FUNCTIONING PROPERLY","SNOW","DARKNESS, LIGHTED ROAD","ANGLE","CENTER TURN LANE",,"STRAIGHT AND LEVEL","SNOW OR SLUSH","NO DEFECTS","ON SCENE","INJURY AND / OR TOW DUE TO CRASH","Y",,,"OVER $1,500","2020-12-31T23:05:00.000","DISREGARDING TRAFFIC SIGNALS","UNABLE TO DETERMINE","5700","S","WENTWORTH AVE","232",,,,,,,"2.0","12","NO INDICATION OF INJURY","0.0","0","0","0","0","3","0","22","5","X002112330",,,
"3ca1384df67f146475abba3b95deae21fc1c942542df01cd83ab7bff4b4b0451a2d1ed730986a94e0517823513fdd7b8b5bb7cf8d90fb148a61e90d7f5bba5a0","Y","2021-01-09T11:20:00.000","30","UNKNOWN","UNKNOWN","CLEAR","DAYLIGHT","REAR END","PARKING LOT",,"STRAIGHT AND LEVEL","DRY","NO DEFECTS","ON SCENE","NO INJURY / DRIVE AWAY",,"Y",,"OVER $1,500","2021-01-09T11:22:00.000","IMPROPER LANE USAGE","IMPROPER BACKING","3112","N","CLARK ST","1934",,,,,,,"2.0","1","NO INDICATION OF INJURY","0.0","0","0","0","0","2","0","11","7","X002119557",,,
"92513b27274582f230a45b20c06a37f0901ec1be730177b8df3a66b7c04a0cc33ba010c27bad9ab9597291cf9f772dc8d13df36b782dfd228525265200334bd1",,"2021-02-06T13:23:00.000","30","STOP SIGN/FLASHER","NO CONTROLS","OTHER","DAYLIGHT","PEDESTRIAN","ONE-WAY",,"STRAIGHT AND LEVEL","ICE","NO DEFECTS","ON SCENE","INJURY AND / OR TOW DUE TO CRASH","Y",,,"$500 OR LESS","2021-02-06T13:27:00.000","WEATHER","WEATHER","2900","N","PINE GROVE AVE","1934",,"Y",,,,,"2","2","INCAPACITATING INJURY","1","0","1","0","0","2","0","13","7","X002144950","41.9343585242","-87.6419305269","POINT (-87.641930526949 41.934358524186)"
"95e4ab6896a8faa1eab874d921c232716b4ac9cfe1e16fcf7859609f37514851a55a941de62e51ba11faa401c557e3edfc5e6af4edc6ab9b1fa733ead3490693",,"2021-01-02T08:30:00.000","35","NO CONTROLS","NO CONTROLS","SNOW","DAYLIGHT","PARKED MOTOR VEHICLE","ONE-WAY",,"STRAIGHT AND LEVEL","SNOW OR SLUSH","UNKNOWN","ON SCENE","NO INJURY / DRIVE AWAY",,,,"OVER $1,500","2021-01-02T08:33:00.000","WEATHER","NOT APPLICABLE","742","E","87TH PL","632",,,,,,,"2","1","NO INDICATION OF INJURY","0","0","0","0","0","1","0","8","7","X002118569","41.735838702","-87.6054699009","POINT (-87.605469900872 41.735838701971)"
"6bf21d09fefd85a230411105c0b04d8e92139c76348505d39e704da06be151dc80823c28c292f2b9a5fda5f44cc62d9cc22c47fee92081946f4829ad40badce1",,"2021-02-13T11:05:00.000","15","NO CONTROLS","NO CONTROLS","SNOW","DAYLIGHT","PARKED MOTOR VEHICLE","PARKING LOT",,"STRAIGHT AND LEVEL","WET","NO DEFECTS","ON SCENE","NO INJURY / DRIVE AWAY",,,,"$500 OR LESS","2021-02-13T11:15:00.000","IMPROPER BACKING","NOT APPLICABLE","516","W","OHARE ST","1654",,,,,,,"2.0","2","NO INDICATION OF INJURY","0.0","0","0","0","0","1","0","11","7","X002154195",,,
"74be48f9c96e945b5e65a622520ed800976516bb0b9016914acd7e30b3d61a2264d38d7acaf10ea3edec4c1f172992f3cb398b0a5ae2dcb9229ec0d259acbaf5",,"2020-12-23T08:05:00.000","30","NO CONTROLS","NO CONTROLS","CLEAR","DAYLIGHT","PEDALCYCLIST","NOT DIVIDED",,"STRAIGHT AND LEVEL","DRY","NO DEFECTS","ON SCENE","NO INJURY / DRIVE AWAY",,,,"$500 OR LESS","2020-12-23T08:09:00.000","UNABLE TO DETERMINE","NOT APPLICABLE","3100","N","HALSTED ST","1933",,,,,,,"2.0","12","NO INDICATION OF INJURY","0.0","0","0","0","0","2","0","8","4","X002106657",,,
"39eff0bf44bc53789d1c14face3d9b21e861ddadd0f1cf66693fb50065915a66689b3eb749da75d88a2630237eec0ecbd7033ba3bfd95a9a8c1019ead00c7a56",,"2021-02-04T12:00:00.000","35","TRAFFIC SIGNAL","FUNCTIONING PROPERLY","SNOW","DAYLIGHT","SIDESWIPE SAME DIRECTION","ONE-WAY",,"STRAIGHT AND LEVEL","SNOW OR SLUSH","NO DEFECTS","NOT ON SCENE (DESK REPORT)","NO INJURY / DRIVE AWAY","Y",,"Y","OVER $1,500","2021-02-05T10:20:00.000","UNABLE TO DETERMINE","UNABLE TO DETERMINE","5500","S","WENTWORTH AVE","225",,,,,,,"2.0","2","NO INDICATION OF INJURY","0.0","0","0","0","0","2","0","12","5","X002143639",,,
"07d95ec25576b0101740c6babe7d35f337ccf774d33487d730f3167fe3918589b6b543f5a776b05bea882eaa0898af039cbc5776d41357cc0c325d0a3aeb6996",,"2021-01-26T22:30:00.000","15","NO CONTROLS","NO CONTROLS","SNOW","DARKNESS, LIGHTED ROAD","REAR TO SIDE","PARKING LOT",,"STRAIGHT AND LEVEL","SNOW OR SLUSH","NO DEFECTS","ON SCENE","NO INJURY / DRIVE AWAY",,,,"OVER $1,500","2021-01-26T22:32:00.000","WEATHER","UNABLE TO DETERMINE","1","W","PARKING LOT B ST","1654",,,,,,,"3.0","1","NO INDICATION OF INJURY","0.0","0","0","0","0","2","0","22","3","X002135454",,,
"22bb1d3cccdcc2d1344a4aea1391db70fb2508ecfce8320d70d1e8ec10e491fd69aa035b6315bddcb700f0b50fac12798ef0b55f8b76e067bc26681f5d3a89ca",,"2021-01-01T21:00:00.000","25","TRAFFIC SIGNAL","FUNCTIONING PROPERLY","SNOW","DARKNESS","REAR END","ONE-WAY",,"STRAIGHT AND LEVEL","SNOW OR SLUSH","NO DEFECTS","ON SCENE","INJURY AND / OR TOW DUE TO CRASH","Y",,,"OVER $1,500","2021-01-01T21:30:00.000","WEATHER","NOT APPLICABLE","173","N","BESSIE COLEMAN DR","1654",,,,,,,"3.0","1","REPORTED, NOT EVIDENT","1.0","0","0","0","1","2","0","21","6","X002114340",,,
"47b28de713a1810314a55e18d606bc965b9452aac419a78d5128b80501a433e25721fe249ac476c80569b49c30df4a156aaa8f8ded2c5786599861d96661c2d0",,"2021-01-19T17:48:00.000","30","TRAFFIC SIGNAL","UNKNOWN","SNOW","DARKNESS, LIGHTED ROAD","TURNING","NOT DIVIDED",,"STRAIGHT AND LEVEL","SNOW OR SLUSH","NO DEFECTS","ON SCENE","NO INJURY / DRIVE AWAY",,,,"$500 OR LESS","2021-01-19T18:52:00.000","FAILING TO REDUCE SPEED TO AVOID CRASH","UNABLE TO DETERMINE","3499","E","126TH ST","433",,,,,,,"2.0","1","NO INDICATION OF INJURY","0.0","0","0","0","0","2","0","17","3","X002127838",,,
"7c5eaae8497e49c2ff5d058d36123ffa926c308364880c57f75d0730410dbdf42e3edf63d7699d54cdb80869bfdee42c6144c833b85c89f82b3c627ac72762df",,"2021-01-05T11:15:00.000","30","UNKNOWN","UNKNOWN","CLEAR","DAYLIGHT","SIDESWIPE SAME DIRECTION","OTHER",,"STRAIGHT AND LEVEL","DRY","UNKNOWN","NOT ON SCENE (DESK REPORT)","INJURY AND / OR TOW DUE TO CRASH",,,,"OVER $1,500","2021-01-05T15:22:00.000","UNABLE TO DETERMINE","NOT APPLICABLE","5400","S","WENTWORTH AVE","225",,,,,,,"2.0","1","NONINCAPACITATING INJURY","1.0","0","0","1","0","1","0","11","3","X002116385",,,
"2013bf0edc678dcf7542fc99e1d0cbcaa0d5ad88214e6a99cbd2cb20e22ed27f8ff6f97d63435e1b5092ee864cba3770ac88dd3040affb2cfc0f4615c4ba9d66",,"2020-12-23T16:30:00.000","30","STOP SIGN/FLASHER","FUNCTIONING PROPERLY","RAIN","DARKNESS, LIGHTED ROAD","SIDESWIPE SAME DIRECTION","NOT DIVIDED",,"STRAIGHT AND LEVEL","WET","NO DEFECTS","ON SCENE","NO INJURY / DRIVE AWAY","Y",,,"OVER $1,500","2020-12-23T17:08:00.000","NOT APPLICABLE","NOT APPLICABLE","815","S","AUSTIN BLVD","1513",,,,,,,"2.0","12","NO INDICATION OF INJURY","0.0","0","0","0","0","2","0","16","4","X002108978",,,
"01bcc541b382da08a9750837d4d323e6e503e433e6b76de3a696828133f07f12fe1ef86c748d1073ad459aa16300d6fdb1d9b21c261b3767b1560a0872f66549",,"2021-02-08T09:20:00.000","30","OTHER","OTHER","CLEAR","DAYLIGHT","REAR END","OTHER",,"STRAIGHT AND LEVEL","DRY","NO DEFECTS","NOT ON SCENE (DESK REPORT)","NO INJURY / DRIVE AWAY",,"Y",,"OVER $1,500","2021-02-08T11:30:00.000","IMPROPER BACKING","NOT APPLICABLE","250","E","HURON ST","1834",,,,,,,"2","2","NO INDICATION OF INJURY","0","0","0","0","0","2","0","9","2","X002153006","41.8951227946","-87.6207492684","POINT (-87.620749268397 41.895122794552)"
"203b4cd72bda65697c72f73556e1c2067e60f6d0b0c9c5ef4b05dc92ec8a0a954f38eac927eff42c0ca042a26d34d1864af32061ef33d7e7a867e3886f9f6f04",,"2020-12-31T23:50:00.000","30","YIELD","FUNCTIONING PROPERLY","CLEAR","DARKNESS, LIGHTED ROAD","TURNING","DIVIDED - W/MEDIAN BARRIER",,"STRAIGHT AND LEVEL","ICE","NO DEFECTS","ON SCENE","NO INJURY / DRIVE AWAY",,,"Y","OVER $1,500","2020-12-31T23:55:00.000","UNABLE TO DETERMINE","NOT APPLICABLE","2607","S","CALIFORNIA AVE","1034",,,,,,,"2.0","12","NO INDICATION OF INJURY","0.0","0","0","0","0","2","0","23","5","X002112402",,,
"f789d031d6c0f6948230e600f3031bf887fe02f347eb3df043b8cc10d5227f7864684b286dc1e3a9412e83f7022e71d00ecbf871b09e284181fe2695a3fc9f04",,"2021-02-05T09:30:00.000","45","NO CONTROLS","NO CONTROLS","CLEAR","DAYLIGHT","REAR END","RAMP",,"STRAIGHT AND LEVEL","WET","NO DEFECTS","ON SCENE","INJURY AND / OR TOW DUE TO CRASH",,,,"OVER $1,500","2021-02-05T09:35:00.000","FOLLOWING TOO CLOSELY","DRIVING SKILLS/KNOWLEDGE/EXPERIENCE","45","W","I190 EXPY","1654",,,,,,,"2.0","2","REPORTED, NOT EVIDENT","1.0","0","0","0","1","1","0","9","6","X002143870",,,
"e020106756f6cd98c51d03b0fbfaf0e4607f6c0ce2ccfe5ea05fa4bffddc7d6bf54047be1277de79e2bb7a322cb7a50f7cf155eef9733c6117f75b1c2136729b",,"2021-01-08T16:20:00.000","30","NO CONTROLS","NO CONTROLS","CLEAR","DAYLIGHT","ANGLE","NOT DIVIDED",,"STRAIGHT AND LEVEL","SNOW OR SLUSH","NO DEFECTS","NOT ON SCENE (DESK REPORT)","NO INJURY / DRIVE AWAY",,,,"OVER $1,500","2021-01-08T17:00:00.000","DRIVING ON WRONG SIDE/WRONG WAY","NOT APPLICABLE","3099","S","CALIFORNIA BLVD","1034",,,,,,,"2.0","1","NO INDICATION OF INJURY","0.0","0","0","0","0","2","0","16","6","X002119626",,,
"0eef9652b01ad9e3c20994185eef538f0a7e2ffdde4f5d8214a5e5808f29dbdf206e2d4e6c2710f5b0f1acd6a3beb7f6f16d53d252330f764dae7d4c2cdbda95",,"2021-01-09T18:53:00.000","45","NO CONTROLS","NO CONTROLS","CLEAR","DARKNESS, LIGHTED ROAD","SIDESWIPE SAME DIRECTION","DIVIDED - W/MEDIAN (NOT RAISED)",,"STRAIGHT ON HILLCREST","DRY","NO DEFECTS","NOT ON SCENE (DESK REPORT)","INJURY AND / OR TOW DUE TO CRASH",,,,"OVER $1,500","2021-01-09T18:53:00.000","IMPROPER LANE USAGE","FAILING TO YIELD RIGHT-OF-WAY","6600","S","CHICAGO SKYWAY OB","312",,,,,,,"2.0","1","NONINCAPACITATING INJURY","3.0","0","0","2","1","0","0","18","7","X002120316",,,
"2f8fa02c7bf24ff62824aaf25866b3e802a6baf881d60b2c8a59ee8e8a2373beb6530479a5689552c212dae4bbc2139c723065177b696b8c1d2453ab3875ce72",,"2021-01-13T16:18:00.000","30","TRAFFIC SIGNAL","FUNCTIONING PROPERLY","CLEAR","DAYLIGHT","REAR END","DIVIDED - W/MEDIAN BARRIER",,"STRAIGHT AND LEVEL","DRY","NO DEFECTS","ON SCENE","NO INJURY / DRIVE AWAY",,,,"$500 OR LESS","2021-01-13T16:20:00.000","NOT APPLICABLE","NOT APPLICABLE","713","S","DAMEN AVE","1231",,,,,,,"2.0","1","NO INDICATION OF INJURY","0.0","0","0","0","0","2","0","16","4","X002122989","0.0","0.0","POINT (0 0)"
"0b556432c01585426c6b402969abf2eaeb15a3eb47144eb7706abb038e869cad03b4107c283a3116e65298ed2e3a6163d0d712ae14f033e034ca3f8da77807ad",,"2021-01-12T12:45:00.000","20","STOP SIGN/FLASHER","FUNCTIONING PROPERLY","CLEAR","DAYLIGHT","TURNING","FOUR WAY",,"STRAIGHT AND LEVEL","DRY","NO DEFECTS","ON SCENE","INJURY AND / OR TOW DUE TO CRASH","Y",,,"$501 - $1,500","2021-01-12T12:47:00.000","IMPROPER LANE USAGE","FOLLOWING TOO CLOSELY","513","W","OHARE ST","1654",,,,,,,"2.0","1","REPORTED, NOT EVIDENT","1.0","0","0","0","1","1","0","12","3","X002123158",,,
"e966d71dc27640c97d6c8d0d8a0e1b6ab2baefc6b439b6d7d847a616786326207e7f0f5e54657d2918f391a4d3300b590a5677713f52177e522e5c7751cb5781",,"2020-11-24T14:30:00.000","30","OTHER","UNKNOWN","RAIN","DAYLIGHT","TURNING","NOT DIVIDED",,"STRAIGHT AND LEVEL","WET","NO DEFECTS",,"NO INJURY / DRIVE AWAY",,,,"$500 OR LESS","2020-11-24T15:15:00.000","UNABLE TO DETERMINE","NOT APPLICABLE","3434","W","MONTROSE AVE","1723",,,,,,,"2","11","NO INDICATION OF INJURY","0","0","0","0","0","2","0","14","3","X002080949","41.9612209023","-87.7145844935","POINT (-87.714584493512 41.961220902268)"
"5540f78b98242cb2564a89e3fb860197e8920d43bfeea853b12acf935ae1b4eb3f66edc7b2a70d0f6d6f238836d9ad2c2fd916c42ea3cb7772258b8e80a34cbe",,"2021-02-04T20:30:00.000","25","NO CONTROLS","NO CONTROLS","SNOW","DARKNESS, LIGHTED ROAD","HEAD ON","NOT DIVIDED",,"STRAIGHT AND LEVEL","SNOW OR SLUSH","NO DEFECTS","ON SCENE","NO INJURY / DRIVE AWAY",,,"Y","$501 - $1,500","2021-02-04T20:35:00.000","IMPROPER LANE USAGE","DRIVING ON WRONG SIDE/WRONG WAY","513","W","OHARE ST","1654",,,,,,,"2.0","2","NO INDICATION OF INJURY","0.0","0","0","0","0","2","0","20","5","X002143143",,,
"e68e7785ebd6cead965ccfbfabe236eb65ab893370413358f5d9c3be42b4ae06fddde85640b1b570549c0d641c42b8445c045e0069a8efa9788eef3373c10f67",,"2021-01-14T16:31:00.000","5","NO CONTROLS","NO CONTROLS","RAIN","DARKNESS, LIGHTED ROAD","OTHER OBJECT","PARKING LOT",,"STRAIGHT AND LEVEL","WET","NO DEFECTS","ON SCENE","NO INJURY / DRIVE AWAY",,,,"$500 OR LESS","2021-01-14T18:00:00.000","NOT APPLICABLE","NOT APPLICABLE","617","W","OHARE ST","1654",,,,,,,"2.0","1","NO INDICATION OF INJURY","0.0","0","0","0","0","1","0","16","5","X002125691",,,
"d0354943e74fc35b19f8707d7ba012aa2f98c8386441cdddd2d038269e00bb4ed556d95f27a17a5eaf71bba213cabe3e65e36bcd9f70d26d8d13fe2a6bdc8c19","Y","2021-02-15T16:40:00.000","30","TRAFFIC SIGNAL","FUNCTIONING PROPERLY","BLOWING SNOW","DAYLIGHT","TURNING","FOUR WAY",,"STRAIGHT AND LEVEL","SNOW OR SLUSH","UNKNOWN","ON SCENE","NO INJURY / DRIVE AWAY","Y",,,"OVER $1,500","2021-02-15T17:19:00.000","WEATHER","WEATHER","3499","E","126TH ST","433",,,,,,,"2.0","2","NO INDICATION OF INJURY","0.0","0","0","0","0","2","0","16","2","X002155565",,,
"559682b0bc6fca137e44885a8d027d867b8a47fe7f42cad8ac98382f8b8b5250f61e1bea762da2c0460f2d8931de924f7874ed08c5a165c62fc1b8e808684796",,"2021-01-06T16:00:00.000","15","NO CONTROLS","NO CONTROLS","CLEAR","DAYLIGHT","REAR END","ONE-WAY",,"STRAIGHT AND LEVEL","DRY","UNKNOWN","ON SCENE","NO INJURY / DRIVE AWAY",,,,"OVER $1,500","2021-01-06T16:00:00.000","FOLLOWING TOO CLOSELY","FOLLOWING TOO CLOSELY","1","W","TERMINAL ST","1651",,,,,,,"2.0","1","NO INDICATION OF INJURY","0.0","0","0","0","0","2","0","16","4","X002118013",,,
"d0556451e0aef6b1bbba71eb1b8ece11be189d506e1b9f49f1cc6e3514b46fafd02cfdd179f680a907683047a70c0aaf1350c0d1a4b830e05105134244231585",,"2021-01-20T21:07:00.000","30","NO CONTROLS","NO CONTROLS","CLEAR","DARKNESS, LIGHTED ROAD","REAR END","DIVIDED - W/MEDIAN BARRIER",,"STRAIGHT AND LEVEL","WET","UNKNOWN","ON SCENE","NO INJURY / DRIVE AWAY",,,,"OVER $1,500","2021-01-20T21:07:00.000","UNABLE TO DETERMINE","UNABLE TO DETERMINE","6398","W","55TH ST","811",,,,,,,"2.0","1","NO INDICATION OF INJURY","0.0","0","0","0","0","2","0","21","4","X002131658",,,
"609e74d539356383e9a4a561f75e3adab90ac05b6bf040b7b11caedd54b9bc19c40f76289dafdec9c2b579e358179880114707171505c7086b1741bc8c9ad7b4",,"2021-01-07T13:00:00.000","30","TRAFFIC SIGNAL","FUNCTIONING PROPERLY","CLEAR","DAYLIGHT","REAR END","NOT DIVIDED",,"STRAIGHT AND LEVEL","DRY","NO DEFECTS",,"NO INJURY / DRIVE AWAY",,,,"$500 OR LESS","2021-01-07T13:32:00.000","UNABLE TO DETERMINE","UNABLE TO DETERMINE","4099","N","HARLEM AVE","1632",,,,,,,"2.0","1","NO INDICATION OF INJURY","0.0","0","0","0","0","2","0","13","5","X002121785",,,
"17d674009219de99371c692c21a6b18ec43742e7ee9631a2693a29ad2dcedd1aa8227b5b9a07aa3ec56553a7d97f294d599204f60e64954ae7bf5f492e881207",,"2021-02-14T19:30:00.000","25","NO CONTROLS","NO CONTROLS","SNOW","DARKNESS, LIGHTED ROAD","PARKED MOTOR VEHICLE","PARKING LOT",,"STRAIGHT AND LEVEL","SNOW OR SLUSH","NO DEFECTS","ON SCENE","NO INJURY / DRIVE AWAY",,,,"OVER $1,500","2021-02-14T19:31:00.000","IMPROPER BACKING","NOT APPLICABLE","513","W","OHARE ST","1654",,,,,,,"2.0","2","NO INDICATION OF INJURY","0.0","0","0","0","0","1","0","19","1","X002160828",,,
"0c45387924f8ab5fc67dddc9ba8dd685a2ddd8612ccd27c116900fcdc7462c5b2c50b5f8fc55d6571db0ee5905a0e6ddd8b307c9b4bb9dfc4fe84d475ca2c9e1",,"2024-12-19T20:50:00.000","30","NO CONTROLS","NO CONTROLS","SNOW","DARKNESS, LIGHTED ROAD","SIDESWIPE SAME DIRECTION","ONE-WAY",,"CURVE, LEVEL","SNOW OR SLUSH","UNKNOWN","ON SCENE","NO INJURY / DRIVE AWAY",,,,"OVER $1,500","2024-12-19T20:52:00.000","UNABLE TO DETERMINE","NOT APPLICABLE","49","W","I190 EXPY","1654",,,,,,,"2.0","12","NO INDICATION OF INJURY","0.0","0","0","0","0","5","0","20","5","X003665379",,,
"aa36e7641c903c1e6c8807349a1a87c3e02da25ba5eaecfdef484e2a5ff5e3a39b5955545c7a886c7859de5572f1500014eca3c4536f348981c43f675b0c413a",,"2025-01-16T09:10:00.000","25","NO CONTROLS","NO CONTROLS","CLEAR","DAYLIGHT","SIDESWIPE SAME DIRECTION","ONE-WAY",,"STRAIGHT AND LEVEL","WET","NO DEFECTS","ON SCENE","NO INJURY / DRIVE AWAY",,,,"OVER $1,500","2025-01-16T09:16:00.000","IMPROPER LANE USAGE","DRIVING SKILLS/KNOWLEDGE/EXPERIENCE","3","W","TERMINAL ST","1653",,,,,,,"2.0","1","NO INDICATION OF INJURY","0.0","0","0","0","0","2","0","9","5","X003694025",,,
"1fd1d7a152dea157fac63dfac6db4b9adb5b8c98410644874f91309f75e321eb09ee4402532bcff035d09db1ce6334b43177c357f65bcfd9f5b8f73a171d316a",,"2017-09-28T15:57:00.000","30","NO CONTROLS","NO CONTROLS","CLEAR","DAYLIGHT","REAR END","NOT DIVIDED","2","STRAIGHT AND LEVEL","DRY","NO DEFECTS","NOT ON SCENE (DESK REPORT)","NO INJURY / DRIVE AWAY",,,"Y","$501 - $1,500","2017-09-28T17:39:00.000","UNABLE TO DETERMINE","UNABLE TO DETERMINE","5500","S","WENTWORTH AVE","225",,,,,,,"3.0","9","NO INDICATION OF INJURY","0.0","0","0","0","0","3","0","15","5","X000923465",,,
"07ea7ecdb0eb0fc91a1683349cebc48894f3f0b4abcc4ebd695df2f4450a4480c6276e558f12e9bc7bdaef6dcb1a8e1656c4a1050c1a17ee37a2888be69946c0",,"2025-01-05T11:30:00.000","20","NO CONTROLS","NO CONTROLS","CLEAR","DAYLIGHT","PARKED MOTOR VEHICLE","ONE-WAY",,"STRAIGHT AND LEVEL","DRY","NO DEFECTS","NOT ON SCENE (DESK REPORT)","NO INJURY / DRIVE AWAY",,,,"$501 - $1,500","2025-01-05T11:40:00.000","UNABLE TO DETERMINE","NOT APPLICABLE","3","W","TERMINAL ST","1653",,,,,,,"2.0","1","NO INDICATION OF INJURY","0.0","0","0","0","0","1","0","11","1","X003682248",,,
"b0b28776a97b8bf4e79907ec3166663632fc8faca73639eee0cf0a0f0f2150188315d67fbb820499b873482b44f9bae6a54fab8907bdf85e23c49ca24071ca8d",,"2021-02-16T13:40:00.000","15","NO CONTROLS","NO CONTROLS","SNOW","DAYLIGHT","REAR END","OTHER",,"STRAIGHT AND LEVEL","SNOW OR SLUSH","NO DEFECTS","NOT ON SCENE (DESK REPORT)","NO INJURY / DRIVE AWAY",,"Y",,"$501 - $1,500","2021-02-16T13:43:00.000","IMPROPER BACKING","UNABLE TO DETERMINE","527","W","OHARE ST","1654",,,,,,,"2.0","2","NO INDICATION OF INJURY","0.0","0","0","0","0","2","0","13","3","X002157571",,,
"7fc11435d10d94f6d1c493f916f945aa3bcdb4fca573d6c4d95374004c5d5df08ff486b0a71e3b6d29cd71a915c6497e227f93395133c86c973b41fd7719994c",,"2021-01-30T12:45:00.000","30","STOP SIGN/FLASHER","NO CONTROLS","CLEAR","DAYLIGHT","REAR END","NOT DIVIDED",,"STRAIGHT AND LEVEL","DRY","NO DEFECTS","NOT ON SCENE (DESK REPORT)","NO INJURY / DRIVE AWAY","Y",,,"$501 - $1,500","2021-01-30T14:10:00.000","FOLLOWING TOO CLOSELY","NOT APPLICABLE","799","E","RAINEY DR","233",,,,,,,"2.0","1","NO INDICATION OF INJURY","0.0","0","0","0","0","3","0","12","7","X002137536",,,
"5b77a6fd436a8eba9fe33d6fabab162a34d8fbe4f1db349ce8defe18288ea4797cd492f0c51cb1665da664c1721e59f351abf9518dc445709f0cddaa6f23c75a",,"2020-12-23T12:00:00.000","30","NO CONTROLS","NO CONTROLS","CLEAR","DAYLIGHT","TURNING","NOT DIVIDED",,"STRAIGHT AND LEVEL","DRY","NO DEFECTS","ON SCENE","INJURY AND / OR TOW DUE TO CRASH","N",,,"OVER $1,500","2020-12-23T12:15:00.000","FAILING TO YIELD RIGHT-OF-WAY","UNABLE TO DETERMINE","600","W","OHARE ST","1654",,,,,,,"2.0","12","NO INDICATION OF INJURY","0.0","0","0","0","0","2","0","12","4","X002107738",,,
"f33333234444e52a0d142bc873e9c4cffbfbb1263a24e9ed926c8e57cb9bb55b84ad26ff9c6fa0636961aa0d3f185a6b00c72512daa95a8617adad720f332caf",,"2021-01-16T15:17:00.000","30","TRAFFIC SIGNAL","FUNCTIONING PROPERLY","CLEAR","DAYLIGHT","PARKED MOTOR VEHICLE","NOT DIVIDED",,"STRAIGHT AND LEVEL","WET","NO DEFECTS","ON SCENE","INJURY AND / OR TOW DUE TO CRASH","Y",,,"OVER $1,500","2021-01-16T15:17:00.000","EQUIPMENT - VEHICLE CONDITION","FAILING TO REDUCE SPEED TO AVOID CRASH","3112","N","HALSTED ST","1933",,,,,,,"4.0","1","NO INDICATION OF INJURY","0.0","0","0","0","0","4","0","15","7","X002125234",,,
"ff518c57d3f7926bd06b08c2f31c98f051fb198cdd4abf4a4c34790f64a4db05de732cf7f992e73da83858bebb3548a0eaa5b35545dd8c463d1f4da00bce8227",,"2021-03-03T13:10:00.000","30","NO CONTROLS","NO CONTROLS","CLEAR","DAYLIGHT","PARKED MOTOR VEHICLE","PARKING LOT",,"STRAIGHT AND LEVEL","DRY","NO DEFECTS","ON SCENE","NO INJURY / DRIVE AWAY",,,"Y","$500 OR LESS","2021-03-03T13:15:00.000","NOT APPLICABLE","NOT APPLICABLE","513","W","OHARE ST","1654",,,,,,,"2.0","3","NO INDICATION OF INJURY","0.0","0","0","0","0","1","0","13","4","X002172890",,,
"e554369d30381fe9464281e5df91e830faccc65471fc51bcb46300cbbdfeac3b06bdb370737d48e9375507535cb32a2e7120298929154b451fdd5069132dabe0",,"2021-02-06T18:43:00.000","30","OTHER WARNING SIGN","FUNCTIONING PROPERLY","SNOW","DARKNESS, LIGHTED ROAD","FIXED OBJECT","ONE-WAY",,"STRAIGHT AND LEVEL","ICE","NO DEFECTS","ON SCENE","INJURY AND / OR TOW DUE TO CRASH",,"Y",,"OVER $1,500","2021-02-06T18:44:00.000","UNDER THE INFLUENCE OF ALCOHOL/DRUGS (USE WHEN ARREST IS EFFECTED)","DISREGARDING STOP SIGN","700","W","OHARE ST","1654",,,,,,,"1.0","2","NO INDICATION OF INJURY","0.0","0","0","0","0","1","0","18","7","X002145378",,,
"19a1428badaa1413fd48811d7bfef8bbdc64e0499fbdbf9029178a38498c5bd2154045aab6c6a43b039852b9a63a6ca01f47c568084dc91b40299b4cb3e3bc15",,"2021-02-01T09:34:00.000","40","TRAFFIC SIGNAL","FUNCTIONING PROPERLY","CLEAR","DAYLIGHT","TURNING","DIVIDED - W/MEDIAN (NOT RAISED)",,"STRAIGHT AND LEVEL","WET","NO DEFECTS","ON SCENE","INJURY AND / OR TOW DUE TO CRASH","Y",,,"OVER $1,500","2021-02-01T09:40:00.000","FAILING TO YIELD RIGHT-OF-WAY","FAILING TO YIELD RIGHT-OF-WAY","4500","N","MANNHEIM RD","1654",,,,,,,"2.0","2","INCAPACITATING INJURY","1.0","0","1","0","0","1","0","9","2","X002142977",,,
"e25b26fb097b0a7be4595eca8b994f9f80532bfdf6e66e29e5cb7e5ce4ec1f0d02149c40afae849abfffb78ff78f6907bcdf69f5b84bc0842c34a7644efcc6dd",,"2021-01-24T13:32:00.000","30","NO CONTROLS","NO CONTROLS","CLEAR","DAYLIGHT","TURNING","NOT DIVIDED",,"STRAIGHT AND LEVEL","DRY","UNKNOWN","NOT ON SCENE (DESK REPORT)","NO INJURY / DRIVE AWAY",,,"Y","$501 - $1,500","2021-02-02T17:00:00.000","IMPROPER LANE USAGE","IMPROPER LANE USAGE","2400","E","71ST ST","334",,,,,,,"2.0","1","NO INDICATION OF INJURY","0.0","0","0","0","0","2","0","13","1","X002140757",,,
"1248adeac8f8b1785a9a459e35b6ca85a1890da9e0b25e9f3006d165ecbfdfb9d6ce6006feaba88fda5aac9d5497e1911cc087e7fcf215a57046f09a1502cb4e",,"2021-03-20T13:41:00.000","20","NO CONTROLS","NO CONTROLS","CLEAR","DAYLIGHT","FIXED OBJECT","PARKING LOT",,"STRAIGHT AND LEVEL","DRY","NO DEFECTS","ON SCENE","NO INJURY / DRIVE AWAY",,,,"OVER $1,500","2021-03-20T13:45:00.000","IMPROPER BACKING","UNABLE TO DETERMINE","514","W","OHARE ST","1654",,,,,,,"1.0","3","NO INDICATION OF INJURY","0.0","0","0","0","0","1","0","13","7","X002187084",,,
"1086e698cadee79be75c2e31208428cddba9e7f7bc623bc172895002e169a406cbd0a875d323b544c7a5d70e251c1e319c9a89fbf089225303b77e767c47bee9",,"2025-01-14T10:25:00.000","25","STOP SIGN/FLASHER","FUNCTIONING PROPERLY","CLEAR","DAYLIGHT","REAR END","OTHER",,"STRAIGHT AND LEVEL","SNOW OR SLUSH","NO DEFECTS","ON SCENE","NO INJURY / DRIVE AWAY","Y",,,"OVER $1,500","2025-01-14T10:27:00.000","FOLLOWING TOO CLOSELY","DRIVING SKILLS/KNOWLEDGE/EXPERIENCE","10909","W","HIGGINS RD","1654",,,,,,,"2.0","1","NO INDICATION OF INJURY","0.0","0","0","0","0","2","0","10","3","X003691739",,,
"bfa35d27dcbe88a478c699a0898ccb10ee9361f588064e8889eed765cb52543cb016098320fa65acd8dafc9d6af07180cfaccca0ee0c5f099b970a2cafa724b4",,"2025-01-11T19:00:00.000","20","NO CONTROLS","NO CONTROLS","CLEAR","DARKNESS, LIGHTED ROAD","REAR END","ONE-WAY",,"STRAIGHT AND LEVEL","DRY","NO DEFECTS","NOT ON SCENE (DESK REPORT)","NO INJURY / DRIVE AWAY",,,,"$501 - $1,500","2025-01-14T13:00:00.000","FOLLOWING TOO CLOSELY","UNABLE TO DETERMINE","5","W","TERMINAL ST","1655",,,,,,,"2.0","1","NO INDICATION OF INJURY","0.0","0","0","0","0","2","0","19","7","X003691260",,,
"dc68d71ab51d5a0d4dac0a58a47c3f26046e8d94f80381d12f919e849c000f7e073eea47715a40edfc8f2e923d11dbdb70922163dace83cac05880acb42c3acb",,"2017-10-12T13:52:00.000","15","NO CONTROLS","NO CONTROLS","CLOUDY/OVERCAST","DAYLIGHT","ANGLE","OTHER",,"STRAIGHT AND LEVEL","DRY","NO DEFECTS","ON SCENE","NO INJURY / DRIVE AWAY",,,,"OVER $1,500","2017-10-12T13:59:00.000","IMPROPER BACKING","NOT APPLICABLE","430","N","STREETER DR","1834",,,,,,,"2.0","10","NO INDICATION OF INJURY","0.0","0","0","0","0","2","0","13","5","X000937186",,,
"61f5e956713a80032cbf567031f24d4add86af7addad047a6e7c840c9e61cfa4e4ca402afa4b3556e8b03020199074bee0f120d297d90aac60dd27d359023af9",,"2025-01-10T12:25:00.000","15","NO CONTROLS","NO CONTROLS","SNOW","DAYLIGHT","SIDESWIPE SAME DIRECTION","ONE-WAY",,"STRAIGHT AND LEVEL","WET","NO DEFECTS","ON SCENE","NO INJURY / DRIVE AWAY",,,,"$501 - $1,500","2025-01-10T12:27:00.000","UNABLE TO DETERMINE","NOT APPLICABLE","524","W","OHARE ST","1654",,,,,,,"2.0","1","NO INDICATION OF INJURY","0.0","0","0","0","0","2","0","12","6","X003687327",,,
"05332c3e5fc3e076c229f4f13b51f9943ccc6b0cc47427e493a82a08c6784822412f7e75dfddd131f292dd386854d0b0f9c14862f5577ff7d015d61c8c96763e",,"2024-12-24T13:00:00.000","35","NO CONTROLS","NO CONTROLS","CLEAR","DAYLIGHT","SIDESWIPE SAME DIRECTION","OTHER",,"STRAIGHT AND LEVEL","DRY","NO DEFECTS","ON SCENE","NO INJURY / DRIVE AWAY",,,"Y","OVER $1,500","2024-12-24T13:45:00.000","DRIVING SKILLS/KNOWLEDGE/EXPERIENCE","NOT APPLICABLE","8300","S","CHICAGO SKYWAY OB","412",,,,,,,"2.0","12","NO INDICATION OF INJURY","0.0","0","0","0","0","2","0","13","3","X003671345",,,
"1d0ea0f88d5e411af70ba44870b700530ab70344654f29f7998191d4894531897110a4be538146ab8c38bd538bd671356111106e7574824b7f8c54d974f6335d",,"2025-01-15T19:40:00.000","35","NO CONTROLS","NO CONTROLS","CLEAR","DARKNESS, LIGHTED ROAD","SIDESWIPE OPPOSITE DIRECTION","DIVIDED - W/MEDIAN BARRIER",,"CURVE, LEVEL","WET","NO DEFECTS","ON SCENE","INJURY AND / OR TOW DUE TO CRASH",,,,"$501 - $1,500","2025-01-15T19:43:00.000","DRIVING SKILLS/KNOWLEDGE/EXPERIENCE","NOT APPLICABLE","10300","W","BALMORAL AVE","1654",,,,,,,"3.0","1","NONINCAPACITATING INJURY","2.0","0","0","2","0","2","0","19","4","X003694020",,,
"cb50eee8aad4d34f6ee0216c519a1c99806cbcde1571c0778f96e10ec3e725ae82be04dca84548d5dea2e0acfb06834e37c59620bfa70848877e5aad64f42cb4",,"2024-12-27T23:10:00.000","30","NO CONTROLS","NO CONTROLS","RAIN","DARKNESS, LIGHTED ROAD","SIDESWIPE SAME DIRECTION","ONE-WAY",,"STRAIGHT AND LEVEL","WET","NO DEFECTS","ON SCENE","NO INJURY / DRIVE AWAY",,,,"$501 - $1,500","2024-12-27T23:10:00.000","UNABLE TO DETERMINE","NOT APPLICABLE","2","W","TERMINAL ST","1652",,,,,,,"2.0","12","NO INDICATION OF INJURY","0.0","0","0","0","0","2","0","23","6","X003673823",,,
"3ce47dc8e77ba77cb4b40778d257e7ac08ce9684ebb86f12e3727be1c5405e2979a81e50f518075f03aed12b091fb93f9839b52c2a3e483f4e06ba3fbf202ca5",,"2021-02-17T13:10:00.000","30","STOP SIGN/FLASHER","FUNCTIONING PROPERLY","CLEAR","DAYLIGHT","TURNING","NOT DIVIDED",,"STRAIGHT AND LEVEL","SNOW OR SLUSH","UNKNOWN","NOT ON SCENE (DESK REPORT)","INJURY AND / OR TOW DUE TO CRASH",,,,"OVER $1,500","2021-02-17T13:19:00.000","UNABLE TO DETERMINE","UNABLE TO DETERMINE","7198","W","ARCHER AVE","811",,,,,,,"2.0","2","NONINCAPACITATING INJURY","1.0","0","0","1","0","2","0","13","4","X002158985",,,
"3c65351143c373b6cc5899f567f55b1fff2a55f252cead350f8c24a620c5a01d91ca07c87d1d47e91caf7b3cba15bb543e58271df0cc60c611e54b8594f84d4f",,"2021-03-03T16:22:00.000","30","STOP SIGN/FLASHER","FUNCTIONING PROPERLY","CLEAR","DAYLIGHT","ANGLE","NOT DIVIDED",,"STRAIGHT AND LEVEL","DRY","NO DEFECTS","ON SCENE","INJURY AND / OR TOW DUE TO CRASH","Y",,,"OVER $1,500","2021-03-03T16:23:00.000","DISREGARDING STOP SIGN","FAILING TO YIELD RIGHT-OF-WAY","1000","W","115TH ST","2234",,,,,,,"2.0","3","NO INDICATION OF INJURY","0.0","0","0","0","0","3","0","16","4","X002172520","41.6851262783","-87.6470787199","POINT (-87.647078719889 41.685126278256)"
"1c2196e27470278e8fb098d99647e1a7ceda163ba1729ea1643023853c97466c579e182cabb234d01045a0551d5fb0a36a2f5c4cab9c8f22df492d7d05766ca4",,"2021-02-22T14:51:00.000","15","NO CONTROLS","NO CONTROLS","SNOW","DAYLIGHT","FIXED OBJECT","ALLEY",,"STRAIGHT AND LEVEL","SNOW OR SLUSH","NO DEFECTS","ON SCENE","NO INJURY / DRIVE AWAY",,"Y",,"$501 - $1,500","2021-02-22T15:02:00.000","WEATHER","UNABLE TO DETERMINE","10717","S","MAPLEWOOD AVE","2212",,,,,,,"1","2","NO INDICATION OF INJURY","0","0","0","0","0","1","0","14","2","X002164355","41.6985126545","-87.6849306933","POINT (-87.684930693268 41.698512654513)"
"76f9e6806f37f63080dc0317ed3cf399ea497a323a1fc5377590bc3b1ff77c2f9855ade8aff91ddcd075bef1cb404d24b05b2abaecbb788993d4ac30fa13cbef",,"2021-02-19T16:07:00.000","25","NO CONTROLS","NO CONTROLS","CLEAR","DAYLIGHT","REAR TO FRONT","NOT DIVIDED",,"STRAIGHT AND LEVEL","DRY","NO DEFECTS","ON SCENE","NO INJURY / DRIVE AWAY",,,,"OVER $1,500","2021-02-19T16:09:00.000","VISION OBSCURED (SIGNS, TREE LIMBS, BUILDINGS, ETC.)","UNABLE TO DETERMINE","913","W","OHARE ST","1654",,,,,,,"2.0","2","NO INDICATION OF INJURY","0.0","0","0","0","0","2","0","16","6","X002161743",,,
"fd5c188496beb79c4b21bbbb8608b460abf021613b56c00a3ddac529df9f34be357893b599d8ed8baf5f2142013e12b5c18b41cc0d52dd87d3850a33604a2009",,"2021-02-06T15:10:00.000","30","STOP SIGN/FLASHER","NO CONTROLS","SNOW","DAYLIGHT","REAR END","DIVIDED - W/MEDIAN (NOT RAISED)",,"STRAIGHT AND LEVEL","SNOW OR SLUSH","NO DEFECTS","NOT ON SCENE (DESK REPORT)","NO INJURY / DRIVE AWAY",,,,"$501 - $1,500","2021-02-06T16:00:00.000","UNABLE TO DETERMINE","UNABLE TO DETERMINE","2900","S","TRUMBULL AVE","1032",,,,,,,"2.0","2","NO INDICATION OF INJURY","0.0","0","0","0","0","3","0","15","7","X002145117",,,
"353418045b11e0b106a03277fa3ba8622e37f7d4e4458ceafe00f5ce8fbc7d038d637e6d09222f68517c66d157430931b7f3ec141cb81128ebd638ef6eb3963b",,"2021-03-23T22:45:00.000","10","NO CONTROLS","NO CONTROLS","CLEAR","DARKNESS, LIGHTED ROAD","SIDESWIPE SAME DIRECTION","ONE-WAY",,"CURVE, LEVEL","DRY","UNKNOWN","ON SCENE","NO INJURY / DRIVE AWAY",,,,"$501 - $1,500","2021-03-23T22:45:00.000","UNABLE TO DETERMINE","NOT APPLICABLE","1","W","PARKING LOT A ST","1654",,,,,,,"2.0","3","NO INDICATION OF INJURY","0.0","0","0","0","0","2","0","22","3","X002190477",,,
"17a9e2d7c4ea11e95ffef59f998e97e913b0e20604e08e273c06089a0441f725748ffd1a3cc662df6c8e7d2221dabfbdcc2ee12dca6ef741cdf40a5df487ad2b",,"2021-03-22T17:20:00.000","15","NO CONTROLS","NO CONTROLS","CLEAR","DAYLIGHT","PARKED MOTOR VEHICLE","PARKING LOT",,"STRAIGHT AND LEVEL","DRY","NO DEFECTS","ON SCENE","NO INJURY / DRIVE AWAY",,,,"OVER $1,500","2021-03-22T17:24:00.000","DRIVING SKILLS/KNOWLEDGE/EXPERIENCE","NOT APPLICABLE","517","W","OHARE ST","1654",,,,,,,"2.0","3","NO INDICATION OF INJURY","0.0","0","0","0","0","1","0","17","2","X002190474",,,
"2e4333ec641493fe856c7ea7217f24c512a2d7ef7a6598d6805b01953ea2ae34773d984e6dea80a3d791c6436510993e37435748e2f953e0d8ffad87fc85364e",,"2021-01-31T09:50:00.000","30","NO CONTROLS","NO CONTROLS","SNOW","DAYLIGHT","REAR TO FRONT","NOT DIVIDED",,"STRAIGHT AND LEVEL","SNOW OR SLUSH","UNKNOWN","ON SCENE","NO INJURY / DRIVE AWAY",,,,"OVER $1,500","2021-01-31T09:55:00.000","IMPROPER BACKING","NOT APPLICABLE","630","W","OHARE ST","1654",,,,,,,"2.0","1","NO INDICATION OF INJURY","0.0","0","0","0","0","2","0","9","1","X002138095",,,
"b04321b7b0f58015d74af7a348837e20dc2313695d7327c88c634c606f45959570186f8d63c6ecc64b4c6b0a74e4bfc02bc927d94b22769c0822be23d92ddf7c",,"2021-02-13T23:00:00.000","30","TRAFFIC SIGNAL","FUNCTIONING PROPERLY","SNOW","DARKNESS","ANGLE","NOT DIVIDED",,"STRAIGHT AND LEVEL","WET","UNKNOWN","NOT ON SCENE (DESK REPORT)","NO INJURY / DRIVE AWAY",,,"Y","OVER $1,500","2021-02-15T14:00:00.000","UNABLE TO DETERMINE","UNABLE TO DETERMINE","5500","S","WENTWORTH AVE","225",,,,,,,"2.0","2","NO INDICATION OF INJURY","0.0","0","0","0","0","2","0","23","7","X002161012",,,
"c330641d4f1569ee0a38d6013b570c1831e6626d01fee2bb16bf28fbe7c30848c1871c7bff5ca86912c17beac43504ad7016c07a02b113eac885d19082a347c3",,"2021-02-05T14:30:00.000","30","NO CONTROLS","NO CONTROLS","CLEAR","DAYLIGHT","PARKED MOTOR VEHICLE","ONE-WAY",,"STRAIGHT AND LEVEL","SNOW OR SLUSH","NO DEFECTS","NOT ON SCENE (DESK REPORT)","NO INJURY / DRIVE AWAY",,,"Y","OVER $1,500","2021-02-06T12:30:00.000","UNABLE TO DETERMINE","NOT APPLICABLE","2909","S","DRAKE AVE","1032",,,,,,,"2.0","2","NO INDICATION OF INJURY","0.0","0","0","0","0","1","0","14","6","X002149681",,,
"fdb4c21d50a7fd73b91b38a25b229b0ae421a31e5059c895c1f5ad2120c612bbc45ad69f4c8814769248cb31f19556e89ac732e3bf7beb57e78c9332ebc83c8c",,"2021-03-15T14:00:00.000","25","TRAFFIC SIGNAL","FUNCTIONING PROPERLY","SNOW","DAYLIGHT","REAR END","RAMP",,"STRAIGHT AND LEVEL","SNOW OR SLUSH","NO DEFECTS","NOT ON SCENE (DESK REPORT)","NO INJURY / DRIVE AWAY",,,,"OVER $1,500","2021-03-15T14:10:00.000","WEATHER","NOT APPLICABLE","13","W","I190 EXPY","1654",,,,,,,"2.0","3","NO INDICATION OF INJURY","0.0","0","0","0","0","6","0","14","2","X002184745",,,
"f3af29f5f3c7e3d769ad977baa5e7f7fd059c6b715520873ff2aa3c15c872c9941fbe6d6f005c4d09e22e8517c2e651f4d67a5c174d1f8a6ae3eb1e7c6e8bd2b",,"2021-03-16T22:00:00.000","30","NO CONTROLS","NO CONTROLS","CLEAR","DARKNESS, LIGHTED ROAD","SIDESWIPE SAME DIRECTION","DIVIDED - W/MEDIAN (NOT RAISED)",,"STRAIGHT AND LEVEL","DRY","NO DEFECTS","NOT ON SCENE (DESK REPORT)","INJURY AND / OR TOW DUE TO CRASH",,,"Y","$501 - $1,500","2021-03-17T16:43:00.000","UNABLE TO DETERMINE","UNABLE TO DETERMINE","4600","W","OGDEN AVE","1013",,,,,,,"2.0","3","INCAPACITATING INJURY","1.0","0","1","0","0","1","0","22","3","X002185192",,,
"21b91e58ee43ab66a6b3bed8ffd1cbfa83d1e6478dc4d247655323fd6c1d1177769919ff54db61db4e08889e8dafa725bb6711de41f36e5ac76dad343359e8bf",,"2021-03-26T11:05:00.000","20","NO CONTROLS","NO CONTROLS","CLOUDY/OVERCAST","DAYLIGHT","TURNING","PARKING LOT",,"STRAIGHT AND LEVEL","DRY","NO DEFECTS","ON SCENE","NO INJURY / DRIVE AWAY","Y",,,"OVER $1,500","2021-03-26T11:11:00.000","FAILING TO YIELD RIGHT-OF-WAY","DRIVING SKILLS/KNOWLEDGE/EXPERIENCE","1","W","PARKING LOT A ST","1654",,,,,,,"2.0","3","NO INDICATION OF INJURY","0.0","0","0","0","0","2","0","11","6","X002191965",,,
"b15fb08f57d155e4c1465195b299c445ff77feccb72749a080accf03e1b12dc25ade6ad34b9a44658442c57cdc17947c6c0ced113f59f5e316e8bba5942cb1aa",,"2021-02-10T08:10:00.000","30","TRAFFIC SIGNAL","FUNCTIONING PROPERLY","CLEAR","DAYLIGHT","REAR END","OTHER",,"STRAIGHT AND LEVEL","SNOW OR SLUSH","NO DEFECTS","NOT ON SCENE (DESK REPORT)","NO INJURY / DRIVE AWAY","Y",,,"$501 - $1,500","2021-02-10T13:15:00.000","FOLLOWING TOO CLOSELY","NOT APPLICABLE","2199","E","HAYES DR","331",,,,,,,"2.0","2","NO INDICATION OF INJURY","0.0","0","0","0","0","2","0","8","4","X002150000",,,
"e70956f9ea76af2f2fff0ecd50342fc728df14fc0f75505042308306d4f404703466ce8f96c88a4b0ffc85d207b8da893d78e16d6f2f1755b99bb6ae5be5edeb",,"2021-03-05T17:45:00.000","20","NO CONTROLS","NO CONTROLS","CLEAR","DUSK","PARKED MOTOR VEHICLE","PARKING LOT",,"STRAIGHT AND LEVEL","DRY","NO DEFECTS","ON SCENE","NO INJURY / DRIVE AWAY",,,,"$501 - $1,500","2021-03-05T17:47:00.000","IMPROPER BACKING","NOT APPLICABLE","517","W","OHARE ST","1654",,,,,,,"2.0","3","NO INDICATION OF INJURY","0.0","0","0","0","0","1","0","17","6","X002174825",,,
"51dfc406ca99d7ad9b111398ab595fe340686c4016afbf29f60c7ba79b945137f0025f05545bd14c3763997ec175472c8ea8a5ebf9f91e95cde5f78d9ab634ac",,"2021-03-11T15:00:00.000","25","NO CONTROLS","NO CONTROLS","CLEAR","DAYLIGHT","REAR END","NOT DIVIDED",,"STRAIGHT AND LEVEL","DRY","UNKNOWN","ON SCENE","NO INJURY / DRIVE AWAY",,,,"$501 - $1,500","2021-03-11T15:10:00.000","UNABLE TO DETERMINE","UNABLE TO DETERMINE","891","W","OHARE ST","1654",,,,,,,"2.0","3","NO INDICATION OF INJURY","0.0","0","0","0","0","2","0","15","5","X002179381",,,
"d2e7a17754ccad2f6790b2ee345fc96f7335669318e26ac7351e74e630db74395e0d8175a561587531aa42ba931cec2a51d7fd16a2cec8aa80f55007f7488538",,"2021-02-13T11:00:00.000","30","NO CONTROLS","NO CONTROLS","SNOW","DAYLIGHT","SIDESWIPE SAME DIRECTION","ONE-WAY",,"STRAIGHT AND LEVEL","DRY","NO DEFECTS","NOT ON SCENE (DESK REPORT)","NO INJURY / DRIVE AWAY",,,"Y","$500 OR LESS","2021-02-13T12:15:00.000","UNABLE TO DETERMINE","UNABLE TO DETERMINE","6600","S","INDIANA AVE","322",,,,,,,"2.0","2","NO INDICATION OF INJURY","0.0","0","0","0","0","2","0","11","7","X002154057",,,
"b1786cc4ab8f41ae9fac05b31e8cd0e8c86038413420e56af758b401ea1c397a3208489678fa76277a362822c47b3f5e61136f007bbf0fc804011f6b828d8068",,"2021-02-21T13:30:00.000","20","NO CONTROLS","NO CONTROLS","CLEAR","DAYLIGHT","SIDESWIPE SAME DIRECTION","ONE-WAY",,"STRAIGHT AND LEVEL","WET","NO DEFECTS","ON SCENE","NO INJURY / DRIVE AWAY",,,,"$500 OR LESS","2021-02-21T13:35:00.000","IMPROPER OVERTAKING/PASSING","UNABLE TO DETERMINE","1","W","TERMINAL ST","1651",,,,,,,"2.0","2","NO INDICATION OF INJURY","0.0","0","0","0","0","2","0","13","1","X002164323",,,
"7edcf2bb1fdffddcfdd3919805c93e888557b927b368a78f03adb8502b8c522d94ee19c7094bb9d3c3fd85d3459523b3bbed68b189cfc5e7144ec488e0198ac7",,"2021-02-28T13:10:00.000","15","OTHER","NO CONTROLS","CLEAR","DAYLIGHT","FIXED OBJECT","PARKING LOT",,"STRAIGHT AND LEVEL","DRY","NO DEFECTS","ON SCENE","INJURY AND / OR TOW DUE TO CRASH",,"Y",,"OVER $1,500","2021-02-28T13:13:00.000","OPERATING VEHICLE IN ERRATIC, RECKLESS, CARELESS, NEGLIGENT OR AGGRESSIVE MANNER","UNABLE TO DETERMINE","410","W","OHARE ST","1651",,,,,,,"1.0","2","NONINCAPACITATING INJURY","1.0","0","0","1","0","0","0","13","1","X002189855",,,
"c1ae245257fcb186372b5ac954657e9dcf2f07e8b9767c738f6af07f640e5370011c1c1f780c92a6cf21060ef03eec05dbfae16f66c64b3cbf531bae1e8f3808",,"2021-02-08T03:00:00.000","30","NO CONTROLS","NO CONTROLS","SNOW","DARKNESS, LIGHTED ROAD","FIXED OBJECT","NOT DIVIDED",,"STRAIGHT AND LEVEL","SNOW OR SLUSH","NO DEFECTS","ON SCENE","INJURY AND / OR TOW DUE TO CRASH",,,,"OVER $1,500","2021-02-08T03:12:00.000","UNABLE TO DETERMINE","UNABLE TO DETERMINE","3099","S","FORT DEARBORN","133",,,,,,,"2.0","2","NONINCAPACITATING INJURY","1.0","0","0","1","0","0","0","3","2","X002157338",,,
"c0d2181747a90e6444ba2a055865babd19cdd27836697500d0f3399812e3cfa4ec2721847d122a32fa1f2e0118f713034414df3c303ff3edafe14ef877533c03",,"2021-02-05T10:55:00.000","45","NO CONTROLS","NO CONTROLS","CLEAR","DAYLIGHT","SIDESWIPE SAME DIRECTION","OTHER",,"STRAIGHT AND LEVEL","WET","NO DEFECTS","ON SCENE","NO INJURY / DRIVE AWAY",,,"Y","$501 - $1,500","2021-02-05T11:05:00.000","UNABLE TO DETERMINE","UNABLE TO DETERMINE","10156","W","KENNEDY EXPY IB","1654",,,,,,,"2.0","2","NO INDICATION OF INJURY","0.0","0","0","0","0","2","0","10","6","X002143868",,,
"a0eddf5a7aa1af9fec6b987c75c18bccb197a032723034729257e1774f9508f03c894b5b319dad1daff95f484d069b60656a5fa0adff046318b713bdfce7436a",,"2021-03-09T15:18:00.000","30","NO CONTROLS","NO CONTROLS","CLEAR","DAYLIGHT","FIXED OBJECT","NOT DIVIDED",,"STRAIGHT AND LEVEL","DRY","NO DEFECTS","ON SCENE","NO INJURY / DRIVE AWAY",,,,"OVER $1,500","2021-03-09T15:29:00.000","NOT APPLICABLE","NOT APPLICABLE","4725","W","61ST ST","813",,,,,,,"2","3","NO INDICATION OF INJURY","0","0","0","0","0","1","0","15","3","X002177593","41.7819872554","-87.7411270499","POINT (-87.741127049928 41.781987255398)"
"446f5eb3deb17c446a141f9e00143927810f41f68f9a8d44c7b4b2f0afdefbcb8186119b264ecd0d39863ed8628c60c78a3dae57e189116cfe1edf8005078459",,"2021-02-05T23:32:00.000","30","STOP SIGN/FLASHER","FUNCTIONING PROPERLY","CLEAR","DARKNESS, LIGHTED ROAD","REAR END","NOT DIVIDED",,"STRAIGHT AND LEVEL","DRY","NO DEFECTS","NOT ON SCENE (DESK REPORT)","NO INJURY / DRIVE AWAY",,,"Y","$500 OR LESS","2021-02-06T11:00:00.000","UNABLE TO DETERMINE","NOT APPLICABLE","3358","S","VERNON AVE","211",,,,,,,"2.0","2","NO INDICATION OF INJURY","0.0","0","0","0","0","2","0","23","6","X002145742",,,
"fbecfe98a38b4212c3f5ff2adf4d9c28abb1bcbcc25b78586a07ecef7e32898ce898e20ecc0d27a51d64ad9c0b0de3a1ce4065a5d9eccab8172811d7b4c02e66",,"2021-02-17T12:20:00.000","30","NO CONTROLS","NO CONTROLS","CLEAR","DAYLIGHT","SIDESWIPE SAME DIRECTION","OTHER",,"STRAIGHT AND LEVEL","WET","NO DEFECTS","ON SCENE","NO INJURY / DRIVE AWAY",,,,"OVER $1,500","2021-02-17T12:22:00.000","FAILING TO YIELD RIGHT-OF-WAY","UNABLE TO DETERMINE","1","W","TERMINAL ST","1651",,,,,,,"2.0","2","NO INDICATION OF INJURY","0.0","0","0","0","0","2","0","12","4","X002158210",,,
"fc783c6a9e52d942f1936ea48c12cdaf70feb774fc0143e88ec5e1d97909595360d0647ada01b6c4ef6aa6040f1e09694b23a11a6373353376d821f7ced678ff",,"2021-02-15T19:30:00.000","35","UNKNOWN","UNKNOWN","SNOW","DARKNESS, LIGHTED ROAD","SIDESWIPE SAME DIRECTION","DIVIDED - W/MEDIAN BARRIER",,"STRAIGHT AND LEVEL","SNOW OR SLUSH","UNKNOWN","ON SCENE","NO INJURY / DRIVE AWAY",,,,"OVER $1,500","2021-02-15T19:30:00.000","UNABLE TO DETERMINE","UNABLE TO DETERMINE","172","N","BESSIE COLEMAN DR","1654",,,,,,,"2.0","2","NO INDICATION OF INJURY","0.0","0","0","0","0","2","0","19","2","X002157150",,,
"2608b2a700eeba9567553cc827ac3ab91b9ca3e4b493633a3c61884c28602befdc8e1068030e934fbd9da7e19bacb8f9ffa8b1fe42fa3bdf4946c14fadc14152",,"2021-02-28T14:20:00.000","30","NO CONTROLS","NO CONTROLS","CLEAR","DAYLIGHT","ANGLE","NOT DIVIDED",,"STRAIGHT AND LEVEL","WET","UNKNOWN","ON SCENE","NO INJURY / DRIVE AWAY",,,"Y","OVER $1,500","2021-02-28T14:31:00.000","UNABLE TO DETERMINE","NOT APPLICABLE","4817","N","PULASKI RD","1712",,,,,,,"2","2","NO INDICATION OF INJURY","0","0","0","0","0","3","0","14","1","X002169640","41.9688234236","-87.7278985797","POINT (-87.72789857966 41.968823423624)"
"d8aec799a50c75e6b41a967379fe08886100bba78ec72a20e911e147e5c336459def31ab6514147adbf09c5275ee36d5608ded082db72c76f708c2d9a148071e",,"2021-02-07T21:10:00.000","30","NO CONTROLS","NO CONTROLS","SNOW","DARKNESS, LIGHTED ROAD","PARKED MOTOR VEHICLE","ONE-WAY",,"STRAIGHT ON GRADE","WET","UNKNOWN","ON SCENE","NO INJURY / DRIVE AWAY",,,,"$500 OR LESS","2021-02-07T21:13:00.000","NOT APPLICABLE","WEATHER","4655","S","DR MARTIN LUTHER KING JR SD","221",,,,,,,"2.0","2","NO INDICATION OF INJURY","0.0","0","0","0","0","2","0","21","1","X002146221",,,
"a58807199c3e5d62b09183ad7c260c17a9496cb981416eec4081acd6f26c5701e357927bfcb99dc9e9bce4ab04a6bd17c3b1ba2215da67749e61ae33ee429d6c",,"2021-03-16T16:50:00.000","30","NO CONTROLS","NO CONTROLS","CLEAR","DAYLIGHT","REAR END","NOT DIVIDED",,"STRAIGHT AND LEVEL","DRY","NO DEFECTS","NOT ON SCENE (DESK REPORT)","NO INJURY / DRIVE AWAY",,,,"$501 - $1,500","2021-03-16T17:49:00.000","NOT APPLICABLE","NOT APPLICABLE","7198","W","ARCHER AVE","811",,,,,,,"2.0","3","NO INDICATION OF INJURY","0.0","0","0","0","0","2","0","16","3","X002183442",,,
"dc9e0cfefe769b8bb8d218e724ee6a5e62b712397243203fc0401e81bdd74efeb8decacbb173d025b2281ac7261764a60831a6bd06862892e7835b3541e02a9f",,"2021-02-13T10:18:00.000","35","OTHER","FUNCTIONING PROPERLY","SNOW","DAYLIGHT","FIXED OBJECT","DIVIDED - W/MEDIAN BARRIER",,"CURVE, LEVEL","SNOW OR SLUSH","NO DEFECTS","ON SCENE","INJURY AND / OR TOW DUE TO CRASH",,"Y",,"OVER $1,500","2021-02-13T10:19:00.000","OPERATING VEHICLE IN ERRATIC, RECKLESS, CARELESS, NEGLIGENT OR AGGRESSIVE MANNER","FAILING TO REDUCE SPEED TO AVOID CRASH","8701","S","CHICAGO SKYWAY IB","412",,,,,,,"1.0","2","INCAPACITATING INJURY","1.0","0","1","0","0","4","0","10","7","X002153906",,,
"adeb63ec91aa9ffcc1fc5dd829aef2cd1b3e0a2aec855f9909eab6a68bec6b43edac58a90bdd7a7371eaa02b8fcb66cf6258d15231d43e03fbf5a40f2244979f",,"2021-02-11T17:25:00.000","30","TRAFFIC SIGNAL","FUNCTIONING PROPERLY","CLOUDY/OVERCAST","DUSK","REAR END","NOT DIVIDED",,"STRAIGHT AND LEVEL","SNOW OR SLUSH","UNKNOWN","NOT ON SCENE (DESK REPORT)","NO INJURY / DRIVE AWAY",,,,"$501 - $1,500","2021-02-11T18:07:00.000","IMPROPER BACKING","IMPROPER BACKING","3100","N","CLARK ST","1934",,,,,,,"2.0","2","NO INDICATION OF INJURY","0.0","0","0","0","0","2","0","17","5","X002151532",,,
"80fd56623e412bb524899649f1175920c0d861f242f0a7769e61591485626dbedd4f3b4ea4d40f68ae5753569ddc177b4849301e350113c59f3ef7ddf2f4e091",,"2021-01-29T11:10:00.000","45","TRAFFIC SIGNAL","FUNCTIONING PROPERLY","CLEAR","DAYLIGHT","SIDESWIPE SAME DIRECTION","DIVIDED - W/MEDIAN BARRIER",,"STRAIGHT AND LEVEL","DRY","NO DEFECTS","ON SCENE","NO INJURY / DRIVE AWAY",,,"Y","OVER $1,500","2021-01-29T11:20:00.000","UNABLE TO DETERMINE","NOT APPLICABLE","4331","N","MANNHEIM RD","1654",,,,,,,"2.0","1","NO INDICATION OF INJURY","0.0","0","0","0","0","2","0","11","6","X002137331",,,
"08be9149bec6407c083df4c02df39bb1463e8477453b846e10f5d070b2de70a97e77761ff1800ead30380e6208e53dc4fd0ab9eac84bb1c9a1ad09735299bb1d",,"2021-02-09T13:20:00.000","30","NO CONTROLS","NO CONTROLS","CLEAR","DAYLIGHT","OTHER NONCOLLISION","ONE-WAY",,"CURVE ON GRADE","DRY","NO DEFECTS","ON SCENE","INJURY AND / OR TOW DUE TO CRASH",,,,"$500 OR LESS","2021-02-09T13:40:00.000","UNABLE TO DETERMINE","UNABLE TO DETERMINE","5","W","TERMINAL ST","1655",,,,,,,"2.0","2","NONINCAPACITATING INJURY","1.0","0","0","1","0","2","0","13","3","X002149375",,,
"de9c8797c8803162d1d32cbc5416655395ecbe55075e533a97e289532ecf58cdc5226143bdb41a33aa13c03437f3e5a5e713f0f39a93a4d670ce1727a7853b42",,"2021-03-06T09:05:00.000","30","NO CONTROLS","NO CONTROLS","CLEAR","DAYLIGHT","REAR END","DIVIDED - W/MEDIAN BARRIER",,"STRAIGHT AND LEVEL","DRY","NO DEFECTS","ON SCENE","NO INJURY / DRIVE AWAY",,,,"OVER $1,500","2021-03-06T09:07:00.000","FOLLOWING TOO CLOSELY","DRIVING SKILLS/KNOWLEDGE/EXPERIENCE","1","W","HELIPAD ST","1654",,,,,,,"2.0","3","NO INDICATION OF INJURY","0.0","0","0","0","0","2","0","9","7","X002174718",,,
"30a34e625bec1647ff5038e8b18beaeb90dbdafa7a83044254a702689484f38064b031d38beb0249a96a1ecbf2060c881775acf3cdde11c34db4d1cc14b600e9",,"2021-02-13T16:19:00.000","10","NO CONTROLS","NO CONTROLS","SNOW","DAYLIGHT","FIXED OBJECT","PARKING LOT",,"STRAIGHT AND LEVEL","SNOW OR SLUSH","NO DEFECTS","ON SCENE","INJURY AND / OR TOW DUE TO CRASH",,"Y",,"OVER $1,500","2021-02-13T16:23:00.000","DRIVING SKILLS/KNOWLEDGE/EXPERIENCE","WEATHER","825","W","OHARE ST","1651",,,,,,,"1.0","2","NO INDICATION OF INJURY","0.0","0","0","0","0","2","0","16","7","X002154193",,,
"ce53e87e0260fc042e9510247c0596dd3818c0c93d408f8cc56c2e038c714ae74014d739101ba7ac8366595ae3212e9ed859c197090c9aa6ac55642480b90640",,"2021-02-12T07:20:00.000","30","NO CONTROLS","NO CONTROLS","CLEAR","DAYLIGHT","ANGLE","NOT DIVIDED",,"STRAIGHT AND LEVEL","WET","NO DEFECTS","ON SCENE","NO INJURY / DRIVE AWAY",,,,"OVER $1,500","2021-02-12T07:23:00.000","UNABLE TO DETERMINE","NOT APPLICABLE","7652","S","COLES AVE","421",,,,,,,"2","2","NO INDICATION OF INJURY","0","0","0","0","0","2","0","7","6","X002152968","41.7567860711","-87.555583617","POINT (-87.555583617007 41.756786071086)"
"1b9e9ce066e2bd62a08a5a0cd29056eb1539368f505c4fef82a30d333de9768690620883e51b2444b79f0a7e112e04ba190d5bc82e773f611bf4518844199b10",,"2021-02-23T17:55:00.000","25","NO CONTROLS","NO CONTROLS","CLEAR","DARKNESS, LIGHTED ROAD","TURNING","PARKING LOT",,"STRAIGHT AND LEVEL","SNOW OR SLUSH","NO DEFECTS","ON SCENE","NO INJURY / DRIVE AWAY",,,,"$500 OR LESS","2021-02-23T17:56:00.000","DRIVING SKILLS/KNOWLEDGE/EXPERIENCE","NOT APPLICABLE","514","W","OHARE ST","1654",,,,,,,"2.0","2","NO INDICATION OF INJURY","0.0","0","0","0","0","2","0","17","3","X002166137",,,
"3768f20bcd3a05a83f24c9a05f3a0eedd2b42fce21b5c3827f370c6eaff51532e19600c2b6d25de49324d78814b6d70e9ff3306ed494f6164a0b9c43d1cd3235",,"2017-10-02T21:30:00.000","30","TRAFFIC SIGNAL","FUNCTIONING PROPERLY","CLEAR","DARKNESS, LIGHTED ROAD","TURNING","DIVIDED - W/MEDIAN (NOT RAISED)","2","STRAIGHT AND LEVEL","DRY","NO DEFECTS","NOT ON SCENE (DESK REPORT)","NO INJURY / DRIVE AWAY",,,"Y","$501 - $1,500","2017-10-03T18:00:00.000","IMPROPER TURNING/NO SIGNAL","DISREGARDING TRAFFIC SIGNALS","5500","S","WENTWORTH AVE","225",,,,,,,"2.0","10","NO INDICATION OF INJURY","0.0","0","0","0","0","2","0","21","2","X000928019",,,
"a90a22e60bb04bf9eb7e958cf78e9e15ac3d8615ae8aecc96f75f737225f747cdad26017a801acf8bcb4c6aff5ca18eac7b214f2f84de643ac1825c1278a1016",,"2025-01-07T10:50:00.000","20","NO CONTROLS","NO CONTROLS","CLEAR","DAYLIGHT","REAR TO FRONT","ONE-WAY",,"STRAIGHT AND LEVEL","DRY","NO DEFECTS","NOT ON SCENE (DESK REPORT)","NO INJURY / DRIVE AWAY",,,,"OVER $1,500","2025-01-07T11:15:00.000","UNABLE TO DETERMINE","NOT APPLICABLE","2635","S","CALIFORNIA AVE","1034",,,,,,,"2.0","1","NO INDICATION OF INJURY","0.0","0","0","0","0","2","0","10","3","X003683188",,,
"17a91ac7d0bd30fd90cfcff9f55ad921df378317316c6230ddeae07b4f8f8bb0e5fd33d185a9918e943a00c67334d423ee14b12d830c2f6d51a77f96ab8b57c4",,"2017-10-07T15:45:00.000","30","NO CONTROLS","NO CONTROLS","RAIN","DAYLIGHT","OTHER NONCOLLISION","ONE-WAY","1","STRAIGHT AND LEVEL","WET","NO DEFECTS","ON SCENE","NO INJURY / DRIVE AWAY",,,,"$501 - $1,500","2017-10-07T16:15:00.000","WEATHER","NOT APPLICABLE","1969","E","73RD PL","333",,,,,,,"1","10",,,,,,,,,"15","7","X000931764","41.7614916559","-87.5765729799","POINT (-87.576572979877 41.7614916559)"
"3e0dd829bfa7fdac4ef4fdac38dd523129177f6d3c98526e86fb9dcf7c6241c1df1a211b3eebbc2584cf285de0b710f8f3b2f6dec6eec713aee761edb4569a7c",,"2024-12-19T12:45:00.000","10","NO CONTROLS","NO CONTROLS","CLEAR","DAYLIGHT","PARKED MOTOR VEHICLE","ONE-WAY",,"CURVE, LEVEL","DRY","UNKNOWN","NOT ON SCENE (DESK REPORT)","NO INJURY / DRIVE AWAY",,,,"$501 - $1,500","2024-12-19T14:00:00.000","FAILING TO REDUCE SPEED TO AVOID CRASH","UNABLE TO DETERMINE","1","W","TERMINAL ST","1651",,,,,,,"2.0","12","NO INDICATION OF INJURY","0.0","0","0","0","0","1","0","12","5","X003664906",,,
"32fb76d369b9814ab0e067b9ffabf124d98574b70b3f6c07f8e80002368452e0265cb84b573822d2b1df5326bf1e85fe189e92fa754de6c0dae3f32d2e2c8f43",,"2025-01-13T11:45:00.000","30","NO CONTROLS","NO CONTROLS","CLEAR","DAYLIGHT","SIDESWIPE SAME DIRECTION","ONE-WAY",,"STRAIGHT AND LEVEL","DRY","NO DEFECTS","ON SCENE","NO INJURY / DRIVE AWAY",,,,"OVER $1,500","2025-01-13T11:50:00.000","FAILING TO YIELD RIGHT-OF-WAY","IMPROPER LANE USAGE","5","W","TERMINAL ST","1655",,,,,,,"2.0","1","NO INDICATION OF INJURY","0.0","0","0","0","0","2","0","11","2","X003690501",,,
"86cc201718c2e7fe5f08c1c8f938bf38bd8fc131c59fa8935578381d346a2ee6fd96c1b447b73f4df2cff8fd4184d71b689524c4b69ff530c0f94531f359f6dd",,"2025-01-10T12:06:00.000","20","NO CONTROLS","NO CONTROLS","SNOW","DAYLIGHT","SIDESWIPE SAME DIRECTION","ONE-WAY",,"STRAIGHT AND LEVEL","SNOW OR SLUSH","NO DEFECTS","ON SCENE","NO INJURY / DRIVE AWAY",,,,"OVER $1,500","2025-01-10T12:15:00.000","FAILING TO YIELD RIGHT-OF-WAY","WEATHER","2","W","TERMINAL ST","1652",,,,,,,"2.0","1","NO INDICATION OF INJURY","0.0","0","0","0","0","2","0","12","6","X003687331",,,
"d29a47dd5590ad2abe45bcd142d0df5290b7e122beacb928ec0eb641ec2931d11dc2b413c14344f8e5b7a6a64c12f8cb2a0815c77cd2f281fdc11f182c4847e4",,"2025-01-10T07:44:00.000","30","NO CONTROLS","NO CONTROLS","SNOW","DAYLIGHT","REAR END","NOT DIVIDED",,"STRAIGHT AND LEVEL","SNOW OR SLUSH","NO DEFECTS","ON SCENE","NO INJURY / DRIVE AWAY",,,,"$501 - $1,500","2025-01-10T07:45:00.000","DRIVING SKILLS/KNOWLEDGE/EXPERIENCE","UNABLE TO DETERMINE","524","W","OHARE ST","1654",,,,,,,"2.0","1","NO INDICATION OF INJURY","0.0","0","0","0","0","3","0","7","6","X003686398",,,
"d9c997f918ebae15cf149af479913e5762303314f6cf7bc51de7990e7ee209b736d4e80d8e30ce26b8317c4585f00a2348a3d0d39c13f70ba0268537a68da41b",,"2025-01-05T12:00:00.000","30","TRAFFIC SIGNAL","FUNCTIONING PROPERLY","CLEAR","DAYLIGHT","REAR END","RAMP",,"STRAIGHT AND LEVEL","DRY","NO DEFECTS","ON SCENE","NO INJURY / DRIVE AWAY","Y",,,"$501 - $1,500","2025-01-05T12:05:00.000","FOLLOWING TOO CLOSELY","NOT APPLICABLE","1","N","BESSIE COLEMAN DR","1654",,,,,,,"2.0","1","NO INDICATION OF INJURY","0.0","0","0","0","0","2","0","12","1","X003680988",,,
"dee05f4d45601cd700cf5f64212d5f5148bb0a8ecb8adc5bc27c2a1099f2c5f3979d01c25bf9dbe94a64c8415e1419fdf1f743e6fcab922639cc6b9821df3610",,"2021-03-19T15:15:00.000","50","OTHER","FUNCTIONING IMPROPERLY","CLEAR","DAYLIGHT","REAR END","DIVIDED - W/MEDIAN BARRIER",,"STRAIGHT AND LEVEL","DRY","NO DEFECTS","NOT ON SCENE (DESK REPORT)","NO INJURY / DRIVE AWAY",,,"Y","$501 - $1,500","2021-03-19T16:30:00.000","IMPROPER LANE USAGE","FOLLOWING TOO CLOSELY","8800","S","CHICAGO SKYWAY OB","412",,,,,,,"2.0","3","NO INDICATION OF INJURY","0.0","0","0","0","0","3","0","15","6","X002186153",,,
"8436742ed4ca57e7f73b0cfbc4e6e3152bef7164a44aa8f663c28c6b6ed2744b37f469b88ed1c3a87dd937a239bd9ce8893bd5f9796a384b2e9c91d77d4b1098",,"2021-02-07T16:53:00.000","20","NO CONTROLS","NO CONTROLS","CLEAR","DAYLIGHT","SIDESWIPE SAME DIRECTION","ONE-WAY",,"STRAIGHT AND LEVEL","DRY","NO DEFECTS","ON SCENE","NO INJURY / DRIVE AWAY",,,,"$501 - $1,500","2021-02-07T16:54:00.000","DRIVING SKILLS/KNOWLEDGE/EXPERIENCE","UNABLE TO DETERMINE","1","W","TERMINAL ST","1651",,,,,,,"2.0","2","NO INDICATION OF INJURY","0.0","0","0","0","0","2","0","16","1","X002150241",,,
"6fca9d31d8597386375cd6fff4b26625789b1b9d5057429f5e58a5e9d56dd49ee935836d2ca406aa0f8d9ab0a579379b828300b110aaa74d2df6289c18f74583",,"2021-03-16T11:10:00.000","30","NO CONTROLS","NO CONTROLS","CLEAR","DAYLIGHT","REAR END","DIVIDED - W/MEDIAN (NOT RAISED)",,"STRAIGHT AND LEVEL","WET","UNKNOWN","ON SCENE","NO INJURY / DRIVE AWAY",,,"Y","OVER $1,500","2021-03-16T11:13:00.000","UNABLE TO DETERMINE","UNABLE TO DETERMINE","6560","W","GRAND AVE","2512",,,,,,,"2.0","3","NO INDICATION OF INJURY","0.0","0","0","0","0","2","0","11","3","X002183170",,,
"1babe5afd54cc8d36c3ae9fa87de3c26e11eda974a76efa1c97c70c5bde3b13713452e9cdc0d2fdc0a769da04b59876d8995c643e5df3703194518e2efff06e5",,"2021-02-13T23:17:00.000","10","NO CONTROLS","NO CONTROLS","CLEAR","DARKNESS, LIGHTED ROAD","FIXED OBJECT","PARKING LOT",,"STRAIGHT ON GRADE","DRY","NO DEFECTS","ON SCENE","NO INJURY / DRIVE AWAY",,"Y",,"$500 OR LESS","2021-02-13T23:17:00.000","UNABLE TO DETERMINE","NOT APPLICABLE","1","W","PARKING LOT F ST","1654",,,,,,,"1.0","2","NO INDICATION OF INJURY","0.0","0","0","0","0","1","0","23","7","X002176698",,,
"5f3c749af83f420d42e87584ccc39f2381952a14612de886e9a4aa9eca74624f3af50ce8f758dae38aa98b7d6402aafcd911df5df55919f92502a2e724453e5f",,"2021-03-02T06:00:00.000","20","NO CONTROLS","NO CONTROLS","CLEAR","DAWN","PARKED MOTOR VEHICLE","ONE-WAY",,"STRAIGHT AND LEVEL","DRY","NO DEFECTS","NOT ON SCENE (DESK REPORT)","NO INJURY / DRIVE AWAY",,,"Y","$501 - $1,500","2021-03-02T11:15:00.000","FOLLOWING TOO CLOSELY","DRIVING SKILLS/KNOWLEDGE/EXPERIENCE","450","W","OHARE ST","1654",,,,,,,"2.0","3","NO INDICATION OF INJURY","0.0","0","0","0","0","1","0","6","3","X002172123",,,
"2c7f8340182bd1f433b519c0dc36bb929fed189675a5ec587cc2dcaedffa51e0dd0cc44e30b2fc2c3aa243b1acae84200b5849058bb4c514152d79d291ed2fc8",,"2021-03-17T06:00:00.000","15","NO CONTROLS","NO CONTROLS","CLEAR","DARKNESS","FIXED OBJECT","OTHER",,"STRAIGHT AND LEVEL","DRY","NO DEFECTS","ON SCENE","NO INJURY / DRIVE AWAY",,"Y",,"$501 - $1,500","2021-03-17T06:45:00.000","UNABLE TO DETERMINE","UNABLE TO DETERMINE","2425","S","WOOD ST","1034",,,,,,,"1","3","NO INDICATION OF INJURY","0","0","0","0","0","1","0","6","4","X002184043","41.8477742999","-87.6706511915","POINT (-87.670651191494 41.847774299906)"
"fba3267e94613cbc3e761aab106e1aa9ae572d0ef52ddbccbbe49f23b6a1a53d8edcf75a580cf94e1db6b9af3595981c3ceef06df4a4d400ceb55c65332aff8a",,"2021-01-30T14:35:00.000","10","OTHER","NO CONTROLS","CLEAR","DAYLIGHT","PARKED MOTOR VEHICLE","PARKING LOT",,"STRAIGHT AND LEVEL","WET","NO DEFECTS","ON SCENE","NO INJURY / DRIVE AWAY",,,,"$500 OR LESS","2021-01-30T14:40:00.000","UNABLE TO DETERMINE","UNABLE TO DETERMINE","524","W","OHARE ST","1654",,,,,,,"2.0","1","NO INDICATION OF INJURY","0.0","0","0","0","0","1","0","14","7","X002137553",,,
"66c4fcc2744ad5b96b700867b5f073867b89ba24cd4f82880e8d59744b25c7e76c53b5e3672771433fc56c43f4d8ebd6ecb5892ffb613a657ec9ed222bfa137b",,"2021-03-19T08:00:00.000","35","NO CONTROLS","UNKNOWN","CLEAR","DAYLIGHT","TURNING","NOT DIVIDED",,"STRAIGHT AND LEVEL","DRY","UNKNOWN","NOT ON SCENE (DESK REPORT)","NO INJURY / DRIVE AWAY",,,"N","$501 - $1,500","2021-03-20T20:50:00.000","NOT APPLICABLE","NOT APPLICABLE","9500","S","JEFFERY AVE","431",,,,,,,"2","3","NO INDICATION OF INJURY","0","0","0","0","0","2","0","8","6","X002187513","41.722375907","-87.5754999033","POINT (-87.575499903328 41.722375907041)"
"43637013c9d319efc57ac5a61062b922f0c4ba2f91801bab349258d0995503e2a8f7d5e750438aeb3ac9d7c527fd4210a222f07b989442cb70152cbb16cddb2f",,"2021-02-20T09:00:00.000","15","OTHER","OTHER","CLEAR","DAYLIGHT","FIXED OBJECT","PARKING LOT",,"STRAIGHT AND LEVEL","DRY","OTHER","ON SCENE","NO INJURY / DRIVE AWAY",,,,"OVER $1,500","2021-02-20T09:10:00.000","UNABLE TO DETERMINE","NOT APPLICABLE","1","W","PARKING LOT A ST","1654",,,,,,,"1.0","2","NO INDICATION OF INJURY","0.0","0","0","0","0","1","0","9","7","X002162563",,,
"7293deae86ac3038d010ccc81026e4f0b576edf01f5ad4cc0478fc1ea958bc297c9ca3f1f54be30a4b27c5fee79466e1b455b810a33efbdcf8ca83af39e7721f",,"2021-02-10T17:30:00.000","35","NO CONTROLS","NO CONTROLS","CLEAR","DAYLIGHT","REAR END","NOT DIVIDED",,"STRAIGHT AND LEVEL","SNOW OR SLUSH","NO DEFECTS","NOT ON SCENE (DESK REPORT)","NO INJURY / DRIVE AWAY",,,"Y","$501 - $1,500","2021-02-10T18:20:00.000","FOLLOWING TOO CLOSELY","WEATHER","7130","S","STONY ISLAND AVE","324",,,,,,,"2.0","2","NO INDICATION OF INJURY","0.0","0","0","0","0","2","0","17","4","X002150340","41.765182268","-87.5864511937","POINT (-87.586451193683 41.765182268)"
"dd3db5efa7a97ed31fc03bd56034251d4474a1c5e72f4e9f7639842551fc92a53ce4962c03946b22e2a11ab7792a498a1d4ff014b66cac5eab6e40446e07bac5",,"2021-02-19T09:58:00.000","20","NO CONTROLS","NO CONTROLS","SNOW","DAYLIGHT","PARKED MOTOR VEHICLE","ONE-WAY",,"STRAIGHT AND LEVEL","SNOW OR SLUSH","OTHER","ON SCENE","NO INJURY / DRIVE AWAY",,,,"$501 - $1,500","2021-02-19T10:00:00.000","WEATHER","NOT APPLICABLE","4054","S","DR MARTIN LUTHER KING JR SD","213",,,,,,,"2.0","2","NO INDICATION OF INJURY","0.0","0","0","0","0","1","0","9","6","X002160625",,,
"0cac79ac951b6f22a578745df1ef93fa63ccca2bca0fc4f32b3744fe6635970b58c0836bdc2e9b7d6ca497defe452e05919d6c0f5837f55c73d1a80ff16112a3",,"2021-02-21T14:50:00.000","30","NO CONTROLS","NO CONTROLS","CLEAR","DAYLIGHT","REAR END","OTHER",,"STRAIGHT AND LEVEL","DRY","NO DEFECTS",,"NO INJURY / DRIVE AWAY",,,,"OVER $1,500","2021-02-21T15:15:00.000","UNABLE TO DETERMINE","NOT APPLICABLE","2900","S","PULASKI RD","1031",,,,,,,"3.0","2","NO INDICATION OF INJURY","0.0","0","0","0","0","3","0","14","1","X002162812",,,
"416fce54f32f756f5a94fcbaa759c668b5fc93731d6478e4a347fdd3b4581b390d92c6ca05a439cf49796cb8c782e55fe4f3798a30fe5ea1588666fca2a1dfab",,"2021-01-28T23:20:00.000","35","NO CONTROLS","NO CONTROLS","CLEAR","DARKNESS, LIGHTED ROAD","SIDESWIPE SAME DIRECTION","DIVIDED - W/MEDIAN BARRIER",,"CURVE ON HILLCREST","DRY","NO DEFECTS","ON SCENE","INJURY AND / OR TOW DUE TO CRASH",,,,"OVER $1,500","2021-01-28T23:23:00.000","DRIVING SKILLS/KNOWLEDGE/EXPERIENCE","UNABLE TO DETERMINE","10830","W","HIGGINS RD","1654",,,,,,,"2.0","1","NO INDICATION OF INJURY","0.0","0","0","0","0","3","0","23","5","X002136268",,,
"928cad1861c3a65694e2b75733d515d41ea79282f9d772791f8f6e032090d9d09d1bc1fa3e60dcce9e11dc2ae67c6e5a50974017cc88488cfe7168065fa26902",,"2021-02-27T15:40:00.000","35","STOP SIGN/FLASHER","NO CONTROLS","CLEAR","DAYLIGHT","REAR END","Y-INTERSECTION",,"STRAIGHT AND LEVEL","DRY","NO DEFECTS","NOT ON SCENE (DESK REPORT)","NO INJURY / DRIVE AWAY",,,,"OVER $1,500","2021-02-27T16:15:00.000","FOLLOWING TOO CLOSELY","NOT APPLICABLE","1859","E","83RD ST","412",,,,,,,"2.0","2","NO INDICATION OF INJURY","0.0","0","0","0","0","2","0","15","7","X002169063",,,
"4044fd4c05be643be3a34ffbb05dafde01db7dd082be66c18bfa6374e92eaae69d6eed827b1fc1f6772058b5be034468765ff519a63125feb35bcd7240a81b0d",,"2021-03-24T17:25:00.000","30","TRAFFIC SIGNAL","FUNCTIONING PROPERLY","RAIN","DAYLIGHT","REAR END","RAMP",,"STRAIGHT ON HILLCREST","WET","UNKNOWN","ON SCENE","INJURY AND / OR TOW DUE TO CRASH",,,,"$501 - $1,500","2021-03-24T17:25:00.000","FAILING TO REDUCE SPEED TO AVOID CRASH","FAILING TO REDUCE SPEED TO AVOID CRASH","2","W","I190 EXPY","1654",,,,,,,"2.0","3","NO INDICATION OF INJURY","0.0","0","0","0","0","2","0","17","4","X002190473",,,
"8e499b0458e31afaf08c7898d3caf621c1650196aff0732bf95ac9fc38b785adacd3d0b05bd6ebc371d402c519d37d0a5f96c97ade9aeb680269c3ae782b609a",,"2021-02-27T07:55:00.000","20","NO CONTROLS","NO CONTROLS","CLEAR","DAYLIGHT","SIDESWIPE SAME DIRECTION","ONE-WAY",,"STRAIGHT AND LEVEL","WET","NO DEFECTS","ON SCENE","INJURY AND / OR TOW DUE TO CRASH",,,,"OVER $1,500","2021-02-27T07:58:00.000","FAILING TO YIELD RIGHT-OF-WAY","DRIVING SKILLS/KNOWLEDGE/EXPERIENCE","3","W","TERMINAL ST","1653",,,,,,,"2.0","2","NONINCAPACITATING INJURY","1.0","0","0","1","0","2","0","7","7","X002168564",,,
"8d0c52e0b88ed31e4a03fba8e1848a3790369995e23c1accd322d525b3153730129ee5c95948828bd0733a0d468daf633a0fb4e01d827029f1432f9ffb70a3c2",,"2021-02-17T00:15:00.000","30","TRAFFIC SIGNAL","FUNCTIONING PROPERLY","CLEAR","DARKNESS","REAR END","NOT DIVIDED",,"STRAIGHT AND LEVEL","SNOW OR SLUSH","UNKNOWN","NOT ON SCENE (DESK REPORT)","NO INJURY / DRIVE AWAY","Y",,,"OVER $1,500","2021-02-17T00:40:00.000","WEATHER","NOT APPLICABLE","5500","S","WENTWORTH AVE","225",,,,,,,"2.0","2","NO INDICATION OF INJURY","0.0","0","0","0","0","2","0","0","4","X002157377",,,
"ca5010784019a1b5bc650d2555ae7320716642b48a416dd86a5323d2d80f24f337de632a98c29bb3b27b9d1cb69bfbf48b3c911a0237dad4c7bca2b11e534894",,"2021-01-27T02:08:00.000","30","STOP SIGN/FLASHER","FUNCTIONING PROPERLY","CLOUDY/OVERCAST","DARKNESS, LIGHTED ROAD","ANGLE","T-INTERSECTION",,"STRAIGHT AND LEVEL","SNOW OR SLUSH","OTHER","ON SCENE","INJURY AND / OR TOW DUE TO CRASH","Y",,"Y","OVER $1,500","2021-01-27T02:15:00.000","FAILING TO YIELD RIGHT-OF-WAY","UNABLE TO DETERMINE","6100","S","WENTWORTH AVE","311",,,,,,,"2.0","1","NO INDICATION OF INJURY","0.0","0","0","0","0","2","0","2","4","X002135173",,,
"b3cad7137244d5606fe62963b0a0de024be3fc3cb8aeaa3e4d6d7e8d796c0cad0833f6bb130e718469e4a6e36fa7eb1697372699b934f6c715481c473da8a4df","Y","2021-02-16T08:00:00.000","10","NO CONTROLS","NO CONTROLS","SNOW","DAYLIGHT","PARKED MOTOR VEHICLE","PARKING LOT",,"STRAIGHT AND LEVEL","SNOW OR SLUSH","OTHER","ON SCENE","NO INJURY / DRIVE AWAY",,,"Y","$501 - $1,500","2021-02-16T08:30:00.000","UNABLE TO DETERMINE","UNABLE TO DETERMINE","510","W","OHARE ST","1654",,,,,,,"2.0","2","NO INDICATION OF INJURY","0.0","0","0","0","0","1","0","8","3","X002162564",,,
"26511ffe6f239e26f4cb8e139620e23f87c0aec2306962da23dc140d798282a99228151cb6c0da3cbcba295f100c50e5415f029d1f4028aedaac7afee91eba3e",,"2021-02-07T10:05:00.000","15","NO CONTROLS","NO CONTROLS","CLEAR","DAYLIGHT","FIXED OBJECT","ONE-WAY",,"STRAIGHT AND LEVEL","DRY","NO DEFECTS","ON SCENE","INJURY AND / OR TOW DUE TO CRASH",,,,"$501 - $1,500","2021-02-07T10:10:00.000","EQUIPMENT - VEHICLE CONDITION","NOT APPLICABLE","1","W","TERMINAL ST","1651",,,,,,,"1.0","2","NONINCAPACITATING INJURY","1.0","0","0","1","0","0","0","10","1","X002146743",,,
"21db1e7a715ce8f854226ccbc331a467a21077a2562f92ec356dc567f57d05ca806380d000cc9c591ab1455235674418c2f66d172fb9a396bfbe47a1ad6c25ae",,"2020-12-03T21:30:00.000","30","TRAFFIC SIGNAL","NO CONTROLS","UNKNOWN","DARKNESS","PARKED MOTOR VEHICLE","ONE-WAY",,"STRAIGHT AND LEVEL","UNKNOWN","UNKNOWN",,"NO INJURY / DRIVE AWAY",,,,"OVER $1,500","2020-12-04T15:58:00.000","UNABLE TO DETERMINE","NOT APPLICABLE","4720","S","DR MARTIN LUTHER KING JR SD","224",,,,,,,"3.0","12","NO INDICATION OF INJURY","0.0","0","0","0","0","1","0","21","5","X002089256",,,
"9c53823a28d575d7749d4b56f7628019e7514d325f3ad08d4ebf1a170201a00f92c59b3a3b2fd642e781d62899d02b44fe81f7d46689ddc7f88f786f8ba047b8",,"2021-01-29T07:30:00.000","30","NO CONTROLS","NO CONTROLS","CLEAR","DAYLIGHT","REAR END","DIVIDED - W/MEDIAN BARRIER",,"STRAIGHT AND LEVEL","DRY","NO DEFECTS","ON SCENE","INJURY AND / OR TOW DUE TO CRASH",,,,"OVER $1,500","2021-01-29T07:30:00.000","FOLLOWING TOO CLOSELY","FOLLOWING TOO CLOSELY","14","W","I190 EXPY","1654",,,,,,,"2.0","1","NO INDICATION OF INJURY","0.0","0","0","0","0","2","0","7","6","X002137329",,,
"027eb217cd02d103092991609af093058dfff89a39b9638c99e8ea29b8b03bac3c5e779aa3cc371a5dd972502a606d39b4bd7b535f8edaec33dd0f2d8e6c52bd",,"2021-03-03T17:50:00.000","35","NO CONTROLS","NO CONTROLS","CLEAR","DARKNESS","PARKED MOTOR VEHICLE","NOT DIVIDED",,"STRAIGHT AND LEVEL","DRY","NO DEFECTS","ON SCENE","NO INJURY / DRIVE AWAY",,,"Y","OVER $1,500","2021-03-03T18:46:00.000","IMPROPER BACKING","NOT APPLICABLE","3845","S","STATE ST","213",,,,,,,"2","3","NO INDICATION OF INJURY","0","0","0","0","0","1","0","17","4","X002172583","41.8242011421","-87.6262712265","POINT (-87.626271226523 41.824201142078)"
"e2fad23b16a4f058203c4d92cfb2fd1e9475326e6808c37d8dc47ec5d3837c237703debb7d23b8ad16105d3a457b1becf41d7b26ac287ec797d02eab9843fa53",,"2021-03-31T21:38:00.000","25","NO CONTROLS","NO CONTROLS","CLEAR","DARKNESS, LIGHTED ROAD","PEDESTRIAN","NOT DIVIDED",,"STRAIGHT AND LEVEL","DRY","NO DEFECTS","ON SCENE","INJURY AND / OR TOW DUE TO CRASH",,,"Y","OVER $1,500","2021-03-31T21:38:00.000","UNABLE TO DETERMINE","NOT APPLICABLE","1705","S","KEDZIE AVE","1022",,,,,,,"2.0","3","NONINCAPACITATING INJURY","1.0","0","0","1","0","1","0","21","4","X002196469",,,
"2dd44e324f1c74ea9b3d4815e7d94faa2f48ba59ee7e015ce19443cc747bc3ab0e7d0f8f1891ef999b2134110e68828fc06f4bfd94fe2592fa818d573de392de",,"2021-03-04T17:50:00.000","30","TRAFFIC SIGNAL","FUNCTIONING PROPERLY","CLEAR","DUSK","TURNING","ONE-WAY",,"STRAIGHT AND LEVEL","DRY","NO DEFECTS","NOT ON SCENE (DESK REPORT)","NO INJURY / DRIVE AWAY",,,,"OVER $1,500","2021-03-04T17:58:00.000","IMPROPER TURNING/NO SIGNAL","NOT APPLICABLE","5900","S","WENTWORTH AVE","232",,,,,,,"2.0","3","NO INDICATION OF INJURY","0.0","0","0","0","0","3","0","17","5","X002173467",,,
"945cd5df5dd911e73f1d76242cac966816367da144235db95e1c28ef340f87d0c6ebda84f2fc1b88791c5d24c5999d0e0e04d140f97b45d064989b0b8f23b603",,"2021-03-13T18:30:00.000","30","NO CONTROLS","NO CONTROLS","CLEAR","DARKNESS","SIDESWIPE SAME DIRECTION","ONE-WAY",,"STRAIGHT AND LEVEL","DRY","NO DEFECTS","NOT ON SCENE (DESK REPORT)","NO INJURY / DRIVE AWAY",,,,"OVER $1,500","2021-03-14T10:00:00.000","IMPROPER LANE USAGE","NOT APPLICABLE","5420","S","WENTWORTH AVE","225",,,,,,,"2.0","3","NO INDICATION OF INJURY","0.0","0","0","0","0","2","0","18","7","X002183966",,,
"a4da99f8689891a049f35fedd60096866203c89b5055683ae4fd56d5cbc19e61e5fc9669a03faa4c1d8719755e6fad67dad78d9f6d3ee297242f23dd8376090d",,"2021-03-10T12:28:00.000","35","TRAFFIC SIGNAL","FUNCTIONING PROPERLY","CLEAR","DAYLIGHT","TURNING","FOUR WAY",,"STRAIGHT AND LEVEL","DRY","UNKNOWN","ON SCENE","NO INJURY / DRIVE AWAY","Y",,,"$501 - $1,500","2021-03-10T12:30:00.000","UNABLE TO DETERMINE","NOT APPLICABLE","6299","S","LAKE SHORE DR","331",,,,,,,"2.0","3","NO INDICATION OF INJURY","0.0","0","0","0","0","3","0","12","4","X002178299",,,
"e79f475e4bf806d9bc55a91cac03ea82d159baa51585da1e9b87611f25de74c23a9a3fec586f29962f00ea8bc6477e0b2ffa833b30de34de6e786b8326279c61",,"2021-08-25T10:15:00.000","15","NO CONTROLS","NO CONTROLS","CLEAR","DAYLIGHT","PARKED MOTOR VEHICLE","PARKING LOT",,"STRAIGHT AND LEVEL","DRY","NO DEFECTS","ON SCENE","NO INJURY / DRIVE AWAY",,,,"OVER $1,500","2021-08-25T10:20:00.000","FAILING TO YIELD RIGHT-OF-WAY","FAILING TO YIELD RIGHT-OF-WAY","522","W","OHARE ST","1654",,,,,,,"2.0","8","NO INDICATION OF INJURY","0.0","0","0","0","0","2","0","10","4","X002347961",,,
"6a1b43834bda2343d731703a48d5bf5c57f8d5bccdb24c4267b2801937182d2dcccbb2e3bf2221bda41da5eba803bfa5227c7a532d864454310117f89e357b65",,"2021-02-27T16:00:00.000","15","NO CONTROLS","NO CONTROLS","CLEAR","DAYLIGHT","SIDESWIPE SAME DIRECTION","NOT DIVIDED",,"STRAIGHT AND LEVEL","DRY","UNKNOWN","ON SCENE","NO INJURY / DRIVE AWAY",,,,"OVER $1,500","2021-02-27T16:00:00.000","UNABLE TO DETERMINE","UNABLE TO DETERMINE","517","W","OHARE ST","1654",,,,,,,"2.0","2","NO INDICATION OF INJURY","0.0","0","0","0","0","2","0","16","7","X002169397",,,
"e4e8471febbbfe3233fbb69b17a62ee182497084683adde3cda9562e8dbf98cc6510c5936c484bf19a245c3d2e3a8dbb1bde5cfe50e5231fa3403213497926ae",,"2021-02-26T19:20:00.000","15","NO CONTROLS","NO CONTROLS","CLEAR","DARKNESS, LIGHTED ROAD","PARKED MOTOR VEHICLE","DRIVEWAY",,"STRAIGHT AND LEVEL","DRY","NO DEFECTS","ON SCENE","NO INJURY / DRIVE AWAY",,"Y",,"OVER $1,500","2021-02-26T19:26:00.000","DRIVING SKILLS/KNOWLEDGE/EXPERIENCE","NOT APPLICABLE","513","W","OHARE ST","1654",,,,,,,"2.0","2","NO INDICATION OF INJURY","0.0","0","0","0","0","1","0","19","6","X002169400",,,
"884331b4e54b40e638e37776249c1055b918668672c9ba16e6346d130eb4799353cda0e9c949aa63ded752e9ad7382d72b28d659578691e8752fb9043399c21e",,"2021-04-23T16:00:00.000","30","NO CONTROLS","NO CONTROLS","CLEAR","DAYLIGHT","PARKED MOTOR VEHICLE","ONE-WAY",,"STRAIGHT AND LEVEL","DRY","UNKNOWN","ON SCENE","NO INJURY / DRIVE AWAY",,,,"$500 OR LESS","2021-04-23T16:00:00.000","UNABLE TO DETERMINE","NOT APPLICABLE","1","W","TERMINAL ST","1651",,,,,,,"2.0","4","NO INDICATION OF INJURY","0.0","0","0","0","0","1","0","16","6","X002217120",,,
"d01d679b88420da5237e3518d6b552bd338faf84110a85935bbef27b47bcc9930437e827a4f8a5727a89fab5b65a3c4926aff6b8c96a48da03ed13a9b0bbc898",,"2021-03-01T08:32:00.000","35","TRAFFIC SIGNAL","FUNCTIONING PROPERLY","CLEAR","DAYLIGHT","TURNING","NOT DIVIDED",,"STRAIGHT AND LEVEL","ICE","NO DEFECTS","ON SCENE","NO INJURY / DRIVE AWAY",,,,"OVER $1,500","2021-03-01T08:35:00.000","WEATHER","NOT APPLICABLE","2644","E","136TH ST","434",,,,,,,"2.0","3","NO INDICATION OF INJURY","0.0","0","0","0","0","2","0","8","2","X002171659",,,
"c2b1e6c35ceeb5de767dda59e513dc4e1917681812f8a869956320e1eb88e3f22a2d5e559014e30464863512fad88953e22f8da00096387d4b3d7ecaddf5e87c",,"2021-06-20T19:00:00.000","15","NO CONTROLS","NO CONTROLS","CLEAR","DARKNESS, LIGHTED ROAD","PARKED MOTOR VEHICLE","PARKING LOT",,"STRAIGHT AND LEVEL","DRY","NO DEFECTS","ON SCENE","NO INJURY / DRIVE AWAY",,,"Y","OVER $1,500","2021-06-20T20:00:00.000","UNABLE TO DETERMINE","NOT APPLICABLE","517","W","OHARE ST","1654",,,,,,,"2.0","6","NO INDICATION OF INJURY","0.0","0","0","0","0","1","0","19","1","X002278617",,,
"a846e7ddc81908cae9646a2a1189aee20d3c90e0f35c1e3ea1bedb1972c151f90bfbf1c80b3dfd5a050ef2378badc4ebb46b4daff3989b36e905e1b9cf1028db",,"2021-03-21T13:10:00.000","20","NO CONTROLS","NO CONTROLS","CLEAR","DAYLIGHT","SIDESWIPE SAME DIRECTION","PARKING LOT",,"STRAIGHT AND LEVEL","DRY","NO DEFECTS","ON SCENE","NO INJURY / DRIVE AWAY",,,,"$500 OR LESS","2021-03-21T13:17:00.000","UNABLE TO DETERMINE","UNABLE TO DETERMINE","432","W","OHARE ST","1654",,,,,,,"2.0","3","NO INDICATION OF INJURY","0.0","0","0","0","0","2","0","13","1","X002187805",,,
"6275b3046309faf8d62ef24681bc94821f28fd4335ada13d635145437b073bf6f6294048dd023c47dcd51987081f0d5069eb213338988273599ee7d889a48e98",,"2021-02-24T12:15:00.000","15","NO CONTROLS","NO CONTROLS","CLEAR","DAYLIGHT","SIDESWIPE SAME DIRECTION","PARKING LOT",,"STRAIGHT AND LEVEL","DRY","NO DEFECTS","ON SCENE","NO INJURY / DRIVE AWAY",,,,"$501 - $1,500","2021-02-24T12:20:00.000","IMPROPER OVERTAKING/PASSING","FAILING TO YIELD RIGHT-OF-WAY","616","W","OHARE ST","1654",,,,,,,"2.0","2","NO INDICATION OF INJURY","0.0","0","0","0","0","2","0","12","4","X002166591",,,
"86b8ed801a4b56f810a9dd542542982704ed7c1b319d2ad0447311a46995aeddc59fb36a7bee972d4b829c1776b04447a825d8aa694b1db4794eb96f8f955932","Y","2021-03-24T21:40:00.000","30","NO CONTROLS","NO CONTROLS","CLEAR","DARKNESS, LIGHTED ROAD","REAR TO SIDE","NOT DIVIDED",,"STRAIGHT AND LEVEL","DRY","UNKNOWN","ON SCENE","NO INJURY / DRIVE AWAY",,,,"$501 - $1,500","2021-03-24T21:41:00.000","FAILING TO YIELD RIGHT-OF-WAY","FAILING TO YIELD RIGHT-OF-WAY","1","W","TERMINAL ST","1651",,,,,,,"2.0","3","NO INDICATION OF INJURY","0.0","0","0","0","0","2","0","21","4","X002190718",,,
"820dba848739cd555187cfa9ecf1ff2cd02c8564221e43e5242ca81d36a72e0a4f4ab07a0e37091d6b668053d66fd856ab701362019ef2cefc5959385e5dc5e4",,"2021-03-22T15:00:00.000","30","TRAFFIC SIGNAL","FUNCTIONING PROPERLY","CLEAR","DAYLIGHT","REAR END","ONE-WAY",,"STRAIGHT AND LEVEL","DRY","NO DEFECTS","NOT ON SCENE (DESK REPORT)","NO INJURY / DRIVE AWAY",,,"Y","$501 - $1,500","2021-03-22T19:04:00.000","NOT APPLICABLE","NOT APPLICABLE","5500","S","WENTWORTH AVE","225",,,,,,,"2.0","3","NO INDICATION OF INJURY","0.0","0","0","0","0","3","0","15","2","X002188513",,,
"9a37d3880f82747e68ef25f5b22f6b1b5c096553d2f211252957c1cecbbd3784f7458f6008567dd2faa2161bfc712d1360e44cd5982d160d3631645e8e74d48f",,"2021-03-15T18:00:00.000","30","TRAFFIC SIGNAL","FUNCTIONING PROPERLY","CLEAR","DAYLIGHT","HEAD ON","NOT DIVIDED",,"STRAIGHT AND LEVEL","UNKNOWN","UNKNOWN","NOT ON SCENE (DESK REPORT)","NO INJURY / DRIVE AWAY",,,"Y","$501 - $1,500","2021-03-17T16:46:00.000","UNABLE TO DETERMINE","UNABLE TO DETERMINE","13000","S","STONY ISLAND AVE","434",,,,,,,"2.0","3","NO INDICATION OF INJURY","0.0","0","0","0","0","2","0","18","2","X002184328",,,
"5e14cf9b1aa0b7c9cafd8d4b340a442b9c85c184a155974122426f18b97ec64b4c1859df4e8e2323981d7676e9178a1ec820be97a629d900e91892cdf150c9b7",,"2021-04-10T14:50:00.000","30","NO CONTROLS","NO CONTROLS","RAIN","DAYLIGHT","ANGLE","NOT DIVIDED",,"STRAIGHT AND LEVEL","WET","UNKNOWN","NOT ON SCENE (DESK REPORT)","NO INJURY / DRIVE AWAY",,,,"OVER $1,500","2021-04-10T17:05:00.000","UNABLE TO DETERMINE","UNABLE TO DETERMINE","515","S","SACRAMENTO BLVD","1135",,,,,,,"2.0","4","NO INDICATION OF INJURY","0.0","0","0","0","0","4","0","14","7","X002204994",,,
"45d84578f761df14b71aa1ea95417221d27cbf341c4cdc2dbb24a3f216bfda93b673d116f504533d52fe78bb6e430f1c86dba966e6ea16e8ed3e1850fcf1b1cc",,"2021-04-22T16:00:00.000","30","NO CONTROLS","NO CONTROLS","CLEAR","DAYLIGHT","SIDESWIPE SAME DIRECTION","DIVIDED - W/MEDIAN BARRIER",,"STRAIGHT AND LEVEL","DRY","UNKNOWN","ON SCENE","NO INJURY / DRIVE AWAY",,,,"OVER $1,500","2021-04-22T16:00:00.000","IMPROPER LANE USAGE","UNABLE TO DETERMINE","163","N","BESSIE COLEMAN DR","1654",,,,,,,"2.0","4","NO INDICATION OF INJURY","0.0","0","0","0","0","2","0","16","5","X002216772",,,
"5c88840201f26fceb4da04a5890e5aa4837f9ebb23791bfece12092a192bf8d1bb92c844da154d41159ad89cf8f210fac94112a320fd9a91013ff8a491d3b47d",,"2021-03-22T05:20:00.000","15","NO CONTROLS","NO CONTROLS","CLEAR","DAWN","PARKED MOTOR VEHICLE","ONE-WAY",,"STRAIGHT AND LEVEL","DRY","NO DEFECTS","NOT ON SCENE (DESK REPORT)","NO INJURY / DRIVE AWAY",,,"Y","$500 OR LESS","2021-03-23T18:35:00.000","IMPROPER BACKING","UNABLE TO DETERMINE","3","W","TERMINAL ST","1653",,,,,,,"2.0","3","NO INDICATION OF INJURY","0.0","0","0","0","0","1","0","5","2","X002190107",,,
"c45699801810b5b87bda09ac9ed9c5e06870ac8f2b9a2a35a2351fcf7c086bdf3f189487281e6da6ff15409aa52b9551d5de15b952b625f34bbdd9b0ba8d11ec",,"2021-04-15T15:15:00.000","30","TRAFFIC SIGNAL","FUNCTIONING PROPERLY","CLEAR","DAYLIGHT","REAR END","NOT DIVIDED",,"STRAIGHT AND LEVEL","DRY","NO DEFECTS","NOT ON SCENE (DESK REPORT)","NO INJURY / DRIVE AWAY",,,"Y","$501 - $1,500","2021-04-15T19:00:00.000","UNABLE TO DETERMINE","UNABLE TO DETERMINE","7198","W","ARCHER AVE","811",,,,,,,"2.0","4","NO INDICATION OF INJURY","0.0","0","0","0","0","2","0","15","5","X002209684",,,
"966fca2a1dff39ee2c5691fa24fe843051c6bc48cc5461eacbca3066d471be2ce52059dc11b490e0de753d3d59f796322374891a98cd8a7e941e7ed4b0d52809",,"2021-03-17T20:45:00.000","15","NO CONTROLS","NO CONTROLS","RAIN","DARKNESS, LIGHTED ROAD","PARKED MOTOR VEHICLE","PARKING LOT",,"STRAIGHT AND LEVEL","WET","NO DEFECTS","ON SCENE","NO INJURY / DRIVE AWAY",,,,"$501 - $1,500","2021-03-17T20:59:00.000","IMPROPER BACKING","NOT APPLICABLE","600","W","OHARE ST","1654",,,,,,,"2.0","3","NO INDICATION OF INJURY","0.0","0","0","0","0","1","0","20","4","X002187501",,,
"571997a79cb9300ab5ae39bfca46f75b1d1f3a763a7b0c62450ebdc79111611f3f64e930f6e792bc77bb149cfee145bc5d1894acae301fc5bcd65f8009958287",,"2021-07-02T11:32:00.000","30","NO CONTROLS","NO CONTROLS","CLEAR","DAYLIGHT","FIXED OBJECT","OTHER",,"STRAIGHT AND LEVEL","DRY","NO DEFECTS","ON SCENE","INJURY AND / OR TOW DUE TO CRASH",,,,"OVER $1,500","2021-07-02T11:34:00.000","UNABLE TO DETERMINE","UNABLE TO DETERMINE","5300","S","SHERMAN PARK SD W","934",,,,,,,"2.0","7","INCAPACITATING INJURY","1.0","0","1","0","0","0","0","11","6","X002291044",,,
"f74d116d25df3a4f0875c4222d073ed27baca0a81ae872c249e8b6ba0d0ddf7f66b368d13a534be86a5972a3db6010685e07441e45d8eca43e769dc50458a1b0",,"2025-01-06T03:45:00.000","30","NO CONTROLS","NO CONTROLS","FREEZING RAIN/DRIZZLE","DARKNESS, LIGHTED ROAD","FIXED OBJECT","ONE-WAY",,"CURVE, LEVEL","ICE","UNKNOWN","ON SCENE","INJURY AND / OR TOW DUE TO CRASH",,,,"OVER $1,500","2025-01-06T03:48:00.000","WEATHER","NOT APPLICABLE","102","W","I190 EXPY","1654",,,,,,,"1.0","1","NONINCAPACITATING INJURY","1.0","0","0","1","0","1","0","3","2","X003682251",,,
"8f8dc6fb141908419ad1d38caaad92f44cd71050455c26e9479fefb009e39d646e6cc1d36480de30df909638d0df2da20fde9d8d10a7b2d7ff5c4c27665930b8",,"2025-01-18T16:05:00.000","30","NO CONTROLS","NO CONTROLS","CLEAR","DAYLIGHT","SIDESWIPE SAME DIRECTION","RAMP",,"STRAIGHT AND LEVEL","DRY","NO DEFECTS","ON SCENE","NO INJURY / DRIVE AWAY",,,,"OVER $1,500","2025-01-18T16:05:00.000","IMPROPER OVERTAKING/PASSING","UNABLE TO DETERMINE","5","W","TERMINAL ST","1655",,,,,,,"2.0","1","NO INDICATION OF INJURY","0.0","0","0","0","0","2","0","16","7","X003697033",,,
"9ba3ace72ecd3fcab816b92a2e258167b405de7b6b5f65e4c9836298e06bd2a2cfde9b88f744f6316d4f244ef245ca70c8ccc472a459564949c1401b236385ca",,"2025-01-09T15:42:00.000","10","NO CONTROLS","NO CONTROLS","CLEAR","DAYLIGHT","ANGLE","PARKING LOT",,"STRAIGHT AND LEVEL","ICE","NO DEFECTS","ON SCENE","INJURY AND / OR TOW DUE TO CRASH",,"Y",,"OVER $1,500","2025-01-09T15:45:00.000","UNABLE TO DETERMINE","UNABLE TO DETERMINE","10020","W","BALMORAL AVE","1654",,,,,,,"2.0","1","NONINCAPACITATING INJURY","1.0","0","0","1","0","1","0","15","5","X003686842",,,
"14a2bf9761311f54edbcbdd74d9888be35227b73058d9d70d303fcaf4dbddc20e2dcd566c1d42e6a807102c3379acc050c2ddf4127bc88a8aaa2373ef512e574",,"2017-09-07T17:38:00.000","15","NO CONTROLS","NO CONTROLS","CLEAR","DAYLIGHT","OTHER OBJECT","ALLEY",,"STRAIGHT AND LEVEL","DRY","UNKNOWN","ON SCENE","NO INJURY / DRIVE AWAY",,,,"OVER $1,500","2017-09-07T17:38:00.000","UNABLE TO DETERMINE","NOT APPLICABLE","1454","W","79TH ST","612",,,,,,,"1","9",,,,,,,,,"17","5","X000906464","41.7505057557","-87.6606533335","POINT (-87.660653333467 41.750505755669)"
"7b9d4e008c19a926304ea5f39cee079cf138936a52595dfe152bac2b9d6415a70c52b071f9fb7c571fde5cb1c337f904ace10fafeed1348336a6989afd905659",,"2017-03-18T02:45:00.000","45","NO CONTROLS","NO CONTROLS","CLEAR","DARKNESS","FIXED OBJECT","DIVIDED - W/MEDIAN BARRIER","3","STRAIGHT ON HILLCREST","DRY","NO DEFECTS","ON SCENE","INJURY AND / OR TOW DUE TO CRASH",,,,"OVER $1,500","2017-03-18T02:50:00.000","NOT APPLICABLE","NOT APPLICABLE","9701","S","CHICAGO SKYWAY IB","431",,,,,,,"1.0","3","NO INDICATION OF INJURY","0.0","0","0","0","0","1","0","2","7","X000750798",,,
"7e105a402ba67d4814aa2b8843f556eaa409d27d429064f115ac965f45a82e391fb47a6ac131be737e1582610799f0b86d482f7d6bad0f79d4874ed95ca1d661",,"2025-01-15T05:45:00.000","20","NO CONTROLS","NO CONTROLS","CLEAR","DARKNESS, LIGHTED ROAD","SIDESWIPE SAME DIRECTION","ONE-WAY",,"STRAIGHT AND LEVEL","SNOW OR SLUSH","NO DEFECTS","ON SCENE","NO INJURY / DRIVE AWAY",,,,"OVER $1,500","2025-01-15T05:55:00.000","FAILING TO YIELD RIGHT-OF-WAY","IMPROPER LANE USAGE","700","W","OHARE ST","1654",,,,,,,"2.0","1","NO INDICATION OF INJURY","0.0","0","0","0","0","2","0","5","4","X003692223",,,
"dd3fce25afa26de73fe91effee36b9242fe5ace2e9958ea73b168a8dcaf12e3786088b0281c164a73eadeea4c9cb38b682a8f800f0a8a07b9207ad023796c1bf",,"2017-09-28T10:00:00.000","30","NO CONTROLS","NO CONTROLS","CLEAR","DAYLIGHT","TURNING","PARKING LOT",,"STRAIGHT AND LEVEL","DRY","NO DEFECTS","NOT ON SCENE (DESK REPORT)","NO INJURY / DRIVE AWAY",,,,"OVER $1,500","2017-09-28T11:24:00.000","UNABLE TO DETERMINE","NOT APPLICABLE","1636","W","42ND ST","924",,,,,,,"2.0","9","NO INDICATION OF INJURY","0.0","0","0","0","0","2","0","10","5","X000930266",,,
"42e95c1e6623b2f28665891f642266dc36a0bfdd356f803da7d5c78f84b15253a19fbbf4267ba80c6d893a92fb10af387ec463ae3d570b4015727db772211450",,"2021-03-13T12:00:00.000","30","NO CONTROLS","NO CONTROLS","CLEAR","DAYLIGHT","PARKED MOTOR VEHICLE","ONE-WAY",,"STRAIGHT AND LEVEL","UNKNOWN","UNKNOWN","NOT ON SCENE (DESK REPORT)","NO INJURY / DRIVE AWAY",,,,"$500 OR LESS","2021-03-13T14:54:00.000","IMPROPER BACKING","IMPROPER BACKING","301","W","BRIAR PL","1934",,,,,,,"2.0","3","NO INDICATION OF INJURY","0.0","0","0","0","0","3","0","12","7","X002180748",,,
"3661f525e67ebabb69bce3b6fc503ce8b848e1e67d5b28d69fe7f1606a556f9bd48504143339b68a867de5a554ede1498e6fcf36f5393798e82748954eaa4be3",,"2021-04-03T15:15:00.000","30","TRAFFIC SIGNAL","FUNCTIONING PROPERLY","CLEAR","DAYLIGHT","TURNING","FOUR WAY",,"STRAIGHT AND LEVEL","DRY","NO DEFECTS",,"NO INJURY / DRIVE AWAY","Y",,,"OVER $1,500","2021-04-03T15:30:00.000","IMPROPER OVERTAKING/PASSING","NOT APPLICABLE","5500","S","WENTWORTH AVE","225",,,,,,,"2.0","4","NO INDICATION OF INJURY","0.0","0","0","0","0","2","0","15","7","X002198643",,,
"4cbc8bdcc18053b0f439c31d496ef0b4d035e68af3c07b622f0ea463b2c4286154b32a8a996042b82f43fcaaf593d698a4c754c93c653599b176026e1c27865a",,"2021-03-26T10:32:00.000","30","NO CONTROLS","NO CONTROLS","CLOUDY/OVERCAST","DAYLIGHT","TURNING","NOT DIVIDED",,"STRAIGHT AND LEVEL","UNKNOWN","UNKNOWN","ON SCENE","INJURY AND / OR TOW DUE TO CRASH",,,,"OVER $1,500","2021-03-26T10:32:00.000","UNABLE TO DETERMINE","UNABLE TO DETERMINE","300","W","BRIAR PL","1934",,,,,,,"2.0","3","NO INDICATION OF INJURY","0.0","0","0","0","0","2","0","10","6","X002192610",,,
"21d96d86070dd6fde8e80705c019e4be720835909e8fc833b65843289790ae6fbd76db0b7cba8b8099beb0a42f92c7dc65189959bb7dee4581dbbd6ee77c5fd1",,"2021-03-03T19:00:00.000","20","NO CONTROLS","NO CONTROLS","CLEAR","DARKNESS, LIGHTED ROAD","PARKED MOTOR VEHICLE","ONE-WAY",,"STRAIGHT AND LEVEL","DRY","NO DEFECTS","ON SCENE","NO INJURY / DRIVE AWAY",,,,"$500 OR LESS","2021-03-03T19:02:00.000","PHYSICAL CONDITION OF DRIVER","NOT APPLICABLE","3","W","TERMINAL ST","1653",,,,,,,"2.0","3","NO INDICATION OF INJURY","0.0","0","0","0","0","1","0","19","4","X002173250",,,
"803a01a9e9603a24e482b32d5cf48ce499e623e555b50134e36c738609c847bc9ea72c849fcee419fc9915fe37c0ec67faef634491f5521023985709915c0c3f",,"2021-03-01T15:45:00.000","25","NO CONTROLS","NO CONTROLS","CLEAR","DAYLIGHT","SIDESWIPE SAME DIRECTION","ONE-WAY",,"STRAIGHT AND LEVEL","DRY","NO DEFECTS","ON SCENE","NO INJURY / DRIVE AWAY",,,,"$500 OR LESS","2021-03-01T15:46:00.000","DRIVING SKILLS/KNOWLEDGE/EXPERIENCE","UNABLE TO DETERMINE","3","W","TERMINAL ST","1653",,,,,,,"2.0","3","NO INDICATION OF INJURY","0.0","0","0","0","0","2","0","15","2","X002172265",,,
"1b6f6752ed593d20fa9d30782fdc2c6b24c39d56040eafd5cf51b8b011acf80c5f27738ed2c0298d61a5ef2598c2c3a1d2e4b000830da41385d76d0d4394fc30",,"2021-07-28T12:31:00.000","55","NO CONTROLS","NO CONTROLS","CLEAR","DAYLIGHT","REAR END","RAMP",,"STRAIGHT AND LEVEL","DRY","NO DEFECTS","ON SCENE","INJURY AND / OR TOW DUE TO CRASH",,"Y",,"OVER $1,500","2021-07-28T14:07:00.000","UNABLE TO DETERMINE","UNABLE TO DETERMINE","8100","S","CHICAGO SKYWAY OB","414",,,,,,,"2.0","7","INCAPACITATING INJURY","1.0","0","1","0","0","1","0","12","4","X002318379",,,
"3453756e574760a4852a5ada23360b9257669f2919e1e9da90d0d0d689bccc966990c78f14c7c81117e09262aebbfcbbab84228e395dc4b591dd96369a516f52",,"2021-06-23T09:25:00.000","20","NO CONTROLS","NO CONTROLS","CLOUDY/OVERCAST","DAYLIGHT","SIDESWIPE SAME DIRECTION","ONE-WAY",,"STRAIGHT AND LEVEL","DRY","NO DEFECTS","ON SCENE","NO INJURY / DRIVE AWAY",,,,"OVER $1,500","2021-06-23T09:29:00.000","FOLLOWING TOO CLOSELY","DRIVING SKILLS/KNOWLEDGE/EXPERIENCE","2","W","TERMINAL ST","1652",,,,,,,"2.0","6","NO INDICATION OF INJURY","0.0","0","0","0","0","4","0","9","4","X002281020",,,
"bb325758bd1a43a94075b591bb6259f997effae7d942a81ff255d2bd30e902f26106d4aac72a9ec981b6f84d1711ae0341f2cc4c122838df9e99f35277158221",,"2021-03-17T16:10:00.000","30","TRAFFIC SIGNAL","FUNCTIONING PROPERLY","CLEAR","DAYLIGHT","TURNING","CENTER TURN LANE",,"STRAIGHT AND LEVEL","DRY","NO DEFECTS","ON SCENE","INJURY AND / OR TOW DUE TO CRASH","Y",,,"OVER $1,500","2021-03-17T16:23:00.000","FAILING TO YIELD RIGHT-OF-WAY","UNABLE TO DETERMINE","9508","S","BEVERLY AVE","2213",,,,,,,"2.0","3","NO INDICATION OF INJURY","0.0","0","0","0","0","2","0","16","4","X002184210",,,
"9029dfb9f0d94b7c1b16716bb961d281a428ac83da4140a7618ae4a74bcc9d68e7d58a74afd6ef8f63ee07c6889396877687bee6e69b419b47198370d96437ec",,"2021-08-30T10:01:00.000","30","STOP SIGN/FLASHER","FUNCTIONING PROPERLY","CLEAR","DAYLIGHT","SIDESWIPE SAME DIRECTION","NOT DIVIDED",,"STRAIGHT AND LEVEL","DRY","NO DEFECTS","ON SCENE","NO INJURY / DRIVE AWAY",,,"Y","OVER $1,500","2021-08-30T10:07:00.000","UNABLE TO DETERMINE","UNABLE TO DETERMINE","501","S","SACRAMENTO BLVD","1135",,,,,,,"2.0","8","NO INDICATION OF INJURY","0.0","0","0","0","0","2","0","10","2","X002353042",,,
"1c59b536122f80a02a39d07a6335e89812f437107ff2685305f4ba08d3c19b39754b7b1ae932286ada9a486c041bc22f79c79b3cc08ffeb63936fa220959ed59",,"2021-03-08T14:10:00.000","30","TRAFFIC SIGNAL","FUNCTIONING PROPERLY","CLEAR","DAYLIGHT","TURNING","FOUR WAY",,"STRAIGHT AND LEVEL","DRY","NO DEFECTS","ON SCENE","INJURY AND / OR TOW DUE TO CRASH","Y",,,"OVER $1,500","2021-03-08T14:13:00.000","FAILING TO REDUCE SPEED TO AVOID CRASH","FOLLOWING TOO CLOSELY","4099","N","HARLEM AVE","1632",,,,,,,"2.0","3","INCAPACITATING INJURY","1.0","0","1","0","0","1","0","14","2","X002177278",,,
"6d160d9564fcf30805d11fb2de6a3e25ec31302e1a899840ca8b23cb00d086d14d8988e10cf87c4f5663270f367ee315eba75416263460f48551d670e02ad3ae",,"2021-03-03T00:30:00.000","20","NO CONTROLS","NO CONTROLS","CLEAR","DARKNESS, LIGHTED ROAD","SIDESWIPE SAME DIRECTION","NOT DIVIDED",,"STRAIGHT ON GRADE","DRY","NO DEFECTS","ON SCENE","NO INJURY / DRIVE AWAY",,,,"$500 OR LESS","2021-03-03T00:30:00.000","DISTRACTION - FROM OUTSIDE VEHICLE","FAILING TO YIELD RIGHT-OF-WAY","3","W","TERMINAL ST","1653",,,,,,,"2.0","3","NO INDICATION OF INJURY","0.0","0","0","0","0","2","0","0","4","X002176695",,,
"7e4e6ad3bcfc5dbcc526535712b7c363f43ddc9737b085dff1a85289a1d768950428f85e4ebe42d3025825de0a887ed4c0525f7df567a2c97777d08c9a215342",,"2021-03-26T10:17:00.000","30","NO CONTROLS","NO CONTROLS","CLEAR","DAYLIGHT","ANGLE","ONE-WAY",,"STRAIGHT AND LEVEL","WET","NO DEFECTS","ON SCENE","NO INJURY / DRIVE AWAY",,,,"OVER $1,500","2021-03-26T10:18:00.000","UNABLE TO DETERMINE","UNABLE TO DETERMINE","1719","E","77TH ST","414",,,,,,,"3","3","NO INDICATION OF INJURY","0","0","0","0","0","2","0","10","6","X002192702","41.7550530829","-87.5825727608","POINT (-87.582572760794 41.755053082911)"
"1c00acebda613b3523b224352f5ea97aaeeae55e7e2c5d67098a8d66cdbc1660c70017064b0131bdfb297997e7229d31e5b958e0b3e91f12dabd8a9d961454db",,"2021-03-09T21:44:00.000","15","NO CONTROLS","NO CONTROLS","CLEAR","DARKNESS, LIGHTED ROAD","PARKED MOTOR VEHICLE","PARKING LOT",,"STRAIGHT AND LEVEL","DRY","NO DEFECTS","ON SCENE","NO INJURY / DRIVE AWAY",,,,"$500 OR LESS","2021-03-09T21:45:00.000","DRIVING SKILLS/KNOWLEDGE/EXPERIENCE","NOT APPLICABLE","1","W","PARKING LOT A ST","1654",,,,,,,"2.0","3","NO INDICATION OF INJURY","0.0","0","0","0","0","1","0","21","3","X002181341",,,
"b3122f88563bc1ef3960d17aa0915be2ed6109c44452253a0cbcc179add3bd662781301e5fe4384d4d3d3a3b705b6349e440a88dfc5ee8af04c4c135e7bcfb72",,"2021-04-02T19:35:00.000","15","NO CONTROLS","NO CONTROLS","CLEAR","DUSK","REAR END","ONE-WAY",,"STRAIGHT AND LEVEL","DRY","NO DEFECTS","ON SCENE","NO INJURY / DRIVE AWAY",,,"Y","$500 OR LESS","2021-04-02T19:40:00.000","FOLLOWING TOO CLOSELY","UNABLE TO DETERMINE","1","W","TERMINAL ST","1651",,,,,,,"2.0","4","NO INDICATION OF INJURY","0.0","0","0","0","0","2","0","19","6","X002199351",,,
"68a9a4de23f1fa47b453d199cdba518a9a789f8f402b183e97460983db563b981eaf6f4c7eec76d476e96e8f3e79a41f4061797acac45ed37249c05dd6cc6e7c",,"2021-04-06T16:15:00.000","10","NO CONTROLS","NO CONTROLS","CLEAR","DAYLIGHT","PARKED MOTOR VEHICLE","DRIVEWAY",,"STRAIGHT AND LEVEL","DRY","NO DEFECTS","ON SCENE","NO INJURY / DRIVE AWAY",,"Y",,"$501 - $1,500","2021-04-06T16:20:00.000","UNABLE TO DETERMINE","NOT APPLICABLE","630","W","OHARE ST","1654",,,,,,,"2.0","4","NO INDICATION OF INJURY","0.0","0","0","0","0","1","0","16","3","X002202273",,,
"15a0cd085b63fe08df61480dd9752b22e22741d36e6f0765196a7b9eb3389a836c5d67c54bedd6cde54e0a910c95265959a25bc3f3f394e4a1cb7d5a6099b693","N","2021-04-23T15:00:00.000","30","NO CONTROLS","NO CONTROLS","CLEAR","DAYLIGHT","PARKED MOTOR VEHICLE","NOT DIVIDED",,"STRAIGHT AND LEVEL","DRY","NO DEFECTS","ON SCENE","INJURY AND / OR TOW DUE TO CRASH",,,,"OVER $1,500","2021-04-23T15:35:00.000","UNABLE TO DETERMINE","UNABLE TO DETERMINE","1550","N","LUIS MUNOZ MARIN DR W","1423",,,,,,,"2.0","4","NO INDICATION OF INJURY","0.0","0","0","0","0","1","0","15","6","X002217128",,,
"0d4a152f599c984a4ad494f67002b21aa0a25e7ee52910f2310f5fdc260beedc8e8cea3eac215a2ed4271d36723941e615a5ae4dea2be8cdb79e8476d6ae9e56",,"2021-07-02T13:30:00.000","30","NO CONTROLS","NO CONTROLS","CLEAR","DAYLIGHT","SIDESWIPE SAME DIRECTION","OTHER",,"STRAIGHT AND LEVEL","DRY","NO DEFECTS","ON SCENE","NO INJURY / DRIVE AWAY",,,,"OVER $1,500","2021-07-02T14:40:00.000","UNABLE TO DETERMINE","UNABLE TO DETERMINE","2","W","TERMINAL ST","1652",,,,,,,"2.0","7","NO INDICATION OF INJURY","0.0","0","0","0","0","2","0","13","6","X002292358",,,
"6df09ad36454e0b84302c7d247b15c5df122bc2c7d30547a0bb17c25f7754705a694ed873d9c4a11f87ae8ea7e08d6fe6f8fc82d70c59ad629751545803fcd1e",,"2021-03-06T09:45:00.000","30","NO CONTROLS","NO CONTROLS","CLEAR","DAYLIGHT","ANGLE","NOT DIVIDED",,"STRAIGHT AND LEVEL","DRY","NO DEFECTS","NOT ON SCENE (DESK REPORT)","NO INJURY / DRIVE AWAY",,,,"OVER $1,500","2021-03-06T10:28:00.000","FAILING TO YIELD RIGHT-OF-WAY","FAILING TO YIELD RIGHT-OF-WAY","4503","W","45TH ST","815",,,,,,,"2.0","3","NO INDICATION OF INJURY","0.0","0","0","0","0","2","0","9","7","X002175984",,,
"073b895f0c75f45508b589536109ce36ef01e1f0aba00ca7f5c93c78e3c2f15c8780fcb9a69886317c8d04aba3d26de6ac8bcb8d7dcd33e78ae1c0d20622b359",,"2021-04-22T11:15:00.000","35","OTHER WARNING SIGN","FUNCTIONING PROPERLY","CLEAR","DAYLIGHT","REAR TO FRONT","DIVIDED - W/MEDIAN BARRIER",,"CURVE, LEVEL","DRY","NO DEFECTS","ON SCENE","NO INJURY / DRIVE AWAY",,"Y","Y","OVER $1,500","2021-04-22T11:15:00.000","IMPROPER BACKING","UNABLE TO DETERMINE","8800","S","CHICAGO SKYWAY OB","412",,,,,,,"2.0","4","NO INDICATION OF INJURY","0.0","0","0","0","0","2","0","11","5",,,,
"52d17695044357426edb6f2de25b83fc2152ce659c400bbf76fbfda2fe5d5f650707de38f350259e00ad9f359440e1892cae7ba1fbb80f4a581be8f538af43dd",,"2021-03-13T07:07:00.000","30","STOP SIGN/FLASHER","UNKNOWN","CLEAR","DAYLIGHT","TURNING","ONE-WAY",,"STRAIGHT AND LEVEL","DRY","NO DEFECTS",,"NO INJURY / DRIVE AWAY",,,"N","OVER $1,500","2021-03-13T08:57:00.000","IMPROPER LANE USAGE","UNABLE TO DETERMINE","457","E","ERIE ST","1834",,,,,,,"2","3","NO INDICATION OF INJURY","0","0","0","0","0","2","0","7","7","X002180654","41.8941700994","-87.6156272994","POINT (-87.615627299434 41.894170099391)"
"d368f283e9171d5a315f346bc1ef9541cf6a90c305b61b7a25b5dbfb3a05f1603605a45fb2d4b7683040b09d16db9c526bce4c04bd34fae25d58fe30cf58aefb",,"2021-04-06T09:00:00.000","10","NO CONTROLS","NO CONTROLS","UNKNOWN","DAYLIGHT","PARKED MOTOR VEHICLE","ONE-WAY",,"STRAIGHT AND LEVEL","UNKNOWN","NO DEFECTS","NOT ON SCENE (DESK REPORT)","NO INJURY / DRIVE AWAY",,,"Y","OVER $1,500","2021-04-21T12:00:00.000","UNABLE TO DETERMINE","NOT APPLICABLE","405","W","OHARE ST","1654",,,,,,,"2.0","4","NO INDICATION OF INJURY","0.0","0","0","0","0","1","0","9","3","X002218443",,,
"6f8046f791d05f849bcdd5675223b8912625d979ddab828ea21128f37b0f534c4719fdd389084f861bee13ee5f64ccd71d61d45d2b8dab89bc73eccedf1d61db",,"2021-03-28T20:44:00.000","15","NO CONTROLS","NO CONTROLS","CLEAR","DARKNESS, LIGHTED ROAD","PARKED MOTOR VEHICLE","PARKING LOT",,"STRAIGHT AND LEVEL","DRY","NO DEFECTS","ON SCENE","NO INJURY / DRIVE AWAY",,,"Y","$501 - $1,500","2021-03-28T20:53:00.000","DRIVING SKILLS/KNOWLEDGE/EXPERIENCE","NOT APPLICABLE","516","W","OHARE ST","1654",,,,,,,"2.0","3","NO INDICATION OF INJURY","0.0","0","0","0","0","1","0","20","1","X002199349",,,
"be0b4b87c41ccfca91544a6604c829a5b6e80f3f2dc44e69f337062addfda41de97b159486a1d1250f250e97d9a49594ee9a42bfc5718bb0708055c39d9efbba",,"2021-03-01T16:45:00.000","20","NO CONTROLS","NO CONTROLS","CLEAR","DAYLIGHT","FIXED OBJECT","PARKING LOT",,"STRAIGHT AND LEVEL","SNOW OR SLUSH","UNKNOWN","ON SCENE","NO INJURY / DRIVE AWAY",,"Y",,"$500 OR LESS","2021-03-01T16:50:00.000","WEATHER","NOT APPLICABLE","9915","S","TORRENCE AVE","431",,,,,,,"1","3","NO INDICATION OF INJURY","0","0","0","0","0","3","0","16","2","X002170734","41.7148853398","-87.5596217231","POINT (-87.559621723081 41.714885339772)"
"d93feffd4757a427db8f0d08a0ed4f08dcb62e10c5d806af5d59c19698837729596f285177d343f0f3c12c27b65b59cb39b8567ce9f8cb9c5424178f19ff0f92",,"2021-04-04T06:45:00.000","45","TRAFFIC SIGNAL","FUNCTIONING PROPERLY","CLEAR","DAYLIGHT","FIXED OBJECT","DIVIDED - W/MEDIAN BARRIER",,"CURVE, LEVEL","DRY","NO DEFECTS","ON SCENE","INJURY AND / OR TOW DUE TO CRASH",,,,"OVER $1,500","2021-04-04T06:55:00.000","DRIVING ON WRONG SIDE/WRONG WAY","FAILING TO REDUCE SPEED TO AVOID CRASH","6258","S","LAKE SHORE DR","331",,,,,,,"1.0","4","NONINCAPACITATING INJURY","1.0","0","0","1","0","0","0","6","1","X002199398",,,
"33dfce8cb9302f2b72078119e3e4dfe2c53de76b8ba66d026f80351b68a7773b658efc302b4845464d4949ed70e345f360f3db51d722ed927d0fa08370ee0bc8","N","2021-04-05T21:29:00.000","55","NO CONTROLS","NO CONTROLS","CLEAR","DARKNESS, LIGHTED ROAD","OTHER OBJECT","DIVIDED - W/MEDIAN BARRIER",,"STRAIGHT AND LEVEL","DRY","NO DEFECTS","ON SCENE","NO INJURY / DRIVE AWAY",,,,"$501 - $1,500","2021-04-05T21:29:00.000","UNABLE TO DETERMINE","NOT APPLICABLE","2","W","I190 EXPY","1654",,"Y",,,,,"1.0","4","NO INDICATION OF INJURY","0.0","0","0","0","0","3","0","21","2","X002201363",,,
"19c3f970b2a3252ff454aec16ae316074e689135f3e1069f6834d35b6d0db5bb8d3c8e67cfdff4bee768280e7ee1cbb217c636ee213ca09136df2f5ff9f5d3f7",,"2021-03-02T14:36:00.000","20","NO CONTROLS","NO CONTROLS","CLEAR","DAYLIGHT","PARKED MOTOR VEHICLE","PARKING LOT",,"STRAIGHT AND LEVEL","DRY","NO DEFECTS","ON SCENE","NO INJURY / DRIVE AWAY",,,,"OVER $1,500","2021-03-02T15:23:00.000","IMPROPER BACKING","DRIVING SKILLS/KNOWLEDGE/EXPERIENCE","895","W","OHARE ST","1654",,,,,,,"2.0","3","NO INDICATION OF INJURY","0.0","0","0","0","0","1","0","14","3","X002172263",,,
"69c6c2f5b2cad678365837c4b8b987d0df4d8782cdb9a67ae9647b3f21af80e319f4e1531a18d3958c061bd70b7299b52857ed953ea1b6d8bd4e69e90160377d","Y","2021-03-30T14:44:00.000","30","OTHER","FUNCTIONING PROPERLY","CLEAR","DAYLIGHT","SIDESWIPE SAME DIRECTION","DIVIDED - W/MEDIAN (NOT RAISED)",,"STRAIGHT AND LEVEL","DRY","NO DEFECTS","ON SCENE","INJURY AND / OR TOW DUE TO CRASH",,,,"OVER $1,500","2021-03-30T14:44:00.000","FAILING TO YIELD RIGHT-OF-WAY","IMPROPER LANE USAGE","17","W","I190 EXPY","1654",,,,,,,"3.0","3","NONINCAPACITATING INJURY","3.0","0","0","2","1","1","0","14","3","X002195451",,,
"d8f8d59c06e8f1fe7da264b2460a66b59b6882704bf305dac7974d1be48164bd9e1776c9a732ea51917bcfe49dbee34c321b176092674db7bfb085e4a5717edf",,"2021-03-13T10:25:00.000","25","NO CONTROLS","NO CONTROLS","CLEAR","DAYLIGHT","REAR END","ONE-WAY",,"STRAIGHT AND LEVEL","DRY","NO DEFECTS","ON SCENE","NO INJURY / DRIVE AWAY",,,,"$500 OR LESS","2021-03-13T10:27:00.000","FOLLOWING TOO CLOSELY","DRIVING SKILLS/KNOWLEDGE/EXPERIENCE","102","W","I190 EXPY","1654",,,,,,,"2.0","3","NO INDICATION OF INJURY","0.0","0","0","0","0","2","0","10","7","X002180651",,,
"622322b8b12699eaeab267f295b80fbadecd74ba0ffe82c0533a1f2b5cab810be48225af35a4b6f05c6625dc15ce6f009b142d0730a4a0bb1d5b0775f4bffecf",,"2021-03-14T16:02:00.000","30","TRAFFIC SIGNAL","FUNCTIONING PROPERLY","CLEAR","DAYLIGHT","TURNING","FOUR WAY",,"STRAIGHT AND LEVEL","DRY","NO DEFECTS","ON SCENE","INJURY AND / OR TOW DUE TO CRASH","Y",,,"$501 - $1,500","2021-03-14T16:07:00.000","DISREGARDING TRAFFIC SIGNALS","CELL PHONE USE OTHER THAN TEXTING","4700","S","DR MARTIN LUTHER KING JR SD","224",,,,,,,"2.0","3","NO INDICATION OF INJURY","0.0","0","0","0","0","2","0","16","1","X002181488",,,
"d102433113d73a708cb31f7315a1c02b05bb944f501171e8c477c570ea15a5d7815b78f95759106346f95efc58780771b402c390b29717bf6249b1ebebdd4e38",,"2021-03-26T12:30:00.000","15","NO CONTROLS","NO CONTROLS","CLEAR","DAYLIGHT","REAR TO FRONT","PARKING LOT",,"STRAIGHT ON GRADE","DRY","NO DEFECTS","ON SCENE","NO INJURY / DRIVE AWAY",,,"Y","$500 OR LESS","2021-03-26T12:55:00.000","IMPROPER BACKING","FOLLOWING TOO CLOSELY","1","W","PARKING LOT F ST","1654",,,,,,,"2.0","3","NO INDICATION OF INJURY","0.0","0","0","0","0","2","0","12","6","X002192493",,,
"60373423f72cef72f9d30a7803827486d07eca6aad7617acee1e8c763353d20ce755479c9fddb5e47f156c55e23696d709c0b912b9e67b291a7ee33aa183b3a7",,"2021-03-16T11:35:00.000","35","NO CONTROLS","NO CONTROLS","CLEAR","DAYLIGHT","TURNING","DIVIDED - W/MEDIAN (NOT RAISED)",,"STRAIGHT AND LEVEL","DRY","UNKNOWN","ON SCENE","NO INJURY / DRIVE AWAY",,,,"OVER $1,500","2021-03-16T11:35:00.000","IMPROPER TURNING/NO SIGNAL","UNABLE TO DETERMINE","1699","E","MIDWAY PLAISANCE","331",,,,,,,"2.0","3","NO INDICATION OF INJURY","0.0","0","0","0","0","3","0","11","3","X002183712",,,
"65329b468875b548877182251019d06c707be44f884cf06b1edf700b32040f05ffa489cd7a5c1a1854d98461c219a9f74dbe59980096d4461e5a1c3b98923783",,"2021-04-12T03:02:00.000","10","STOP SIGN/FLASHER","FUNCTIONING PROPERLY","RAIN","DARKNESS, LIGHTED ROAD","ANGLE","PARKING LOT",,"STRAIGHT AND LEVEL","WET","NO DEFECTS","ON SCENE","NO INJURY / DRIVE AWAY",,,,"OVER $1,500","2021-04-12T03:03:00.000","DISREGARDING STOP SIGN","DRIVING SKILLS/KNOWLEDGE/EXPERIENCE","722","W","OHARE ST","1654",,,,,,,"2.0","4","NO INDICATION OF INJURY","0.0","0","0","0","0","2","0","3","2","X002208896",,,
"8628954a49272c53ac04f746f3dc5ef25c8c88640cd3e110a91170f9a8794af7eb5efb1195ab244ebbd053cdd6a7f6628f906d832d71ad6b355395075a891de8",,"2021-03-14T19:30:00.000","20","TRAFFIC SIGNAL","FUNCTIONING PROPERLY","RAIN","DARKNESS, LIGHTED ROAD","REAR END","FOUR WAY",,"STRAIGHT AND LEVEL","WET","NO DEFECTS","ON SCENE","NO INJURY / DRIVE AWAY","Y",,"Y","$501 - $1,500","2021-03-14T19:40:00.000","FOLLOWING TOO CLOSELY","WEATHER","170","N","BESSIE COLEMAN DR","1654",,,,,,,"2.0","3","NO INDICATION OF INJURY","0.0","0","0","0","0","3","0","19","1","X002188634",,,
"b4466e8c494eb19744e8303fc409406274be1fe025493e30c2de85f1658f594d2fec7704307a8a4f92491a8131451e62ca1c9aa4276fdb9a98ac91588e0e5736",,"2025-01-14T13:20:00.000","20","NO CONTROLS","NO CONTROLS","CLEAR","DAYLIGHT","PARKED MOTOR VEHICLE","ONE-WAY",,"STRAIGHT AND LEVEL","SNOW OR SLUSH","NO DEFECTS","ON SCENE","NO INJURY / DRIVE AWAY",,,,"$500 OR LESS","2025-01-14T13:30:00.000","IMPROPER LANE USAGE","UNABLE TO DETERMINE","1","W","TERMINAL ST","1651",,,,,,,"2.0","1","NO INDICATION OF INJURY","0.0","0","0","0","0","1","0","13","3","X003691736",,,
"e3c78178f0750658b554aae2da2838e67394177a2a9e5256b03a13c10a65d5ce4f405a36a4114e95d48d543de32064963c50a5037decac400c2f9a09d5156305",,"2025-01-04T06:25:00.000","25","NO CONTROLS","NO CONTROLS","CLEAR","DARKNESS, LIGHTED ROAD","REAR END","ONE-WAY",,"STRAIGHT AND LEVEL","DRY","NO DEFECTS","ON SCENE","INJURY AND / OR TOW DUE TO CRASH",,,,"OVER $1,500","2025-01-04T06:35:00.000","FOLLOWING TOO CLOSELY","DRIVING SKILLS/KNOWLEDGE/EXPERIENCE","3","W","TERMINAL ST","1653",,,,,,,"2.0","1","NO INDICATION OF INJURY","0.0","0","0","0","0","3","0","6","7","X003680236",,,
"022a7815166afd1ccb1968d5591cf0fe6e3fb922ddbb9529798914f5819e909fad1172a6cf74e8f2557e8a7239c5029aae88fc0ce11b3a06cb2b066d8548d3c8",,"2025-01-15T05:16:00.000","30","UNKNOWN","UNKNOWN","SNOW","DARKNESS","ANGLE","FOUR WAY",,"STRAIGHT AND LEVEL","SNOW OR SLUSH","UNKNOWN","ON SCENE","INJURY AND / OR TOW DUE TO CRASH","Y",,,"OVER $1,500","2025-01-15T05:22:00.000","UNABLE TO DETERMINE","UNABLE TO DETERMINE","5466","S","WENTWORTH AVE","225",,,,,,,"2.0","1","NO INDICATION OF INJURY","0.0","0","0","0","0","2","0","5","4","X003693741",,,
"0ac29ad7f6826d97cd943ea962ef520045c4cf4033a98f27cc75df2f70d96ff59ce195550e0dec9b06005e66c748c095d1147c0e239c63a26c27b2fd67cca82b","Y","2025-01-10T19:00:00.000","20","NO CONTROLS","NO CONTROLS","SNOW","DUSK","SIDESWIPE SAME DIRECTION","OTHER",,"STRAIGHT AND LEVEL","WET","NO DEFECTS","NOT ON SCENE (DESK REPORT)","NO INJURY / DRIVE AWAY",,,,"$500 OR LESS","2025-01-11T16:30:00.000","UNABLE TO DETERMINE","NOT APPLICABLE","70","W","I190 EXPY","1654",,,,,,,"2.0","1","NO INDICATION OF INJURY","0.0","0","0","0","0","2","0","19","6","X003690503",,,
"dee040aefdcb741b9005540fef9a5eac2777a7ef1f1a3cb052f5a68d64d8ba7101bae16afed6c699e5ceb8f60e4ddcd9c3e729219ed5600f8ef8ad0b4e5bc8ff",,"2024-12-26T12:00:00.000","30","TRAFFIC SIGNAL","FUNCTIONING PROPERLY","CLEAR","DAYLIGHT","REAR END","TRAFFIC ROUTE",,"STRAIGHT AND LEVEL","DRY","NO DEFECTS","NOT ON SCENE (DESK REPORT)","NO INJURY / DRIVE AWAY",,,,"OVER $1,500","2024-12-26T18:00:00.000","UNABLE TO DETERMINE","NOT APPLICABLE","13000","S","STONY ISLAND AVE","434",,,,,,,"2.0","12","NO INDICATION OF INJURY","0.0","0","0","0","0","2","0","12","5","X003673452",,,
"29a882a5cfce85b0ef34b12869732d19ac409ca2c5087369b21671955c460eaa53ce43fbb0c1f55fda56fc5f6f93e7bd1c92898fb62c45482351be1d79a91a71",,"2025-01-08T05:10:00.000","30","NO CONTROLS","NO CONTROLS","OTHER","DARKNESS, LIGHTED ROAD","FIXED OBJECT","ONE-WAY",,"STRAIGHT AND LEVEL","ICE","NO DEFECTS","ON SCENE","INJURY AND / OR TOW DUE TO CRASH",,,,"OVER $1,500","2025-01-08T05:10:00.000","FAILING TO REDUCE SPEED TO AVOID CRASH","WEATHER","4640","S","LA SALLE ST","215",,,,,,,"1.0","1","NO INDICATION OF INJURY","0.0","0","0","0","0","2","0","5","4","X003684070",,,
"e37c2b54e50f19cc658572230690e1d9f7f412d6f892603543de79ecd479932d7cbb5e20a19ef9c82cadcfd5a1bcff23ee576c01d9b0c6e51a6b49cd70da5de2",,"2024-12-29T14:20:00.000","55","NO CONTROLS","NO CONTROLS","CLEAR","DAYLIGHT","REAR END","DIVIDED - W/MEDIAN BARRIER",,"STRAIGHT AND LEVEL","WET","NO DEFECTS","ON SCENE","NO INJURY / DRIVE AWAY",,,"Y","$501 - $1,500","2024-12-29T14:59:00.000","FOLLOWING TOO CLOSELY","FAILING TO YIELD RIGHT-OF-WAY","10","W","I190 EXPY","1654",,,,,,,"2.0","12","NO INDICATION OF INJURY","0.0","0","0","0","0","2","0","14","1","X003674968",,,
"53ebe264748eae9537c65da59da7174ebcdd73502619ca25c30e87991e36c156b96743a1db782627e8e820489a682bc26461e7405f95465a921a00b4e62011fd",,"2025-01-10T10:55:00.000","20","OTHER WARNING SIGN","FUNCTIONING PROPERLY","CLOUDY/OVERCAST","DAYLIGHT","OTHER OBJECT","DRIVEWAY",,"STRAIGHT AND LEVEL","WET","NO DEFECTS","ON SCENE","NO INJURY / DRIVE AWAY",,,,"OVER $1,500","2025-01-10T11:02:00.000","FAILING TO YIELD RIGHT-OF-WAY","DRIVING SKILLS/KNOWLEDGE/EXPERIENCE","524","W","OHARE ST","1654",,,,,,,"1.0","1","NO INDICATION OF INJURY","0.0","0","0","0","0","1","0","10","6","X003687332",,,
"b2f11bb54cc73af9a3fa26cbe94d436a4723b8878d40a4f4c68249d85233c7bc0fae752797be8b55b632d7250eedb36f4ba87fc2a010db38c721973f79ae00ae",,"2021-03-03T12:50:00.000","30","NO CONTROLS","FUNCTIONING PROPERLY","CLEAR","DAYLIGHT","PARKED MOTOR VEHICLE","OTHER",,"STRAIGHT AND LEVEL","DRY","NO DEFECTS","ON SCENE","NO INJURY / DRIVE AWAY",,,"Y","$501 - $1,500","2021-03-03T12:50:00.000","FOLLOWING TOO CLOSELY","NOT APPLICABLE","1","W","TERMINAL ST","1651",,,,,,,"2.0","3","NO INDICATION OF INJURY","0.0","0","0","0","0","1","0","12","4","X002172888",,,
"4140605553ec4436563e4871451d36e56326262e42c807a2e5d9131dd76e644f0880bef465e7465fec890e8e27d1ea9329a138318ae3a144f6a9f0f691f04c8e",,"2021-03-18T23:40:00.000","30","TRAFFIC SIGNAL","FUNCTIONING PROPERLY","CLEAR","DARKNESS, LIGHTED ROAD","REAR END","NOT DIVIDED",,"STRAIGHT AND LEVEL","DRY","NO DEFECTS","NOT ON SCENE (DESK REPORT)","NO INJURY / DRIVE AWAY","Y",,,"$501 - $1,500","2021-03-19T09:10:00.000","UNABLE TO DETERMINE","NOT APPLICABLE","1700","S","KEDZIE AVE","1022",,,,,,,"2.0","3","NO INDICATION OF INJURY","0.0","0","0","0","0","3","0","23","5","X002185594",,,
"ef77573fa9fca357c8a6165c02261eec3c6f03cb9ebbb2397e6674a258c5b2e6de10eed1810b2405d1e68217686c0ce04f424b9f668e9007aae906e51d797bf9",,"2021-03-04T17:45:00.000","30","NO CONTROLS","NO CONTROLS","CLEAR","DAYLIGHT","SIDESWIPE SAME DIRECTION","ONE-WAY",,"STRAIGHT AND LEVEL","DRY","NO DEFECTS","NOT ON SCENE (DESK REPORT)","NO INJURY / DRIVE AWAY",,,,"$501 - $1,500","2021-03-04T18:10:00.000","NOT APPLICABLE","NOT APPLICABLE","5900","S","WENTWORTH AVE","232",,,,,,,"2.0","3","NO INDICATION OF INJURY","0.0","0","0","0","0","2","0","17","5",,,,
"016eaf0b25d64bf0917f77ad2c7468196178eaea750a5fc2a729adde6fc6325f1f252a20dc46f6ed40746b961a7645cb2d3a0391777f2363214f9f54639ac611",,"2021-07-02T15:40:00.000","20","NO CONTROLS","NO CONTROLS","CLEAR","DAYLIGHT","SIDESWIPE SAME DIRECTION","NOT DIVIDED",,"STRAIGHT AND LEVEL","DRY","NO DEFECTS",,"NO INJURY / DRIVE AWAY",,,,"OVER $1,500","2021-07-02T15:45:00.000","FAILING TO YIELD RIGHT-OF-WAY","IMPROPER OVERTAKING/PASSING","4760","W","76TH ST","833",,,,,,,"2.0","7","NO INDICATION OF INJURY","0.0","0","0","0","0","2","0","15","6","X002291158",,,
"88d5569004aa9f958243d6cc4f003772cbde58ca4839c143efc2f9f9921c07973624a7fa4a66fb3640e0a6a7f8b1ae66b6758dac1ec73a37de9c307ea33dbd56",,"2021-04-20T06:30:00.000","20","NO CONTROLS","NO CONTROLS","CLEAR","DAYLIGHT","FIXED OBJECT","PARKING LOT",,"STRAIGHT AND LEVEL","DRY","UNKNOWN","ON SCENE","NO INJURY / DRIVE AWAY",,,,"$501 - $1,500","2021-04-20T06:30:00.000","NOT APPLICABLE","NOT APPLICABLE","1","W","PARKING LOT B ST","1654",,,,,,,"1.0","4","NO INDICATION OF INJURY","0.0","0","0","0","0","1","0","6","3","X002213708",,,
"9b2a7d2a62a1c8d29cfe31904c34d0d80b237bbef5ce305ab8c2e17fd6c8381fd52abe2f0cfc17f3fd8dd314f5e134cc92746c2506624f03c65836de7ab9d3f0",,"2021-03-12T20:30:00.000","30","NO CONTROLS","NO CONTROLS","CLEAR","DARKNESS, LIGHTED ROAD","REAR END","DIVIDED - W/MEDIAN (NOT RAISED)",,"STRAIGHT AND LEVEL","DRY","NO DEFECTS","NOT ON SCENE (DESK REPORT)","NO INJURY / DRIVE AWAY",,,,"$501 - $1,500","2021-03-12T21:15:00.000","DISTRACTION - FROM INSIDE VEHICLE","NOT APPLICABLE","6240","N","KIMBALL AVE","1711",,,,,,,"2.0","3","NO INDICATION OF INJURY","0.0","0","0","0","0","2","0","20","6","X002180369",,,
"14f12bdf445eee99c3edea581bbd3216548eb5e59318728e932e017623f33530cc1d7d5a8adc0f0a0126903e862e6122920474ce8cd53120103e2cd59abf1fa2",,"2021-03-11T08:20:00.000","30","TRAFFIC SIGNAL","FUNCTIONING PROPERLY","CLEAR","DAYLIGHT","REAR END","NOT DIVIDED",,"STRAIGHT AND LEVEL","DRY","NO DEFECTS","ON SCENE","NO INJURY / DRIVE AWAY",,,,"OVER $1,500","2021-03-11T08:20:00.000","UNABLE TO DETERMINE","NOT APPLICABLE","2546","E","71ST ST","334",,"N",,,,,"2.0","3","NO INDICATION OF INJURY","0.0","0","0","0","0","3","0","8","5","X002179028",,,
"7adf97724bb5844b8ed4f3d55d50697e4bceb62d26daf7ee8668912fd02a7d91bbe106fbfcfb79ab062d0087620e435d934647d2028e50520fed6dede23ab897",,"2021-03-20T05:40:00.000","25","NO CONTROLS","NO CONTROLS","CLEAR","DAWN","SIDESWIPE SAME DIRECTION","ONE-WAY",,"STRAIGHT AND LEVEL","DRY","NO DEFECTS","ON SCENE","NO INJURY / DRIVE AWAY",,,"Y","OVER $1,500","2021-03-20T05:48:00.000","IMPROPER LANE USAGE","DRIVING SKILLS/KNOWLEDGE/EXPERIENCE","2","W","TERMINAL ST","1652",,,,,,,"2.0","3","NO INDICATION OF INJURY","0.0","0","0","0","0","2","0","5","7","X002186407",,,
"8dad280810dab9d4c04c7e6e59a2d1590413008e3291c2b873eb45e725d144525518e1d9174e3ffa14d24024fcb9754c88e4f441091e050b278e0c14a9b37da7",,"2021-03-30T23:30:00.000","15","OTHER","OTHER","CLEAR","DARKNESS, LIGHTED ROAD","SIDESWIPE SAME DIRECTION","OTHER",,"STRAIGHT AND LEVEL","DRY","NO DEFECTS","ON SCENE","NO INJURY / DRIVE AWAY",,,,"$501 - $1,500","2021-03-31T00:30:00.000","UNABLE TO DETERMINE","UNABLE TO DETERMINE","5","W","TERMINAL ST","1655",,,,,,,"2.0","3","NO INDICATION OF INJURY","0.0","0","0","0","0","2","0","23","3","X002196844",,,
"98ed978841704f96feb246677e92a5f63e696cc9f15efd37642cb3fa12ac3236ce3d700af30cc8cb34d9ce0cefe050f4a7b39ad2be2a7a90e9765513d8da477e",,"2021-03-29T10:00:00.000","25","NO CONTROLS","NO CONTROLS","CLEAR","DAYLIGHT","ANGLE","NOT DIVIDED",,"STRAIGHT AND LEVEL","DRY","NO DEFECTS","ON SCENE","NO INJURY / DRIVE AWAY",,,,"OVER $1,500","2021-03-29T10:04:00.000","IMPROPER BACKING","UNABLE TO DETERMINE","7957","S","KILBOURN AVE","834",,,,,,,"2","3","NO INDICATION OF INJURY","0","0","0","0","0","2","0","10","2","X002195102","41.7475614938","-87.7338936556","POINT (-87.733893655594 41.747561493816)"
"adc036a0de4725ff9b1d780b7ba2bec13469cc2a8fe1795291f9080dbb99d18f39ea88738f02c393648ddeebe7349b6f662267c507567f919aff960cf7da6101",,"2021-02-10T13:50:00.000","45","TRAFFIC SIGNAL","FUNCTIONING PROPERLY","UNKNOWN","DAYLIGHT","REAR END","DIVIDED - W/MEDIAN BARRIER",,"STRAIGHT AND LEVEL","UNKNOWN","NO DEFECTS","NOT ON SCENE (DESK REPORT)","NO INJURY / DRIVE AWAY",,,,"OVER $1,500","2021-03-06T15:15:00.000","UNABLE TO DETERMINE","NOT APPLICABLE","12800","W","IRVING PARK RD","1654",,,,,,,"2.0","2","NO INDICATION OF INJURY","0.0","0","0","0","0","2","0","13","4","X002175001",,,
"d61570298a4f522e95774ad75b1a65d4b49f0a9de4a50c485bde99d901c1b14b4629109da6edbe0728db7fb0fea5002106cc4bf6353adb1fc7d8166744df81f3","Y","2021-03-25T08:10:00.000","20","NO CONTROLS","NO CONTROLS","CLOUDY/OVERCAST","DAYLIGHT","PARKED MOTOR VEHICLE","PARKING LOT",,"STRAIGHT AND LEVEL","DRY","NO DEFECTS","ON SCENE","NO INJURY / DRIVE AWAY",,,,"OVER $1,500","2021-03-25T08:15:00.000","FOLLOWING TOO CLOSELY","DRIVING SKILLS/KNOWLEDGE/EXPERIENCE","450","W","OHARE ST","1654",,,,,,,"2.0","3","NO INDICATION OF INJURY","0.0","0","0","0","0","1","0","8","5","X002190847",,,
"eab4f9f8586f062f58bf837d73f883acee9f53e2861157eccf72e2e3cb77aff864ec1200f3b1ac7669ce5fed18d8f5283e3f0a091b3045f394cb9efe6fafc4a8",,"2021-02-26T17:15:00.000","30","NO CONTROLS","NO CONTROLS","CLEAR","DARKNESS, LIGHTED ROAD","SIDESWIPE SAME DIRECTION","ONE-WAY",,"STRAIGHT AND LEVEL","DRY","UNKNOWN","ON SCENE","NO INJURY / DRIVE AWAY",,,,"OVER $1,500","2021-02-26T17:15:00.000","UNABLE TO DETERMINE","UNABLE TO DETERMINE","3","W","TERMINAL ST","1653",,,,,,,"2.0","2","NO INDICATION OF INJURY","0.0","0","0","0","0","2","0","17","6","X002168170",,,
"e28ae4ae79c2730a97db54f8e478813cb68453bd59d041f24ce785ac867d457b7fa3d2e55f96b9680918c4c5d2ae80db24e0ff5e07404bbc011bca1f8f331c16",,"2021-04-17T22:52:00.000","30","UNKNOWN","NO CONTROLS","CLEAR","DARKNESS","FIXED OBJECT","NOT DIVIDED",,"STRAIGHT AND LEVEL","DRY","NO DEFECTS","ON SCENE","INJURY AND / OR TOW DUE TO CRASH",,"N","Y","OVER $1,500","2021-04-17T22:52:00.000","UNABLE TO DETERMINE","UNABLE TO DETERMINE","601","W","80TH ST","621",,,,,,,"1","4",,,,,,,,,"22","7","X002211683","41.7487593126","-87.639132815","POINT (-87.639132814957 41.74875931264)"
"a753b5dbdc31ef9516e413172865c06013c84f95857f4cbe2f7c35e84f945d2c25b263c83d0ad5e15dcc759ceb5f75c7d03500dd316db15645df7d9d2e49a303",,"2021-03-17T07:55:00.000","30","NO CONTROLS","NO CONTROLS","CLEAR","DAYLIGHT","PARKED MOTOR VEHICLE","NOT DIVIDED",,"STRAIGHT AND LEVEL","DRY","NO DEFECTS","NOT ON SCENE (DESK REPORT)","NO INJURY / DRIVE AWAY",,,"Y","$500 OR LESS","2021-03-17T08:35:00.000","UNABLE TO DETERMINE","UNABLE TO DETERMINE","8344","S","EXCHANGE AVE","423",,,,,,,"2.0","3","NO INDICATION OF INJURY","0.0","0","0","0","0","1","0","7","4","X002185556",,,
"20ddaa865b7912d50f75c41a1c6017fa13447edc4741e771431db12f515e9f2ec53a319b02c7c4ba461f99ec95afdac78ff985cfc5c0c2fcab5136c97e16832b",,"2021-03-13T12:56:00.000","30","UNKNOWN","UNKNOWN","CLEAR","DAYLIGHT","REAR END","NOT DIVIDED",,"STRAIGHT AND LEVEL","DRY","UNKNOWN","ON SCENE","NO INJURY / DRIVE AWAY",,,,"OVER $1,500","2021-03-13T13:05:00.000","FOLLOWING TOO CLOSELY","FOLLOWING TOO CLOSELY","1523","W","LAWRENCE AVE","1912",,,,,,,"2","3","NO INDICATION OF INJURY","0","0","0","0","0","3","0","12","7","X002181185","41.9687746601","-87.6684654691","POINT (-87.668465469125 41.968774660067)"
"607c1cb23936ea0a4543e9b70f5d027fed596941c4c7f08543faf92bcf885b85c417dd944f9d06e857c9d1a831a1e547bb369b98dda4f26f7b0ad6f095688972",,"2021-07-13T22:09:00.000","20","NO CONTROLS","NO CONTROLS","CLEAR","DARKNESS, LIGHTED ROAD","ANGLE","ONE-WAY",,"STRAIGHT AND LEVEL","DRY","NO DEFECTS","ON SCENE","NO INJURY / DRIVE AWAY",,,,"$500 OR LESS","2021-07-13T22:09:00.000","UNABLE TO DETERMINE","NOT APPLICABLE","1","W","TERMINAL ST","1651",,"Y",,,,,"2.0","7","NO INDICATION OF INJURY","0.0","0","0","0","0","2","0","22","3","X002302926",,,
"4fb5875400036093e9eaafba4ef7ac23cc16a26d2ce4f80c78912148807950f0eda1a81db18eb6c28df3a382e70ff02bc58e32ec4fba8d49d2320bdfae435753",,"2021-08-15T10:20:00.000","20","NO CONTROLS","NO CONTROLS","CLEAR","DAYLIGHT","SIDESWIPE SAME DIRECTION","ONE-WAY",,"STRAIGHT AND LEVEL","DRY","NO DEFECTS","NOT ON SCENE (DESK REPORT)","NO INJURY / DRIVE AWAY",,,,"$501 - $1,500","2021-08-15T10:40:00.000","IMPROPER OVERTAKING/PASSING","NOT APPLICABLE","1","W","TERMINAL ST","1651",,,,,,,"2.0","8","NO INDICATION OF INJURY","0.0","0","0","0","0","2","0","10","1","X002337325",,,
"6eefbd7a8355a3e3b2734f7ef27253c55b9ba4431054f5bbdd5dc58a8d5a37ce8d07f312d94da4d077fb8265a90254ac066706c669c2a1ee3d8a256ddc1d9974",,"2021-03-23T22:57:00.000","5","NO CONTROLS","NO CONTROLS","RAIN","DARKNESS, LIGHTED ROAD","ANGLE","PARKING LOT",,"STRAIGHT AND LEVEL","WET","NO DEFECTS","ON SCENE","INJURY AND / OR TOW DUE TO CRASH",,,,"OVER $1,500","2021-03-23T22:57:00.000","NOT APPLICABLE","NOT APPLICABLE","1","W","PARKING LOT D ST","1654",,,,,,,"2.0","3","NO INDICATION OF INJURY","0.0","0","0","0","0","2","0","22","3","X002190478",,,
"8699164bc6320d3c37ee264661b46713558dc0058ec03e84adb0d13c55f299b69ed7602a42f75174108e4f5a56e0954d0919d1abb93a29baa086582be19d0708",,"2021-03-20T23:00:00.000","20","NO CONTROLS","NO CONTROLS","CLEAR","DARKNESS, LIGHTED ROAD","SIDESWIPE SAME DIRECTION","ONE-WAY",,"STRAIGHT AND LEVEL","DRY","NO DEFECTS","ON SCENE","NO INJURY / DRIVE AWAY",,,,"$501 - $1,500","2021-03-20T23:10:00.000","IMPROPER OVERTAKING/PASSING","UNABLE TO DETERMINE","5","W","TERMINAL ST","1655",,,,,,,"2.0","3","NO INDICATION OF INJURY","0.0","0","0","0","0","2","0","23","7","X002187087",,,
"b99a23cf8ef2a134231640d17fd1c2b94f99b18fbe7b885bb4327d29e9098e86d32117e831cea2ece35b02fe928b4aca89d9eddc213de6de83998214f3365e40",,"2021-02-26T15:00:00.000","25","NO CONTROLS","NO CONTROLS","CLEAR","DAYLIGHT","SIDESWIPE SAME DIRECTION","ONE-WAY",,"STRAIGHT AND LEVEL","DRY","UNKNOWN","ON SCENE","NO INJURY / DRIVE AWAY",,,,"OVER $1,500","2021-02-26T15:00:00.000","UNABLE TO DETERMINE","UNABLE TO DETERMINE","475","W","OHARE ST","1654",,,,,,,"2.0","2","NO INDICATION OF INJURY","0.0","0","0","0","0","2","0","15","6","X002168172",,,
"a5b66e6d9e8562ea6b2f6def24d646c9b3a0af9aba161951c53f19ce29d41bed70aa52d42a4101a96b8c14de57a152eecff84d0d8cf42eab5bc366791ebcf504",,"2021-04-02T16:36:00.000","25","NO CONTROLS","NO CONTROLS","CLEAR","DAYLIGHT","SIDESWIPE SAME DIRECTION","ONE-WAY",,"STRAIGHT AND LEVEL","DRY","NO DEFECTS","ON SCENE","NO INJURY / DRIVE AWAY",,,"Y","OVER $1,500","2021-04-02T16:45:00.000","IMPROPER OVERTAKING/PASSING","UNABLE TO DETERMINE","432","W","OHARE ST","1654",,,,,,,"2.0","4","NO INDICATION OF INJURY","0.0","0","0","0","0","2","0","16","6","X002199353",,,
"1d609d9e9635d3f9a4ea0078490a50127904a2c314e7de8e2a80496bb906d217fb217cd8629c0d8af4f4953e79cda2a88f37289d3e68c03f66dc1ab177ecf757",,"2021-04-02T22:15:00.000","20","STOP SIGN/FLASHER","FUNCTIONING PROPERLY","CLEAR","UNKNOWN","REAR END","ONE-WAY",,"STRAIGHT AND LEVEL","DRY","NO DEFECTS","ON SCENE","INJURY AND / OR TOW DUE TO CRASH",,,,"OVER $1,500","2021-04-02T22:15:00.000","FOLLOWING TOO CLOSELY","NOT APPLICABLE","5","W","TERMINAL ST","1655",,,,,,,"2.0","4","NO INDICATION OF INJURY","0.0","0","0","0","0","3","0","22","6","X002201365",,,
"9f7e8b62da4b243334079e0cb6aeba30b5b66dfab0aa30720b292cfdb52a5b41d9a2648f5c8d8735f8543e186333fa4d9a59dd48471b5617c8cc410df59bcd9f",,"2021-02-28T13:43:00.000","30","YIELD","UNKNOWN","CLEAR","DAYLIGHT","TURNING","FOUR WAY",,"STRAIGHT AND LEVEL","DRY","UNKNOWN","ON SCENE","INJURY AND / OR TOW DUE TO CRASH",,,"Y","OVER $1,500","2021-02-28T13:45:00.000","DISREGARDING TRAFFIC SIGNALS","OPERATING VEHICLE IN ERRATIC, RECKLESS, CARELESS, NEGLIGENT OR AGGRESSIVE MANNER","811","S","AUSTIN BLVD","1513",,,,,,,"2.0","2","INCAPACITATING INJURY","4.0","0","3","1","0","1","0","13","1","X002169844",,,
"5059b280d47935a4c60ffed8b47548f6ab2c4a83150bb6c4fa9bf1934af67a064005d5e5854cfd4fb13d797760a197a3cb37dfc48a58b1ad8d9996d228ad2937",,"2021-03-22T22:05:00.000","30","TRAFFIC SIGNAL","FUNCTIONING PROPERLY","CLEAR","DARKNESS, LIGHTED ROAD","REAR END","ONE-WAY",,"STRAIGHT AND LEVEL","DRY","NO DEFECTS","NOT ON SCENE (DESK REPORT)","NO INJURY / DRIVE AWAY",,,,"$500 OR LESS","2021-03-22T22:20:00.000","UNABLE TO DETERMINE","DRIVING SKILLS/KNOWLEDGE/EXPERIENCE","5500","S","WENTWORTH AVE","225",,,,,,,"2.0","3","NO INDICATION OF INJURY","0.0","0","0","0","0","2","0","22","2","X002188709",,,
"b181757fa58cbc3ee3a2ac77bea4a7724169e814f6ede1988cb5ee16d164f2772d03943c224efdcae374757e9313c16771eefcf959143926025468b4ba999372",,"2021-03-07T01:51:00.000","30","TRAFFIC SIGNAL","FUNCTIONING PROPERLY","CLEAR","DARKNESS, LIGHTED ROAD","TURNING","T-INTERSECTION",,"STRAIGHT AND LEVEL","DRY","NO DEFECTS","ON SCENE","INJURY AND / OR TOW DUE TO CRASH","Y",,,"OVER $1,500","2021-03-07T01:52:00.000","DISREGARDING TRAFFIC SIGNALS","UNABLE TO DETERMINE","8900","S","COLFAX AVE","423",,,,,,,"2.0","3","REPORTED, NOT EVIDENT","1.0","0","0","0","1","2","0","1","1","X002175245",,,
"b3358a4db38ba54c5920e094a994f53543d355777594668efa50d9230f3c1a5425c39e7875ff221d86dd250ca98f14747a4ca4ecadd8e946d4e185a974b39a63",,"2021-03-16T22:35:00.000","15","OTHER","OTHER","CLEAR","DARKNESS, LIGHTED ROAD","PARKED MOTOR VEHICLE","OTHER",,"STRAIGHT AND LEVEL","OTHER","NO DEFECTS","ON SCENE","NO INJURY / DRIVE AWAY",,,,"$501 - $1,500","2021-03-16T22:39:00.000","DRIVING SKILLS/KNOWLEDGE/EXPERIENCE","NOT APPLICABLE","514","W","OHARE ST","1654",,,,,,,"2.0","3","NO INDICATION OF INJURY","0.0","0","0","0","0","3","0","22","3","X002183632",,,
"5cbe303bb918560b284bf5f4fac795cdea35fee54bd66578333b146e28e600e8a0727ff8824866065ebda451019f19ca00bea8426a12e2bb581f87dcc18b1b2b",,"2021-03-28T18:26:00.000","30","NO CONTROLS","NO CONTROLS","CLEAR","DAYLIGHT","REAR END","DIVIDED - W/MEDIAN (NOT RAISED)",,"STRAIGHT AND LEVEL","DRY","NO DEFECTS","NOT ON SCENE (DESK REPORT)","NO INJURY / DRIVE AWAY",,,"Y","$501 - $1,500","2021-03-28T21:10:00.000","FOLLOWING TOO CLOSELY","UNABLE TO DETERMINE","5397","N","AUSTIN AVE","1622",,,,,,,"2.0","3","NO INDICATION OF INJURY","0.0","0","0","0","0","5","0","18","1","X002194198",,,
"ca2c27b863d9d4d253c83c2213786d6872465541153d8e6da4d03dc0c49c1a72105279a8dd0293d6534a519e4ca771ebad383722c90a4e7a4c0010606dae739e",,"2021-04-19T11:55:00.000","30","OTHER","UNKNOWN","RAIN","DAYLIGHT","SIDESWIPE SAME DIRECTION","RAMP",,"STRAIGHT AND LEVEL","WET","UNKNOWN","ON SCENE","INJURY AND / OR TOW DUE TO CRASH",,,,"OVER $1,500","2021-04-19T11:58:00.000","UNABLE TO DETERMINE","UNABLE TO DETERMINE","380","N","LOWER COLUMBUS DR","114",,,,,,,"2.0","4","NO INDICATION OF INJURY","0.0","0","0","0","0","2","0","11","2","X002213008",,,
"ca528b10caccc477513355a8b860387257cbc9574d68475ed910c0a2a4bfd725c59bd17bf4706ee02fde155187fe616f847b48626e5f9de80ea08c127ce2dcb2",,"2021-05-23T23:30:00.000","35","TRAFFIC SIGNAL","FUNCTIONING PROPERLY","FOG/SMOKE/HAZE","DARKNESS, LIGHTED ROAD","REAR END","FOUR WAY",,"STRAIGHT AND LEVEL","UNKNOWN","NO DEFECTS","NOT ON SCENE (DESK REPORT)","NO INJURY / DRIVE AWAY","Y",,"Y","OVER $1,500","2021-05-24T00:30:00.000","UNABLE TO DETERMINE","NOT APPLICABLE","5500","S","WENTWORTH AVE","225",,,,,,,"3.0","5","NO INDICATION OF INJURY","0.0","0","0","0","0","3","0","23","1","X002343915",,,
"fcfd3e1d9d09da15c4602cace6ba8760fb2e4fd3a764f27c0e11061591ac4a11a94657cb4d79e808f8659d39945ca94c570c257e7c7d8f65cf0ae4de591d7ca3","Y","2021-05-22T15:30:00.000","30","NO CONTROLS","NO CONTROLS","CLEAR","DAYLIGHT","PARKED MOTOR VEHICLE","NOT DIVIDED",,"STRAIGHT AND LEVEL","DRY","NO DEFECTS","NOT ON SCENE (DESK REPORT)","NO INJURY / DRIVE AWAY",,,"Y","OVER $1,500","2021-05-24T13:20:00.000","UNABLE TO DETERMINE","UNABLE TO DETERMINE","1334","S","LAFLIN ST","1233",,,,,,,"2.0","5","NO INDICATION OF INJURY","0.0","0","0","0","0","1","0","15","7","X002250511",,,
"a348cff77bb4312b528da3b0524e9bdd3eae9a686ff2f1c521f0102a08b89a0fb602298053e7fa2277cae70bc9062aa32bb9d7b51c55c5249be388e68786839f",,"2021-04-18T23:28:00.000","30","OTHER","OTHER","CLEAR","DARKNESS, LIGHTED ROAD","PARKED MOTOR VEHICLE","OTHER",,"STRAIGHT AND LEVEL","DRY","NO DEFECTS","ON SCENE","NO INJURY / DRIVE AWAY",,,,"OVER $1,500","2021-04-18T23:28:00.000","NOT APPLICABLE","NOT APPLICABLE","3719","N","PULASKI RD","1732",,,,,,,"3","4","NO INDICATION OF INJURY","0","0","0","0","0","1","0","23","1","X002212344","41.9487663378","-87.7273210446","POINT (-87.727321044575 41.948766337799)"
"5b2effeaaf9ff7d19ca134229297f462c13a922b73ec9185930388269f52ce98dec8c55ffd3ecd87593dec52f72bc2b38602743cf16fa609a99377cfeea9b74b",,"2021-04-01T04:55:00.000","55","NO CONTROLS","NO CONTROLS","CLEAR","DARKNESS, LIGHTED ROAD","FIXED OBJECT","RAMP",,"CURVE ON GRADE","WET","NO DEFECTS","ON SCENE","INJURY AND / OR TOW DUE TO CRASH",,,,"OVER $1,500","2021-04-01T04:56:00.000","WEATHER","NOT APPLICABLE","6544","S","DAN RYAN XPRS OB","722",,,,,,,"2.0","4","NO INDICATION OF INJURY","0.0","0","0","0","0","1","0","4","5","X002196556",,,
"b0d58d5d7c9239138e4b55f19a9cb925b7f78d2b493af4f7ae9e2049ef261d85e17815bb2de952b9cd6fa3978b37b5dd3deacab0b32d8818ca4cc733a1a5180a",,"2021-04-10T19:20:00.000","10","NO CONTROLS","NO CONTROLS","RAIN","DARKNESS, LIGHTED ROAD","PEDESTRIAN","PARKING LOT",,"STRAIGHT AND LEVEL","WET","NO DEFECTS","ON SCENE","INJURY AND / OR TOW DUE TO CRASH",,,"Y","$500 OR LESS","2021-04-10T19:35:00.000","NOT APPLICABLE","NOT APPLICABLE","524","W","OHARE ST","1654",,,,,,,"2.0","4","NONINCAPACITATING INJURY","1.0","0","0","1","0","1","0","19","7","X002205492",,,
"c2ac189c98e9fb2c398b2b2e74688239f03b693c72218e30dfb2b296effc5271d5615e0589b267396ae6e3046b1f078dd2fa16adc690567b9a8fde8afdbf530f",,"2021-04-05T21:29:00.000","55","NO CONTROLS","NO CONTROLS","CLEAR","DARKNESS, LIGHTED ROAD","SIDESWIPE SAME DIRECTION","DIVIDED - W/MEDIAN BARRIER",,"STRAIGHT AND LEVEL","DRY","NO DEFECTS","ON SCENE","INJURY AND / OR TOW DUE TO CRASH",,,"Y","OVER $1,500","2021-04-05T21:29:00.000","UNABLE TO DETERMINE","NOT APPLICABLE","2","W","I190 EXPY","1654",,"Y",,,,,"2.0","4","NO INDICATION OF INJURY","0.0","0","0","0","0","2","0","21","2","X002201364",,,
"e9b5ec2ab6955073abca151117a55d1639dc13eed9b33ecd61583495ab045ee9aa0e76fba8689ff6d9e1c8376c89019a71bd08b45af645b2f9e00398e59c0f63",,"2021-05-02T09:22:00.000","35","OTHER REG. SIGN","FUNCTIONING PROPERLY","CLEAR","DAYLIGHT","FIXED OBJECT","DIVIDED - W/MEDIAN BARRIER",,"CURVE, LEVEL","DRY","NO DEFECTS",,"NO INJURY / DRIVE AWAY",,"Y","Y","OVER $1,500","2021-05-02T09:29:00.000","UNABLE TO DETERMINE","UNABLE TO DETERMINE","8801","S","CHICAGO SKYWAY IB","423",,,,,,,"1.0","5","NO INDICATION OF INJURY","0.0","0","0","0","0","1","0","9","1","X002224799",,,
"9fa9b02cb52b5b23594e838b92599449433bc74b256c19ddeda190899d25ebdac7979b9cb5f78dfb68a1ee8c468846641df58542af8b22686fbeb8f233a8c5e0",,"2021-04-27T16:48:00.000","35","TRAFFIC SIGNAL","UNKNOWN","UNKNOWN","UNKNOWN","REAR END","NOT DIVIDED",,"STRAIGHT AND LEVEL","UNKNOWN","UNKNOWN","ON SCENE","NO INJURY / DRIVE AWAY","Y",,,"OVER $1,500","2021-05-04T23:15:00.000","UNABLE TO DETERMINE","UNABLE TO DETERMINE","5336","W","GRAND AVE","2515",,"Y",,,,,"2.0","4","NO INDICATION OF INJURY","0.0","0","0","0","0","2","0","16","3","X002227571","41.9177788786","-87.7598819277","POINT (-87.759881927735 41.917778878611)"
"8e67f976c7fb2cd7d97af115190fb1f77330707cba1473aa4d6f23096b41b63384b0f9522ce63a565bb8f036b00adfaf4966b09bef6789c3bf612b5606c54b67",,"2021-04-15T00:00:00.000","10","NO CONTROLS","NO CONTROLS","CLEAR","DARKNESS, LIGHTED ROAD","SIDESWIPE SAME DIRECTION","PARKING LOT",,"STRAIGHT AND LEVEL","DRY","NO DEFECTS","ON SCENE","NO INJURY / DRIVE AWAY",,,"Y","OVER $1,500","2021-04-15T00:02:00.000","UNABLE TO DETERMINE","NOT APPLICABLE","514","W","OHARE ST","1654",,,,,,,"2.0","4","NO INDICATION OF INJURY","0.0","0","0","0","0","2","0","0","5","X002209063",,,
"b30ffca451e9bb8980f9e769cf559ab7982048d899d1f6bb14d69caa79f8eb3482e8178ea33c2af837489b57801fdc760b79ef5a44ee21dbf2e355214fdd5c15",,"2021-04-05T02:00:00.000","35","TRAFFIC SIGNAL","FUNCTIONING PROPERLY","CLEAR","DARKNESS, LIGHTED ROAD","FIXED OBJECT","DIVIDED - W/MEDIAN BARRIER",,"CURVE, LEVEL","DRY","NO DEFECTS","ON SCENE","INJURY AND / OR TOW DUE TO CRASH",,,,"OVER $1,500","2021-04-05T02:07:00.000","UNABLE TO DETERMINE","NOT APPLICABLE","6259","S","LAKE SHORE DR","331",,,,,,,"1.0","4","NONINCAPACITATING INJURY","1.0","0","0","1","0","0","0","2","2","X002203564",,,
"256326fd7aa869d5c23ca15cabc7dc9bb14dc3811483accef04d5f2cb3ab4abfea0c85a6eac37bd67122daa14bc2a26842883f58de9a0ca2b3c6497566a747f5",,"2021-04-27T13:25:00.000","10","NO CONTROLS","NO CONTROLS","CLEAR","DAYLIGHT","PARKED MOTOR VEHICLE","PARKING LOT",,"STRAIGHT AND LEVEL","DRY","NO DEFECTS","ON SCENE","NO INJURY / DRIVE AWAY",,,,"$501 - $1,500","2021-04-27T13:27:00.000","UNABLE TO DETERMINE","NOT APPLICABLE","616","W","OHARE ST","1654",,,,,,,"2.0","4","NO INDICATION OF INJURY","0.0","0","0","0","0","1","0","13","3","X002221504",,,
"533e20bb9bba1bc17910a59006f7eda9a018e41e98ee65d015a939e7523bdc83d698bf134ce677e371b43fbb7e68019b658f6c50a842f355cdae14464acafd1b",,"2021-04-21T15:29:00.000","30","TRAFFIC SIGNAL","FUNCTIONING PROPERLY","CLEAR","DAYLIGHT","TURNING","NOT DIVIDED",,"STRAIGHT AND LEVEL","DRY","NO DEFECTS","NOT ON SCENE (DESK REPORT)","NO INJURY / DRIVE AWAY","Y",,,"$501 - $1,500","2021-04-21T16:05:00.000","IMPROPER TURNING/NO SIGNAL","IMPROPER LANE USAGE","5700","S","WENTWORTH AVE","232",,,,,,,"2.0","4","NO INDICATION OF INJURY","0.0","0","0","0","0","3","0","15","4","X002215347",,,
"53bac78e2e304cf6696893260eb1e6f5d05bf0ac1131e77d8788db7d2417def7d1df67d5d27947a639d57f46e0590372c893363ce7bb62294ee5f9909168e649",,"2021-04-12T21:20:00.000","35","OTHER","OTHER","CLEAR","DARKNESS","SIDESWIPE SAME DIRECTION","DIVIDED - W/MEDIAN (NOT RAISED)",,"STRAIGHT AND LEVEL","DRY","NO DEFECTS","NOT ON SCENE (DESK REPORT)","NO INJURY / DRIVE AWAY",,,,"OVER $1,500","2021-04-13T17:05:00.000","DRIVING SKILLS/KNOWLEDGE/EXPERIENCE","NOT APPLICABLE","1732","N","LA SALLE DR","1814","N",,,,,,"2.0","4","NO INDICATION OF INJURY","0.0","0","0","0","0","2","0","21","2","X002207908",,,
"8e5dd714989d0be4923dfec6c5066272e7acdab1054947c4e070f3450792b0476275b2932b4ec650cb8c378a02adb7f0440b8e79c3ceee723712a1ce2e08dccf",,"2021-04-16T20:15:00.000","35","TRAFFIC SIGNAL","FUNCTIONING PROPERLY","CLEAR","DARKNESS","ANGLE","ONE-WAY",,"STRAIGHT AND LEVEL","DRY","NO DEFECTS","NOT ON SCENE (DESK REPORT)","NO INJURY / DRIVE AWAY",,,"Y","OVER $1,500","2021-04-16T20:41:00.000","UNABLE TO DETERMINE","NOT APPLICABLE","6600","S","MICHIGAN AVE","322",,,,,,,"2.0","4","NO INDICATION OF INJURY","0.0","0","0","0","0","3","0","20","6","X002210804",,,
"0e696420db42a4e005cd107dcd217f9928462260fff59908ef417173da1a166d91538c8ce578d924256982cbe4febfc4522f4afc5683e9a14a9e2f8e16a4594b",,"2021-04-02T12:30:00.000","3","TRAFFIC SIGNAL","NOT FUNCTIONING","CLEAR","DAYLIGHT","TURNING","TRAFFIC ROUTE",,"STRAIGHT AND LEVEL","DRY","NO DEFECTS","NOT ON SCENE (DESK REPORT)","NO INJURY / DRIVE AWAY","Y",,,"OVER $1,500","2021-04-02T14:50:00.000","UNABLE TO DETERMINE","UNABLE TO DETERMINE","5900","S","WENTWORTH AVE","232",,,,,,,"2.0","4","NO INDICATION OF INJURY","0.0","0","0","0","0","5","0","12","6","X002197847",,,
"1090056c68102f19ca2b5db2af98249094087a9dc727239812b8a9b231cd80d6b82a625f8a6e1cba85341839cc7bbc3cd1c7e49de66410f5966795d073ae7c39",,"2021-04-15T09:15:00.000","30","TRAFFIC SIGNAL","FUNCTIONING PROPERLY","CLEAR","DAYLIGHT","FIXED OBJECT","DIVIDED - W/MEDIAN (NOT RAISED)",,"STRAIGHT AND LEVEL","DRY","NO DEFECTS","ON SCENE","NO INJURY / DRIVE AWAY",,,,"$500 OR LESS","2021-04-15T09:20:00.000","FAILING TO REDUCE SPEED TO AVOID CRASH","UNABLE TO DETERMINE","6752","W","NORTH AVE","2513",,,,,,,"1.0","4","NO INDICATION OF INJURY","0.0","0","0","0","0","1","0","9","5","X002209282","41.9091403351","-87.7944948408","POINT (-87.794494840825 41.909140335078)"
"5a05ccf26a2d1af75ed1d459a0ff45c1cf43afeed992a6e5c0e2ffaa253f827843210f8c1a620e4e37e630334acebd4faaf50c97cf7c9f61f132369a7792bd9c",,"2021-05-02T16:53:00.000","30","NO CONTROLS","NO CONTROLS","CLEAR","DAYLIGHT","FIXED OBJECT","ONE-WAY",,"STRAIGHT AND LEVEL","DRY","NO DEFECTS","ON SCENE","INJURY AND / OR TOW DUE TO CRASH",,,"N","OVER $1,500","2021-05-02T16:54:00.000","FOLLOWING TOO CLOSELY","NOT APPLICABLE","5300","S","WENTWORTH AVE","225",,,,,,,"1.0","5","NONINCAPACITATING INJURY","1.0","0","0","1","0","0","0","16","1","X002224981",,,
"57b0c54f63614cc7a76f7d106b5d6d2425c271c0116e73b24c0d21dd180b2eb4bdc22021dbe82e36768c1b6cf288b9a3d62ea849eaa7ddc1d5848b3d78e106db",,"2021-04-28T12:35:00.000","30","NO CONTROLS","NO CONTROLS","CLOUDY/OVERCAST","DAYLIGHT","SIDESWIPE SAME DIRECTION","NOT DIVIDED",,"STRAIGHT AND LEVEL","DRY","NO DEFECTS","ON SCENE","NO INJURY / DRIVE AWAY",,,,"OVER $1,500","2021-04-28T12:38:00.000","UNABLE TO DETERMINE","UNABLE TO DETERMINE","710","W","OHARE ST","1654",,,,,,,"2.0","4","NO INDICATION OF INJURY","0.0","0","0","0","0","2","0","12","4","X002222803",,,
"d0ca216036885bed8821561f607e774fca8f528544ff48bcb9d3b733105daef9f215243189d088dbb3caeaaaf4cafa34e6fe7398ce0a26d4b7bcdf8c8bc1589b",,"2026-03-26T12:59:00.000","30","TRAFFIC SIGNAL","FUNCTIONING PROPERLY","CLOUDY/OVERCAST","DAYLIGHT","TURNING","NOT DIVIDED",,"STRAIGHT AND LEVEL","DRY","UNKNOWN","NOT ON SCENE (DESK REPORT)","NO INJURY / DRIVE AWAY","Y",,,"$501 - $1,500","2026-03-26T13:48:00.000","NOT APPLICABLE","IMPROPER TURNING/NO SIGNAL","705","S","DAMEN AVE","1225",,,,,,,"2.0","3","NO INDICATION OF INJURY","0.0","0","0","0","0","2","0","12","5","X004178357","0.0","0.0","POINT (0 0)"
"43179e67213db63e8ae040ec730e29d50ea16b647c17d5645fc0aa060eade03ca782ad838f8b10988ecd0a7c61a3f60b2a76282af382d9d25032a26a17dc3e07","Y","2021-05-02T03:40:00.000","25","NO CONTROLS","NO CONTROLS","CLEAR","DARKNESS","FIXED OBJECT","ONE-WAY",,"STRAIGHT AND LEVEL","DRY","NO DEFECTS","ON SCENE","INJURY AND / OR TOW DUE TO CRASH",,,"N","OVER $1,500","2021-05-02T03:48:00.000","DRIVING SKILLS/KNOWLEDGE/EXPERIENCE","UNABLE TO DETERMINE","5","W","TERMINAL ST","1655",,,,,,,"1.0","5","NO INDICATION OF INJURY","0.0","0","0","0","0","1","0","3","1","X002225141",,,
"b271c9d9ab94b1df6f9ff5d052e62f54028cc8daa867f8db7d0fa801b9c591c605b472d56026c873b059224a95d53be1a049bc5f99d358534ccaf1d277b97002",,"2021-04-07T17:00:00.000","30","NO CONTROLS","NO CONTROLS","CLEAR","DAYLIGHT","PARKED MOTOR VEHICLE","NOT DIVIDED",,"STRAIGHT AND LEVEL","DRY","NO DEFECTS","NOT ON SCENE (DESK REPORT)","NO INJURY / DRIVE AWAY",,,,"$501 - $1,500","2021-04-11T14:55:00.000","IMPROPER OVERTAKING/PASSING","NOT APPLICABLE","3","W","TERMINAL ST","1653",,,,,,,"2.0","4","NO INDICATION OF INJURY","0.0","0","0","0","0","1","0","17","4","X002208764",,,
"c14b2f235b942405da22470cf78cd4bf82abc915c6e648536a6e5786c55aecafeb95467d34389fc0f7e633dbf542ceaeb73e92b20438cb20ce74aa0128f924f5",,"2021-04-06T14:00:00.000","15","NO CONTROLS","NO CONTROLS","CLEAR","DAYLIGHT","FIXED OBJECT","PARKING LOT",,"STRAIGHT AND LEVEL","DRY","NO DEFECTS","ON SCENE","NO INJURY / DRIVE AWAY",,"Y",,"OVER $1,500","2021-04-06T14:05:00.000","IMPROPER BACKING","NOT APPLICABLE","524","W","OHARE ST","1654",,,,,,,"1.0","4","NO INDICATION OF INJURY","0.0","0","0","0","0","1","0","14","3","X002201330",,,
"b9c7b0f33377943450a3343bc4818fb54ac99f74023fa01c4ef1ce755385f4ae2031d6233f90f3a1916e79f4d02681accc3233678302da31cbda061b7b67e09b",,"2021-05-16T05:20:00.000","20","NO CONTROLS","NO CONTROLS","CLEAR","DAYLIGHT","REAR END","RAMP",,"STRAIGHT AND LEVEL","DRY","NO DEFECTS","ON SCENE","NO INJURY / DRIVE AWAY",,,,"$501 - $1,500","2021-05-16T05:20:00.000","NOT APPLICABLE","NOT APPLICABLE","3","W","TERMINAL ST","1653",,"Y",,,,,"2.0","5","NO INDICATION OF INJURY","0.0","0","0","0","0","2","0","5","1","X002250078",,,
"eb599e5e5043a9c5e79e78ff540d62cdce16d78f5ceffe936f45f601a97807cdc632dbd9ddb92ec771c5b4baea75eb4524adc787632169a45a19bffee404482b",,"2021-05-24T08:57:00.000","30","NO CONTROLS","NO CONTROLS","CLEAR","DAYLIGHT","FIXED OBJECT","FOUR WAY",,"STRAIGHT ON GRADE","DRY","NO DEFECTS","ON SCENE","NO INJURY / DRIVE AWAY","Y","Y",,"$500 OR LESS","2021-05-24T08:58:00.000","NOT APPLICABLE","NOT APPLICABLE","9000","S","HAMILTON AVE","2221",,,,,,,"1","5","NO INDICATION OF INJURY","0","0","0","0","0","1","0","8","2","X002248829","41.7300567681","-87.6764163024","POINT (-87.676416302365 41.730056768147)"
"9c790b380d7df73fbde89f21f22ba625b982fb145770d4f96252fcd4f400998e702c3f0982bbef0dd62d90bc830744943feaa0e7e95f89ccb42386473e21f557",,"2025-01-01T13:25:00.000","15","NO CONTROLS","NO CONTROLS","CLEAR","DAYLIGHT","PARKED MOTOR VEHICLE","ONE-WAY",,"STRAIGHT AND LEVEL","DRY","NO DEFECTS","NOT ON SCENE (DESK REPORT)","NO INJURY / DRIVE AWAY",,,,"OVER $1,500","2025-01-03T14:30:00.000","FOLLOWING TOO CLOSELY","FOLLOWING TOO CLOSELY","10000","W","BALMORAL AVE","1654",,,,,,,"2.0","1","NO INDICATION OF INJURY","0.0","0","0","0","0","1","0","13","4","X003679826",,,
"17573d5b7686e91d2e6dc16dc938b6a47e44a7559be1b7d369f20496de9749066e2b902e068e458a1b12ea722dae723f51c1e30be648c40b73ab46edb4c8d9c0",,"2025-01-04T16:05:00.000","10","NO CONTROLS","NO CONTROLS","CLEAR","DUSK","TURNING","ONE-WAY",,"STRAIGHT AND LEVEL","DRY","NO DEFECTS","ON SCENE","NO INJURY / DRIVE AWAY",,,,"OVER $1,500","2025-01-04T16:10:00.000","DRIVING SKILLS/KNOWLEDGE/EXPERIENCE","UNABLE TO DETERMINE","3","W","TERMINAL ST","1653",,,,,,,"2.0","1","NO INDICATION OF INJURY","0.0","0","0","0","0","3","0","16","7","X003680986",,,
"e7676fe7e0d3fb230e3ea9a91110393286fd04c4cf0c5b9e515fa659ec2434c92a97d67ac570e8aa26ffc57472e462790cc4630912e86c6d59ef95d04e6fb0e3",,"2017-10-16T16:27:00.000","30","TRAFFIC SIGNAL","FUNCTIONING PROPERLY","CLEAR","DAYLIGHT","TURNING","NOT DIVIDED",,"STRAIGHT AND LEVEL","DRY","NO DEFECTS","ON SCENE","NO INJURY / DRIVE AWAY","Y",,"Y","OVER $1,500","2017-10-16T16:45:00.000","FAILING TO YIELD RIGHT-OF-WAY","NOT APPLICABLE","2801","W","BELMONT AVE","1411",,,,,,,"2.0","10","NO INDICATION OF INJURY","0.0","0","0","0","0","2","0","16","2","X000941310",,,
"532dfe6055f3279479c7a5bdaab3400f19b26572bbe0860e5b437554cc6daa4b4e49f46e96d20b27e86960091b92c8d55fb1846719b884a40e3a8e434258b68f",,"2025-01-01T10:55:00.000","25","NO CONTROLS","NO CONTROLS","CLOUDY/OVERCAST","DAYLIGHT","SIDESWIPE SAME DIRECTION","ONE-WAY",,"STRAIGHT AND LEVEL","DRY","NO DEFECTS","ON SCENE","NO INJURY / DRIVE AWAY",,,,"OVER $1,500","2025-01-01T11:02:00.000","FAILING TO YIELD RIGHT-OF-WAY","DRIVING SKILLS/KNOWLEDGE/EXPERIENCE","1","W","TERMINAL ST","1651",,,,,,,"2.0","1","NO INDICATION OF INJURY","0.0","0","0","0","0","3","0","10","4","X003677698",,,
"8677362247d6112bafa08c2a89f0754316b759e2054eb53e675bc6e02018437a649b9dc2952609f73a5334e62d43a68fca118be657816163f0ab66959db01f3e",,"2017-10-20T21:30:00.000","5","NO CONTROLS","NO CONTROLS","CLEAR","DARKNESS, LIGHTED ROAD","REAR END","PARKING LOT",,"STRAIGHT AND LEVEL","DRY","NO DEFECTS","NOT ON SCENE (DESK REPORT)","NO INJURY / DRIVE AWAY",,,,"OVER $1,500","2017-10-20T22:45:00.000","IMPROPER BACKING","UNABLE TO DETERMINE","100","N","BESSIE COLEMAN DR","1654",,,,,,,"2.0","10","NO INDICATION OF INJURY","0.0","0","0","0","0","2","0","21","6","X000946342",,,
"bc0136fbed6df4645f2479b6c5e22f1aa4419730613c142102f3079b61f7ab6705b96492cde28422d4a4c8d1e517addd739808705b7f8386c112e16ef1785484",,"2024-12-31T10:30:00.000","30","TRAFFIC SIGNAL","FUNCTIONING PROPERLY","RAIN","DAYLIGHT","REAR END","DIVIDED - W/MEDIAN BARRIER",,"STRAIGHT AND LEVEL","WET","NO DEFECTS","NOT ON SCENE (DESK REPORT)","NO INJURY / DRIVE AWAY",,,,"OVER $1,500","2024-12-31T11:23:00.000","UNABLE TO DETERMINE","UNABLE TO DETERMINE","6298","S","LAKE SHORE DR","331",,,,,,,"2.0","12","NO INDICATION OF INJURY","0.0","0","0","0","0","2","0","10","3","X003676660",,,
"f8997a8dd49e577014440e67563c8be9ee94b15498050f7d0688229f302a7cec75e230cab4f0d56fed18d09a2a89640d3c7a8ca4257f6b678c731bee394ad631",,"2021-05-17T08:15:00.000","30","UNKNOWN","UNKNOWN","UNKNOWN","DAYLIGHT","FIXED OBJECT","UNKNOWN INTERSECTION TYPE",,"STRAIGHT AND LEVEL","UNKNOWN","UNKNOWN","ON SCENE","INJURY AND / OR TOW DUE TO CRASH",,,,"OVER $1,500","2021-05-18T16:24:00.000","OPERATING VEHICLE IN ERRATIC, RECKLESS, CARELESS, NEGLIGENT OR AGGRESSIVE MANNER","UNABLE TO DETERMINE","5100","S","WENTWORTH AVE","225",,,,,,,"1.0","5","NO INDICATION OF INJURY","0.0","0","0","0","0","3","0","8","2","X002241446",,,
"e6faf88d3571062b04cc820350a6c37c4ce5cee245bb78763e5bfed8521a48411041b6f5955d56eac0015ed38bfaf501e354d7815ae6584be67ab6413d6d873c",,"2021-05-23T04:00:00.000","45","TRAFFIC SIGNAL","FUNCTIONING PROPERLY","CLEAR","DARKNESS, LIGHTED ROAD","SIDESWIPE SAME DIRECTION","FOUR WAY",,"STRAIGHT AND LEVEL","DRY","NO DEFECTS","ON SCENE","NO INJURY / DRIVE AWAY","Y",,"Y","OVER $1,500","2021-05-23T04:15:00.000","FOLLOWING TOO CLOSELY","DRIVING SKILLS/KNOWLEDGE/EXPERIENCE","10399","W","ZEMKE RD","1654","Y",,,,,,"2.0","5","NO INDICATION OF INJURY","0.0","0","0","0","0","2","0","4","1","X002246339",,,
"5461132743a7343a5b3d4794cd5f7db175b938c3c8432836039786d36c21f7ae1de5826794497ec12527259b684d7ca9771e2166c83164e7091ab056628bed39",,"2021-04-21T07:12:00.000","25","NO CONTROLS","NO CONTROLS","CLEAR","DAYLIGHT","ANGLE","NOT DIVIDED",,"STRAIGHT AND LEVEL","DRY","NO DEFECTS","ON SCENE","NO INJURY / DRIVE AWAY",,,,"OVER $1,500","2021-04-21T07:12:00.000","FOLLOWING TOO CLOSELY","NOT APPLICABLE","1369","W","HUBBARD ST","1215",,,,,,,"2","4","NO INDICATION OF INJURY","0","0","0","0","0","2","0","7","4","X002214909","41.8898319851","-87.6616404485","POINT (-87.661640448511 41.88983198506)"
"9859c040be437d1a7d8ea4892bd853755ae982fd7e9c45e6ebe6ed84ea0d9569b93fdc484104c13b98ba2839fcb34116d21186a65461910d73b7fdbe3e49e19d","Y","2021-04-16T14:00:00.000","25","NO CONTROLS","UNKNOWN","CLEAR","DAYLIGHT","PARKED MOTOR VEHICLE","PARKING LOT",,"STRAIGHT AND LEVEL","DRY","UNKNOWN","ON SCENE","NO INJURY / DRIVE AWAY",,,"Y","$500 OR LESS","2021-04-16T15:24:00.000","UNABLE TO DETERMINE","NOT APPLICABLE","5","W","OHARE ST","1651",,,,,,,"2.0","4","NO INDICATION OF INJURY","0.0","0","0","0","0","1","0","14","6","X002210775",,,
"e83175ff35cdfe2c897adc5c87a5493eabf10009d58006f9aa1b1d5caad3fe5b782e2130df55da87bd66bac00785165b40661ff8da708656e5246256405f4d10","N","2021-05-07T06:40:00.000","30","NO CONTROLS","NO CONTROLS","CLEAR","DAYLIGHT","SIDESWIPE SAME DIRECTION","ONE-WAY",,"STRAIGHT AND LEVEL","DRY","NO DEFECTS","ON SCENE","NO INJURY / DRIVE AWAY",,,"Y","OVER $1,500","2021-05-07T06:46:00.000","UNABLE TO DETERMINE","NOT APPLICABLE","4599","N","RACINE AVE","1913",,,,,,,"2.0","5","NO INDICATION OF INJURY","0.0","0","0","0","0","2","0","6","6","X002230274",,,
"e7b9f1154cfe657a353b36f62b953ce4b9965d3927bd18d88675be6f11a3fa6234d391abf79ae88bce2afd378ae08fbeae8f7085bcb1504d5c48cf9a5bfbd233",,"2021-05-23T13:38:00.000","45","NO CONTROLS","NO CONTROLS","CLEAR","DAYLIGHT","FIXED OBJECT","DIVIDED - W/MEDIAN BARRIER",,"STRAIGHT ON GRADE","DRY","NO DEFECTS","ON SCENE","INJURY AND / OR TOW DUE TO CRASH",,,,"OVER $1,500","2021-05-23T13:40:00.000","EQUIPMENT - VEHICLE CONDITION","NOT APPLICABLE","9500","S","CHICAGO SKYWAY OB","431",,,,,,,"1.0","5","NO INDICATION OF INJURY","0.0","0","0","0","0","2","0","13","1","X002246372",,,
"035937bb6e4fdf21a9361bc5ef66ac4c8c0f7121e4a19d1a06629e569df5ddd5e4b446f4eebbee8de89358be364fd4617cb5a252ec1102c5023b51ef9f04c5c4",,"2021-04-04T06:40:00.000","15","TRAFFIC SIGNAL","FUNCTIONING PROPERLY","CLEAR","DAYLIGHT","SIDESWIPE SAME DIRECTION","OTHER",,"STRAIGHT AND LEVEL","DRY","NO DEFECTS","ON SCENE","NO INJURY / DRIVE AWAY",,,,"OVER $1,500","2021-04-04T06:41:00.000","UNABLE TO DETERMINE","UNABLE TO DETERMINE","172","N","BESSIE COLEMAN DR","1654",,,,,,,"2.0","4","NO INDICATION OF INJURY","0.0","0","0","0","0","2","0","6","1","X002198970",,,
"29b916a21c67f1e35e518e1dbb2db56da3f5cb01767044252bb194aac0d820fe9f8d7aa79644fc7ea354c488de004194a39e5a08aed418ebe6492707dd594783",,"2021-05-23T13:49:00.000","30","NO CONTROLS","NO CONTROLS","CLEAR","DAYLIGHT","ANGLE","ONE-WAY",,"STRAIGHT AND LEVEL","DRY","NO DEFECTS","ON SCENE","INJURY AND / OR TOW DUE TO CRASH",,,,"$501 - $1,500","2021-05-23T13:55:00.000","DISREGARDING STOP SIGN","UNABLE TO DETERMINE","2959","S","HAMLIN AVE","1031",,,,,,,"2.0","5","NO INDICATION OF INJURY","0.0","0","0","0","0","2","0","13","1","X002246204",,,
"1ce2ec58f51e8908daf80106568ef7cfab62292e459496e7796490a6a62b74a8c7f7cb511c5191941cebf72523b615f58a7c392309d678514d1c87bbd3542857",,"2021-04-23T12:45:00.000","20","NO CONTROLS","NO CONTROLS","CLEAR","DAYLIGHT","PARKED MOTOR VEHICLE","PARKING LOT",,"STRAIGHT AND LEVEL","DRY","NO DEFECTS","NOT ON SCENE (DESK REPORT)","NO INJURY / DRIVE AWAY",,,,"$501 - $1,500","2021-04-23T13:00:00.000","UNABLE TO DETERMINE","UNABLE TO DETERMINE","891","W","OHARE ST","1654",,,,,,,"2.0","4","NO INDICATION OF INJURY","0.0","0","0","0","0","1","0","12","6","X002217310",,,
"902bd8af60039fbedbc535d72cf203a65d41d7d1b590817fb0f41274b782c63d41d9f9cd490a5482d98038204b9e367dd152390e9b67ff58c64ce4e1dd486b5f",,"2021-04-26T01:48:00.000","10","NO CONTROLS","NO CONTROLS","CLEAR","DARKNESS, LIGHTED ROAD","FIXED OBJECT","PARKING LOT",,"STRAIGHT ON GRADE","DRY","NO DEFECTS","ON SCENE","INJURY AND / OR TOW DUE TO CRASH",,"Y",,"OVER $1,500","2021-04-26T01:49:00.000","HAD BEEN DRINKING (USE WHEN ARREST IS NOT MADE)","NOT APPLICABLE","1","W","PARKING LOT A ST","1654",,,,,,,"1.0","4","NONINCAPACITATING INJURY","1.0","0","0","1","0","0","0","1","2","X002218640",,,
"54f5f783c7f29f20e7900998983fa945eb13aba9c2d2eb84a3bfd1afbcbe40eed29edc768314f64858fd78b3ac5597006c91a0c26a6cf70790adbbd23a152061",,"2021-03-29T14:15:00.000","10","NO CONTROLS","NO CONTROLS","CLEAR","DAYLIGHT","PARKED MOTOR VEHICLE","OTHER",,"STRAIGHT AND LEVEL","DRY","UNKNOWN","ON SCENE","NO INJURY / DRIVE AWAY",,,,"OVER $1,500","2021-03-29T14:20:00.000","UNABLE TO DETERMINE","NOT APPLICABLE","516","W","OHARE ST","1654",,,,,,,"2.0","3","NO INDICATION OF INJURY","0.0","0","0","0","0","1","0","14","2","X002194603",,,
"e35e3a4158e291d248ce90dd2f28580662d0db1606c43dbcf3af83c23306c7a29093c66bb4bd572955648cb2bd37ded47e7ff0af912e50acebf35a9353641cc4",,"2021-04-08T13:10:00.000","30","TRAFFIC SIGNAL","FUNCTIONING PROPERLY","CLEAR","DAYLIGHT","TURNING","FOUR WAY",,"STRAIGHT AND LEVEL","DRY","NO DEFECTS","ON SCENE","NO INJURY / DRIVE AWAY",,,"Y","OVER $1,500","2021-04-08T13:13:00.000","UNABLE TO DETERMINE","UNABLE TO DETERMINE","7198","W","ARCHER AVE","811",,,,,,,"2.0","4","NO INDICATION OF INJURY","0.0","0","0","0","0","2","0","13","5","X002204696",,,
"4cb7a4ae2d3efe5c3b7a8d54987b449a8e9d5fd5b8e05f0d5005bbe65d9ab167ad257f9035cdc5e17d02902248b23b12c11ad71d02131f95badc3f0ae93e17a5",,"2021-04-02T16:35:00.000","10","NO CONTROLS","NO CONTROLS","CLEAR","DAYLIGHT","PARKED MOTOR VEHICLE","PARKING LOT",,"STRAIGHT AND LEVEL","DRY","NO DEFECTS",,"NO INJURY / DRIVE AWAY",,,,"OVER $1,500","2021-04-02T16:45:00.000","UNABLE TO DETERMINE","NOT APPLICABLE","1","W","TERMINAL ST","1651",,"Y",,,,,"2.0","4","NO INDICATION OF INJURY","0.0","0","0","0","0","1","0","16","6","X002199352",,,
"a124c1063f2edcf25b696553f5195f613ef55762f75e09bda7763f313356baf2394d0673b6321cc907bce10ee16368d3233f5d5daf50aaae95ae4b4db1f64690",,"2021-04-18T00:51:00.000","30","NO CONTROLS","NO CONTROLS","CLEAR","DARKNESS, LIGHTED ROAD","TURNING","NOT DIVIDED",,"STRAIGHT AND LEVEL","DRY","NO DEFECTS","ON SCENE","NO INJURY / DRIVE AWAY",,,,"$501 - $1,500","2021-04-18T00:51:00.000","UNABLE TO DETERMINE","UNABLE TO DETERMINE","817","S","AUSTIN BLVD","1513",,,,,,,"2.0","4","NO INDICATION OF INJURY","0.0","0","0","0","0","4","0","0","1","X002211673",,,
"8423c8b3aee504ea1dd62ad8371037637a6113c309715dc56a5fceba8c4d1bec49b1eb670bc8396a0a38f1564583dfc305d7770a7e7de4158c5979a0c72fec4a",,"2021-05-16T14:12:00.000","10","NO CONTROLS","NO CONTROLS","CLEAR","DAYLIGHT","PARKED MOTOR VEHICLE","PARKING LOT",,"STRAIGHT AND LEVEL","DRY","NO DEFECTS","ON SCENE","NO INJURY / DRIVE AWAY",,,,"$501 - $1,500","2021-05-16T14:15:00.000","DRIVING SKILLS/KNOWLEDGE/EXPERIENCE","NOT APPLICABLE","516","W","OHARE ST","1654",,,,,,,"2.0","5","NO INDICATION OF INJURY","0.0","0","0","0","0","1","0","14","1","X002239065",,,
"18277859d9c2c7a7224e9204c4e8640f7458c0bb0b16d367f742f00c5a14b8fc2bf4581c389ef82aa8f49e62287a92123156cf653a79a992a40df5cc75a75550",,"2021-04-01T11:00:00.000","30","OTHER","NO CONTROLS","CLEAR","DAYLIGHT","PARKED MOTOR VEHICLE","OTHER",,"STRAIGHT AND LEVEL","DRY","NO DEFECTS","ON SCENE","NO INJURY / DRIVE AWAY",,,,"$501 - $1,500","2021-04-01T11:14:00.000","IMPROPER BACKING","NOT APPLICABLE","4653","S","WESTERN BLVD","924",,,,,,,"2","4","NO INDICATION OF INJURY","0","0","0","0","0","2","0","11","5","X002200073","41.8086127913","-87.6837320811","POINT (-87.683732081075 41.808612791332)"
"6f51cf3c268ff2c60ca2e71aa8f2560b8b53ff29c2010f5895f401394d8a221d8763968bdd967e926d95866181886b14fcb56f7e21d89d9e716d1727a803b1c1",,"2021-05-03T14:45:00.000","30","NO CONTROLS","NO CONTROLS","CLEAR","DAYLIGHT","FIXED OBJECT","NOT DIVIDED",,"STRAIGHT AND LEVEL","DRY","UNKNOWN","ON SCENE","INJURY AND / OR TOW DUE TO CRASH",,,,"OVER $1,500","2021-05-03T14:46:00.000","NOT APPLICABLE","NOT APPLICABLE","2030","S","KEDZIE AVE","1022",,,,,,,"1.0","5","NO INDICATION OF INJURY","0.0","0","0","0","0","1","0","14","2","X002226277",,,
"9c12e7f21c6c4c3c9f1f7ea77be8c7b871841d0db1dd9ad6c742aabd448f79e15c344935958366e41fbc6a887e21ab88243fcdc2edb24e24ca50797fa87d4404","Y","2021-04-12T15:25:00.000","20","OTHER","FUNCTIONING IMPROPERLY","CLEAR","DAYLIGHT","FIXED OBJECT","OTHER",,"STRAIGHT AND LEVEL","DRY","NO DEFECTS","ON SCENE","NO INJURY / DRIVE AWAY",,,,"$500 OR LESS","2021-04-12T15:25:00.000","UNABLE TO DETERMINE","UNABLE TO DETERMINE","561","W","OHARE ST","1654",,,,,,,"1.0","4","NO INDICATION OF INJURY","0.0","0","0","0","0","1","0","15","2","X002206809",,,
"e5c6e2d406cedf6749a5650303bb14ff1ad7951600840ebf99a8fe399848cec0dac4871a26cf0a05b3cd3fed8fc30439593ab99236539e91e5772d1ae5ff6b6b",,"2021-05-24T13:40:00.000","20","NO CONTROLS","NO CONTROLS","CLEAR","DAYLIGHT","SIDESWIPE SAME DIRECTION","ONE-WAY",,"STRAIGHT AND LEVEL","DRY","NO DEFECTS","ON SCENE","NO INJURY / DRIVE AWAY",,,,"$501 - $1,500","2021-05-24T13:50:00.000","FAILING TO YIELD RIGHT-OF-WAY","IMPROPER OVERTAKING/PASSING","2","W","TERMINAL ST","1652",,,,,,,"2.0","5","NO INDICATION OF INJURY","0.0","0","0","0","0","3","0","13","2","X002247617",,,
"0f7f6067d79ac07bfdc7f4399325ad3695c355b31e0bec47c77ca69d3db464f20c99fa76b1000aafa5ab3ee5a41c6a4ea021d0ba2278d3012c03214d23c99a54",,"2025-01-06T19:00:00.000","30","NO CONTROLS","NO CONTROLS","SNOW","DARKNESS, LIGHTED ROAD","PARKED MOTOR VEHICLE","OTHER",,"STRAIGHT AND LEVEL","SNOW OR SLUSH","NO DEFECTS","NOT ON SCENE (DESK REPORT)","NO INJURY / DRIVE AWAY",,,"Y","OVER $1,500","2025-01-07T08:30:00.000","UNABLE TO DETERMINE","UNABLE TO DETERMINE","3000","S","DEARBORN ST","133",,,,,,,"2.0","1","NO INDICATION OF INJURY","0.0","0","0","0","0","1","0","19","2","X003682985",,,
"38a74cea53e4552dcfc014bf9a3812046afbad7abc12c7a906acd61a4091a79e262143fdb52443b2d238aeccaf4f144a9b6f81ee8f4bab9fc94f119f99c5ad02",,"2024-12-25T19:28:00.000","30","STOP SIGN/FLASHER","FUNCTIONING PROPERLY","RAIN","DARKNESS, LIGHTED ROAD","REAR END","T-INTERSECTION",,"STRAIGHT AND LEVEL","WET","NO DEFECTS","ON SCENE","NO INJURY / DRIVE AWAY","Y",,"Y","OVER $1,500","2024-12-25T19:28:00.000","UNABLE TO DETERMINE","NOT APPLICABLE","13599","S","BALTIMORE AVE","433",,,,,,,"2.0","12","NO INDICATION OF INJURY","0.0","0","0","0","0","9","0","19","4","X003671276",,,
"17be7003584165686305e516b80821921fc6bd4f9a5a8732e5f95547c17c352faaadf646ba65a98928cc133705e3b2b36fb8f30c40cb9f47ce9ee5545dcd28ea",,"2025-01-01T13:14:00.000","55","NO CONTROLS","NO CONTROLS","CLEAR","DAYLIGHT","REAR END","DIVIDED - W/MEDIAN BARRIER",,"STRAIGHT AND LEVEL","DRY","NO DEFECTS","ON SCENE","INJURY AND / OR TOW DUE TO CRASH",,,,"OVER $1,500","2025-01-01T13:14:00.000","NOT APPLICABLE","NOT APPLICABLE","8833","S","CHICAGO SKYWAY IB","423",,,,,,,"2.0","1","REPORTED, NOT EVIDENT","1.0","0","0","0","1","1","0","13","4","X003677646",,,
"7b615600414d73a32596b0270ed9fa53f0cdc57efee32649b67da0d51f1867ac16c97e80e3062c6928990d111d66cd3a51bb6dc1d39d6983e6cfbcd94ceaad16",,"2024-12-27T19:17:00.000","30","NO CONTROLS","NO CONTROLS","CLEAR","DARKNESS","SIDESWIPE SAME DIRECTION","ONE-WAY",,"STRAIGHT AND LEVEL","UNKNOWN","UNKNOWN","NOT ON SCENE (DESK REPORT)","NO INJURY / DRIVE AWAY",,,,"OVER $1,500","2024-12-28T12:50:00.000","UNABLE TO DETERMINE","NOT APPLICABLE","10000","W","BALMORAL AVE","1654",,,,,,,"2.0","12","NO INDICATION OF INJURY","0.0","0","0","0","0","3","0","19","6","X003674073",,,
"4e431425f7016ba70c566d43690164f24a3e544766da07923b332308decdb63a754948bf18f92bda9760855d755321eb7564cc5cfc3353656f83122eb9d22d24",,"2017-10-11T17:30:00.000","30","STOP SIGN/FLASHER","FUNCTIONING PROPERLY","RAIN","DUSK","REAR END","NOT DIVIDED","7","STRAIGHT AND LEVEL","WET","NO DEFECTS","NOT ON SCENE (DESK REPORT)","NO INJURY / DRIVE AWAY",,,,"$501 - $1,500","2017-10-12T09:30:00.000","FOLLOWING TOO CLOSELY","NOT APPLICABLE","7301","W","HIGGINS AVE","1613",,,,,,,"2.0","10","NO INDICATION OF INJURY","0.0","0","0","0","0","2","0","17","4","X000936908",,,
"c0fbcda0b74ac0aa958b990ea547b5524f14a5ef74de0f4dc58ba3bd35383b44bf8d735db333e79d9e3024b52a4bf97f1d9fc1179e46e3127c6bc366bf54e869",,"2024-12-28T21:50:00.000","15","NO CONTROLS","NO CONTROLS","CLEAR","DARKNESS, LIGHTED ROAD","REAR END","ONE-WAY",,"STRAIGHT AND LEVEL","DRY","NO DEFECTS","ON SCENE","NO INJURY / DRIVE AWAY",,,,"OVER $1,500","2024-12-28T22:00:00.000","FOLLOWING TOO CLOSELY","UNABLE TO DETERMINE","1","S","MIDWAY ST","813",,,,,,,"2.0","12","NO INDICATION OF INJURY","0.0","0","0","0","0","2","0","21","7","X003680821",,,
"f6e9c07f551c55ba16f434bbd888f09b4e4ee4815961d0a60d8c21041a3447a392b004d4f36488159ff2304c022d81ca773f7d6ae3132ec5a3f0379fabf549c9",,"2021-04-09T16:38:00.000","35","NO CONTROLS","NO CONTROLS","CLEAR","DAYLIGHT","FIXED OBJECT","DIVIDED - W/MEDIAN BARRIER",,"CURVE, LEVEL","DRY","NO DEFECTS","ON SCENE","INJURY AND / OR TOW DUE TO CRASH",,,,"OVER $1,500","2021-04-09T16:39:00.000","NOT APPLICABLE","NOT APPLICABLE","90","W","I190 EXPY","1654",,,,,,,"1.0","4","NO INDICATION OF INJURY","0.0","0","0","0","0","1","0","16","6","X002204445",,,
"71d7740808971e9fdf135702c88e5f33854f8c8167f28ebd0b077d011cdbbb7b897f9e624e8eed0ad7749d8ad5315b28951e5dfe9da5eb3d72ebdd12e69212d3",,"2021-04-12T12:30:00.000","30","TRAFFIC SIGNAL","FUNCTIONING PROPERLY","CLEAR","DAYLIGHT","TURNING","NOT DIVIDED",,"STRAIGHT AND LEVEL","DRY","NO DEFECTS","ON SCENE","INJURY AND / OR TOW DUE TO CRASH","Y",,,"OVER $1,500","2021-04-12T12:30:00.000","IMPROPER TURNING/NO SIGNAL","NOT APPLICABLE","5901","S","YALE AVE","711",,,,,,,"2.0","4","NONINCAPACITATING INJURY","1.0","0","0","1","0","1","0","12","2","X002206609",,,
"d38eaa5ab12f8d31ce3a810ae5d22a9b510ef9366fc44404a4b1c72fb069bb497e10bb1fb672736786a4db15be79ee6b3d9c4ddb12bac34498ea6727fae7f638",,"2021-04-02T19:20:00.000","10","NO CONTROLS","NO CONTROLS","CLEAR","DARKNESS, LIGHTED ROAD","REAR TO FRONT","ONE-WAY",,"STRAIGHT AND LEVEL","DRY","NO DEFECTS","ON SCENE","NO INJURY / DRIVE AWAY",,,"Y","$501 - $1,500","2021-04-02T19:40:00.000","IMPROPER BACKING","NOT APPLICABLE","1","W","TERMINAL ST","1651",,,,,,,"3.0","4","NO INDICATION OF INJURY","0.0","0","0","0","0","2","0","19","6","X002199348",,,
"25d6afb576804970edb942f59f77fa6d30610911f075d70f2dfe94c535bc913d59606e2cfd2f0d66704bf7f3c1b94bc8dd801445b7011e91e07c8d99d8607405",,"2021-04-09T21:35:00.000","30","TRAFFIC SIGNAL","FUNCTIONING PROPERLY","CLEAR","DARKNESS, LIGHTED ROAD","ANGLE","FOUR WAY",,"STRAIGHT AND LEVEL","DRY","NO DEFECTS","ON SCENE","INJURY AND / OR TOW DUE TO CRASH","Y",,,"OVER $1,500","2021-04-09T21:35:00.000","DISREGARDING TRAFFIC SIGNALS","NOT APPLICABLE","2601","S","CALIFORNIA AVE","1034",,,,,,,"2.0","4","NO INDICATION OF INJURY","0.0","0","0","0","0","3","0","21","6","X002205335",,,
"ff58b95026e8199df13a6a96be43307c4b2d69ca919abe501da45a6a17d3fe0100ae351ef249d9ee695539f4ae657be189837ef676529eab8587ac73ff30470b",,"2021-04-10T09:50:00.000","20","NO CONTROLS","NO CONTROLS","RAIN","DAYLIGHT","FIXED OBJECT","DIVIDED - W/MEDIAN (NOT RAISED)",,"CURVE, LEVEL","WET","NO DEFECTS","ON SCENE","INJURY AND / OR TOW DUE TO CRASH",,,,"OVER $1,500","2021-04-10T09:55:00.000","OPERATING VEHICLE IN ERRATIC, RECKLESS, CARELESS, NEGLIGENT OR AGGRESSIVE MANNER","FAILING TO REDUCE SPEED TO AVOID CRASH","891","W","OHARE ST","1654",,,,,,,"1.0","4","NO INDICATION OF INJURY","0.0","0","0","0","0","1","0","9","7","X002205367",,,
"2905484b43d9561d489eb61d4ed3024624e13cf9e08823b5bd8e49ca0d59c414c5f5920e266874c8ca72e1f2203235fd1946d85480324e88037b69bcd6ca5fbd",,"2021-04-22T13:05:00.000","35","NO CONTROLS","NO CONTROLS","CLEAR","DAYLIGHT","SIDESWIPE SAME DIRECTION","ONE-WAY",,"STRAIGHT AND LEVEL","DRY","NO DEFECTS","ON SCENE","NO INJURY / DRIVE AWAY",,,"Y","OVER $1,500","2021-04-22T13:10:00.000","UNABLE TO DETERMINE","NOT APPLICABLE","49","W","I190 EXPY","1654",,,,,,,"2.0","4","NO INDICATION OF INJURY","0.0","0","0","0","0","3","0","13","5","X002216509",,,
"a908ab7c77225b59ce67beab2008610f68ae9252accaa2528c422eb2da90cfdb8cdd36cd641c6fd87bdb7204e7273d37cf29966e7670afb872afeebdd778ba67",,"2021-04-03T17:37:00.000","30","TRAFFIC SIGNAL","FUNCTIONING PROPERLY","CLEAR","DAYLIGHT","REAR END","NOT DIVIDED",,"STRAIGHT AND LEVEL","DRY","NO DEFECTS","ON SCENE","NO INJURY / DRIVE AWAY",,,"Y","$501 - $1,500","2021-04-03T17:55:00.000","FOLLOWING TOO CLOSELY","NOT APPLICABLE","2804","N","KIMBALL AVE","1412",,,,,,,"2.0","4","NO INDICATION OF INJURY","0.0","0","0","0","0","2","0","17","7","X002199111",,,
"6f50dd72d207e6d9e5e321136bd1507946893fd168c29e0e21a0ac67c4aa2198758cef525458a86d7df50b94af99b86f82b2db3fa829d479415648eb3e1d69a4","Y","2021-04-05T17:40:00.000","15","NO CONTROLS","NO CONTROLS","CLEAR","DAYLIGHT","PARKED MOTOR VEHICLE","PARKING LOT",,"STRAIGHT AND LEVEL","DRY","NO DEFECTS","ON SCENE","NO INJURY / DRIVE AWAY",,,"Y","OVER $1,500","2021-04-05T17:56:00.000","IMPROPER TURNING/NO SIGNAL","IMPROPER LANE USAGE","516","W","OHARE ST","1654",,,,,,,"2.0","4","NO INDICATION OF INJURY","0.0","0","0","0","0","1","0","17","2","X002201331",,,
"e0420cc6cda3c6d7f8c84e6835e7194e20bda08d351c6849f68e0ce485f3dd9aeafb4e4dd934baf3a27c450f17d31e31399fdcca58a8380f8d93a8d5eb97d45c",,"2021-04-18T07:00:00.000","20","NO CONTROLS","NO CONTROLS","CLEAR","DAYLIGHT","REAR TO FRONT","PARKING LOT",,"STRAIGHT AND LEVEL","DRY","NO DEFECTS","ON SCENE","NO INJURY / DRIVE AWAY",,,,"$500 OR LESS","2021-04-18T07:06:00.000","UNABLE TO DETERMINE","NOT APPLICABLE","1","W","PARKING LOT A ST","1654",,"Y",,,,,"2.0","4","NO INDICATION OF INJURY","0.0","0","0","0","0","2","0","7","1","X002213488",,,
"8f8f2cc2cd4cad937533a5c4f4609a8c21e130956e5eb7231ef25ce6f42a7d9b88f6f7edb193f08075fefeb5ab8c553f0627f8c4380faef1ed8f54915fba8121","Y","2021-04-28T12:30:00.000","15","NO CONTROLS","NO CONTROLS","CLEAR","DAYLIGHT","PARKED MOTOR VEHICLE","PARKING LOT",,"STRAIGHT AND LEVEL","DRY","NO DEFECTS","NOT ON SCENE (DESK REPORT)","NO INJURY / DRIVE AWAY",,,"Y","$501 - $1,500","2021-04-28T13:30:00.000","DRIVING SKILLS/KNOWLEDGE/EXPERIENCE","NOT APPLICABLE","5","W","TERMINAL ST","1655",,,,,,,"2.0","4","NO INDICATION OF INJURY","0.0","0","0","0","0","1","0","12","4","X002238856",,,
"b3f7e1d23796e568087eaad86aa5eef826ad19a71f24855cf01a6ba04f417732c77f73438d598a73167d8ef1d511d1dcf30a11b1422863de4213dd987050d57a",,"2021-05-30T17:00:00.000","30","NO CONTROLS","NO CONTROLS","CLEAR","DAYLIGHT","ANGLE","OTHER",,"STRAIGHT AND LEVEL","DRY","NO DEFECTS","ON SCENE","NO INJURY / DRIVE AWAY",,,,"OVER $1,500","2021-05-30T17:07:00.000","IMPROPER BACKING","NOT APPLICABLE","801","W","ADDISON ST","1924",,,,,,,"2","5","NO INDICATION OF INJURY","0","0","0","0","0","3","0","17","1","X002254795","41.9472070912","-87.6495530007","POINT (-87.649553000747 41.947207091229)"
"0f9010eae82b6767221234b0ba860225acd95061d39bb19c027c545baac4327352c0d217ac03a4bd0fccb32da165f2f0b98e5a64cc1206f0857534b29fdad1ed",,"2020-10-04T08:48:00.000","15","NO CONTROLS","NO CONTROLS","CLEAR","DAYLIGHT","FIXED OBJECT","ONE-WAY",,"STRAIGHT AND LEVEL","DRY","NO DEFECTS",,"INJURY AND / OR TOW DUE TO CRASH",,,,"OVER $1,500","2020-10-04T08:50:00.000","UNABLE TO DETERMINE","UNABLE TO DETERMINE","3","W","TERMINAL ST","1653",,,,,,,"2.0","10","NONINCAPACITATING INJURY","1.0","0","0","1","0","1","0","8","1","X002033697",,,
"69f2081702a70a8388d1edfe1e6297a12a7c0ade7f79b07461d0e9f3472afe2ecf1e544c8ee56e5ad4fc30a7ab7ef70662e0d743c6d4deaeffe40a7f7b7dd7aa",,"2021-05-28T12:00:00.000","25","NO CONTROLS","NO CONTROLS","CLOUDY/OVERCAST","DAYLIGHT","TURNING","PARKING LOT",,"STRAIGHT AND LEVEL","WET","NO DEFECTS","ON SCENE","INJURY AND / OR TOW DUE TO CRASH",,,"Y","OVER $1,500","2021-05-28T12:02:00.000","FAILING TO YIELD RIGHT-OF-WAY","DRIVING SKILLS/KNOWLEDGE/EXPERIENCE","1","W","PARKING LOT C ST","1654",,,,,,,"2.0","5","REPORTED, NOT EVIDENT","1.0","0","0","0","1","1","0","12","6","X002253436",,,
"a9d440a46ead38c189fd63a7b4e155a78300387fda2081628d4a17a056dd8142a27f2c27df92b8065a12b3f963f4c0af8e329f7f3828ff3941ae4dec9431e24d",,"2024-12-31T14:32:00.000","45","NO CONTROLS","NO CONTROLS","RAIN","DAYLIGHT","FIXED OBJECT","UNKNOWN",,"STRAIGHT AND LEVEL","WET","UNKNOWN","ON SCENE","INJURY AND / OR TOW DUE TO CRASH",,,,"OVER $1,500","2024-12-31T14:37:00.000","EQUIPMENT - VEHICLE CONDITION","NOT APPLICABLE","6599","S","CHICAGO SKYWAY IB","312",,,,,,,"1.0","12","REPORTED, NOT EVIDENT","2.0","0","0","0","2","0","0","14","3","X003677045",,,
"eeafa8339a89cb6c097bbeea8d838efe8515a6ec4e550784e557c2ec25086426072ac3030d8878750c9b2073176954a47e34ba6c9d8d3a89b941ac00c2a13a49",,"2024-12-24T18:34:00.000","30","NO CONTROLS","NO CONTROLS","CLEAR","DARKNESS, LIGHTED ROAD","SIDESWIPE SAME DIRECTION","ONE-WAY",,"STRAIGHT AND LEVEL","DRY","UNKNOWN","ON SCENE","NO INJURY / DRIVE AWAY",,,,"OVER $1,500","2024-12-24T18:47:00.000","UNABLE TO DETERMINE","NOT APPLICABLE","5","W","TERMINAL ST","1655",,,,,,,"2.0","12","NO INDICATION OF INJURY","0.0","0","0","0","0","2","0","18","3","X003671341",,,
"7c29562afd6774e7b113ab7acbd657de521311e3bb822a5612fd08d63572f16adaac32774b203ce96219cbcab5f4a2a574cb9f4ee9e6fd3085e469bb0e32658f",,"2024-12-19T22:45:00.000","30","TRAFFIC SIGNAL","FUNCTIONING PROPERLY","SNOW","DARKNESS, LIGHTED ROAD","REAR END","RAMP",,"STRAIGHT AND LEVEL","WET","NO DEFECTS",,"INJURY AND / OR TOW DUE TO CRASH","Y",,"Y","OVER $1,500","2024-12-19T23:00:00.000","FAILING TO REDUCE SPEED TO AVOID CRASH","FOLLOWING TOO CLOSELY","5558","N","AVONDALE AVE","1622",,,,,,,"2.0","12","NONINCAPACITATING INJURY","1.0","0","0","1","0","1","0","22","5","X003665414",,,
"3a1cceeff60f5a112bf9b365ab3e6767f8306505bcdb7e1e9c522f01f010ceb81b4d8cc3e52ea033f64deab3cfd13dcd14bd8bffd611d3cbd29d76cc490a6a9a",,"2024-12-19T19:10:00.000","25","NO CONTROLS","NO CONTROLS","FREEZING RAIN/DRIZZLE","DARKNESS, LIGHTED ROAD","REAR END","DIVIDED - W/MEDIAN BARRIER",,"STRAIGHT ON GRADE","SNOW OR SLUSH","NO DEFECTS","ON SCENE","NO INJURY / DRIVE AWAY",,,,"$501 - $1,500","2024-12-19T19:12:00.000","FOLLOWING TOO CLOSELY","DRIVING SKILLS/KNOWLEDGE/EXPERIENCE","10129","W","BALMORAL AVE","1654",,,,,,,"3.0","12","NO INDICATION OF INJURY","0.0","0","0","0","0","3","0","19","5","X003665380",,,
"55fa1cb28fde0c2a1708aa21d90cbcc7befd79d937d4aa9f1542919d15afcb139b6bc9256bacb2f539b59699113d392dcb9be439efa8fa50577aec76a21f968b","Y","2025-01-18T12:24:00.000","25","NO CONTROLS","NO CONTROLS","CLEAR","DAYLIGHT","SIDESWIPE SAME DIRECTION","OTHER",,"STRAIGHT AND LEVEL","DRY","NO DEFECTS","NOT ON SCENE (DESK REPORT)","NO INJURY / DRIVE AWAY",,,,"OVER $1,500","2025-01-18T13:00:00.000","UNABLE TO DETERMINE","UNABLE TO DETERMINE","2","W","TERMINAL ST","1652",,,,,,,"2.0","1","NO INDICATION OF INJURY","0.0","0","0","0","0","3","0","12","7","X003697035",,,
"f1e846b0078f6cb5c3c5a1a95841676003752f8257d5657f9f99a47e9381dd2967758d3a6cf5369ff37fac45a30e7fe11554a50ec0e68a8a431dbed9e56bfb6b",,"2024-12-27T19:58:00.000","10","NO CONTROLS","NO CONTROLS","RAIN","DARKNESS, LIGHTED ROAD","REAR TO SIDE","PARKING LOT",,"STRAIGHT AND LEVEL","WET","NO DEFECTS","NOT ON SCENE (DESK REPORT)","NO INJURY / DRIVE AWAY",,,,"$501 - $1,500","2024-12-27T20:10:00.000","DRIVING SKILLS/KNOWLEDGE/EXPERIENCE","IMPROPER BACKING","10020","W","BALMORAL AVE","1654",,,,,,,"2.0","12","NO INDICATION OF INJURY","0.0","0","0","0","0","2","0","19","6","X003674241",,,
"14beea5a96a1a54771eb4bf934e8811f7d5f0f2c59f4ac293d4fbd90cb38f7256010c3c65386a896995fa6c2ecc48b618c3093b2a4f08fb75564b82014c32bd9",,"2021-05-25T03:05:00.000","20","NO CONTROLS","NO CONTROLS","CLEAR","DARKNESS, LIGHTED ROAD","SIDESWIPE SAME DIRECTION","ONE-WAY",,"STRAIGHT ON GRADE","DRY","NO DEFECTS","ON SCENE","INJURY AND / OR TOW DUE TO CRASH",,,,"OVER $1,500","2021-05-25T03:06:00.000","FOLLOWING TOO CLOSELY","IMPROPER OVERTAKING/PASSING","3","W","TERMINAL ST","1653",,,,,,,"2.0","5","NO INDICATION OF INJURY","0.0","0","0","0","0","2","0","3","3","X002250079",,,
"bea952b1df4d2376abb83aa6ff09a57adf927b841f70d916971dcb7306846e1d9284032e330b74035a789781db7d149aa29b8ed78fa17d918ad2c6c3ab3efb25",,"2021-05-26T20:45:00.000","15","NO CONTROLS","NO CONTROLS","CLEAR","DARKNESS","PARKED MOTOR VEHICLE","OTHER",,"STRAIGHT AND LEVEL","DRY","NO DEFECTS","ON SCENE","NO INJURY / DRIVE AWAY",,,,"$501 - $1,500","2021-05-26T20:50:00.000","UNABLE TO DETERMINE","UNABLE TO DETERMINE","833","W","OHARE ST","1654",,,,,,,"2.0","5","NO INDICATION OF INJURY","0.0","0","0","0","0","1","0","20","4","X002252373",,,
"2de9e42e3231469e76056d1a8f4fa746f0001774513fb0416e0f366515ed19ca4bc27aec6552be22bc34b678042e51f5ffdb0bafe43c1aacc9eea22bb1dd5d22",,"2021-05-13T06:40:00.000","20","NO CONTROLS","NO CONTROLS","CLEAR","DAYLIGHT","PARKED MOTOR VEHICLE","PARKING LOT",,"STRAIGHT AND LEVEL","DRY","NO DEFECTS","ON SCENE","NO INJURY / DRIVE AWAY",,,,"OVER $1,500","2021-05-13T06:47:00.000","IMPROPER BACKING","DRIVING SKILLS/KNOWLEDGE/EXPERIENCE","522","W","OHARE ST","1654",,,,,,,"2.0","5","NO INDICATION OF INJURY","0.0","0","0","0","0","1","0","6","5","X002236047",,,
"f0ea8fe427b34ba3d9caff94fa37b41eb6392c4b8770d83ad19d40528d48d1c88776944b7c39a6a153fb17a372d6bfbea804403ad2009e5439a46b95bca63ed5",,"2021-05-31T19:15:00.000","30","TRAFFIC SIGNAL","FUNCTIONING PROPERLY","CLEAR","DUSK","REAR END","T-INTERSECTION",,"STRAIGHT AND LEVEL","DRY","NO DEFECTS","NOT ON SCENE (DESK REPORT)","NO INJURY / DRIVE AWAY","Y",,"Y","OVER $1,500","2021-05-31T19:45:00.000","UNABLE TO DETERMINE","NOT APPLICABLE","400","N","LOWER LAKE SHORE DR","1834",,,,,,,"3.0","5","NO INDICATION OF INJURY","0.0","0","0","0","0","6","0","19","2","X002255638",,,
"9e02996683e5e50ecd6c0e94b05ac4e0c1c0143d55f77aa866e531635ce89d7921443f884a608befd0e9890a5276cf9bd1da0a5f829f93352ff5a30511eab670",,"2021-05-09T05:55:00.000","20","NO CONTROLS","NO CONTROLS","RAIN","DAWN","SIDESWIPE SAME DIRECTION","ONE-WAY",,"STRAIGHT AND LEVEL","WET","NO DEFECTS","ON SCENE","NO INJURY / DRIVE AWAY",,,"Y","$501 - $1,500","2021-05-09T06:05:00.000","FAILING TO YIELD RIGHT-OF-WAY","FAILING TO YIELD RIGHT-OF-WAY","1","W","TERMINAL ST","1651",,,,,,,"2.0","5","NO INDICATION OF INJURY","0.0","0","0","0","0","2","0","5","1","X002232864",,,
"0fdd1890761b51373881f62102bf5b2800b3b0265452e2f8352f475ac4f6d49d219f8b0bc6733455558ebc6eefb9c3fe42f16fab9454a24f848b669feb7e9172",,"2021-06-17T07:45:00.000","20","NO CONTROLS","NO CONTROLS","CLEAR","DAYLIGHT","PARKED MOTOR VEHICLE","ONE-WAY",,"STRAIGHT AND LEVEL","DRY","NO DEFECTS","ON SCENE","NO INJURY / DRIVE AWAY",,,,"OVER $1,500","2021-06-17T07:49:00.000","FAILING TO YIELD RIGHT-OF-WAY","DRIVING SKILLS/KNOWLEDGE/EXPERIENCE","1","W","TERMINAL ST","1651",,,,,,,"2.0","6","NO INDICATION OF INJURY","0.0","0","0","0","0","1","0","7","5","X002274915",,,
"b178208cc19bd139906e467316bfbdc4cba6fa0d5dbe22d40c490d6f06dc1370e13cea9a7ac3c1f52e0ac0ff503694dddb951b5fb501857240d574bd431919e0",,"2021-05-12T13:50:00.000","30","TRAFFIC SIGNAL","FUNCTIONING PROPERLY","CLEAR","DAYLIGHT","REAR END","DIVIDED - W/MEDIAN BARRIER",,"STRAIGHT AND LEVEL","DRY","NO DEFECTS","ON SCENE","NO INJURY / DRIVE AWAY",,,,"$501 - $1,500","2021-05-12T14:00:00.000","FAILING TO YIELD RIGHT-OF-WAY","UNABLE TO DETERMINE","1800","W","118TH ST","2234",,,,,,,"4.0","5","NO INDICATION OF INJURY","0.0","0","0","0","0","4","0","13","4","X002238855",,,
"6384b77c2f16380e252e5022dced6186aa2e12a8175e39b4abdf52e5927da098d586d5b2cadc41cd68b9c468f1cb2326195ca0a7aac39a66b41795f5b9e3aef8",,"2021-05-23T10:42:00.000","30","NO CONTROLS","NO CONTROLS","CLEAR","DAYLIGHT","FIXED OBJECT","ALLEY",,"STRAIGHT AND LEVEL","DRY","NO DEFECTS","ON SCENE","NO INJURY / DRIVE AWAY",,,,"OVER $1,500","2021-05-23T10:42:00.000","NOT APPLICABLE","NOT APPLICABLE","138","W","95TH ST","634",,,,,,,"1","5",,,,,,,,,"10","1","X002248213","41.7217825203","-87.627764732","POINT (-87.627764732046 41.721782520337)"
"fc67a4903c6bab5fbb3a9fa78de0c51089c81d3a19867bc0e01061a767f37b8417b64e3d490400b9c68d9afd255f4c73bedbc500ed9d3429ef47eaba649fbea6",,"2021-05-09T22:55:00.000","10","NO CONTROLS","NO CONTROLS","CLEAR","DARKNESS, LIGHTED ROAD","FIXED OBJECT","PARKING LOT",,"STRAIGHT AND LEVEL","DRY","NO DEFECTS","ON SCENE","NO INJURY / DRIVE AWAY",,"Y",,"OVER $1,500","2021-05-09T22:57:00.000","UNABLE TO DETERMINE","NOT APPLICABLE","524","W","OHARE ST","1654",,,,,,,"2.0","5","NO INDICATION OF INJURY","0.0","0","0","0","0","2","0","22","1","X002232295",,,
"aa4a088120f9867a466065cfc2b5e573cb255b5597fac7baaf49abedd5193ae1a961ad05a6d3fc6a47e0d5704c2901b7d7c7dcf170b4907905cd0540a8af486d",,"2021-05-21T10:48:00.000","25","NO CONTROLS","NO CONTROLS","CLEAR","DAWN","PARKED MOTOR VEHICLE","OTHER",,"STRAIGHT AND LEVEL","DRY","NO DEFECTS","ON SCENE","NO INJURY / DRIVE AWAY",,,,"OVER $1,500","2021-05-21T10:50:00.000","DRIVING SKILLS/KNOWLEDGE/EXPERIENCE","NOT APPLICABLE","516","W","OHARE ST","1654",,,,,,,"2.0","5","NO INDICATION OF INJURY","0.0","0","0","0","0","1","0","10","6","X002245044",,,
"7e49d2cf7921472a907d49128fda528a6db1736360fe94bf6476d16ee2c2d754ed7943fb9786548f153f1eee6ca21f58580bef5b5bba3c700c3567986a5c03df",,"2021-06-17T12:29:00.000","30","NO CONTROLS","NO CONTROLS","CLEAR","DAYLIGHT","PARKED MOTOR VEHICLE","ONE-WAY",,"STRAIGHT AND LEVEL","DRY","NO DEFECTS","ON SCENE","NO INJURY / DRIVE AWAY",,,,"$501 - $1,500","2021-06-17T12:29:00.000","IMPROPER BACKING","NOT APPLICABLE","33","E","111TH PL","531",,,,,,,"2","6","NO INDICATION OF INJURY","0","0","0","0","0","2","0","12","5","X002274176","41.69158392","-87.6217502822","POINT (-87.621750282158 41.691583920008)"
"87d1c1b96db5644f64b70825e359ba2feee382390d51d1337ec964fd29110cf10be7fb1f7868b20c996d37358a42548ad611d5ff43877a90a8fc63e69afcb7ea",,"2021-05-18T14:00:00.000","30","NO CONTROLS","NOT FUNCTIONING","CLEAR","DAYLIGHT","PARKED MOTOR VEHICLE","NOT DIVIDED",,"STRAIGHT AND LEVEL","DRY","NO DEFECTS","NOT ON SCENE (DESK REPORT)","NO INJURY / DRIVE AWAY",,,"Y","$501 - $1,500","2021-05-20T09:23:00.000","UNABLE TO DETERMINE","UNABLE TO DETERMINE","7167","W","56TH ST","811",,,,,,,"2.0","5","NO INDICATION OF INJURY","0.0","0","0","0","0","1","0","14","3","X002243104",,,
"0d47e244206380a039dd696929243322b6dfee8b2fc3b7c1c2ed26d0e69427686ef4788f128e4c9aa04d46a2e88b92b3c361099397c0d061b6d51c83003f6505",,"2021-05-13T11:30:00.000","30","TRAFFIC SIGNAL","FUNCTIONING PROPERLY","CLEAR","DAYLIGHT","ANGLE","NOT DIVIDED",,"STRAIGHT AND LEVEL","DRY","UNKNOWN","NOT ON SCENE (DESK REPORT)","NO INJURY / DRIVE AWAY",,,"Y","$501 - $1,500","2021-05-17T09:55:00.000","UNABLE TO DETERMINE","UNABLE TO DETERMINE","2098","S","MILLARD AVE","1014",,,,,,,"2.0","5","NO INDICATION OF INJURY","0.0","0","0","0","0","7","0","11","5","X002239892",,,
"238bea88b9c60f4447c3fde7de1d84a6d24b5fcab6b2b5518726cada101b782d26533d0e17739c29eac386e4e69fb4891509567d499aae1d41bc1ef1392943be",,"2021-05-28T16:47:00.000","55","OTHER","OTHER","RAIN","DAYLIGHT","SIDESWIPE SAME DIRECTION","DIVIDED - W/MEDIAN BARRIER",,"STRAIGHT AND LEVEL","WET","NO DEFECTS","ON SCENE","NO INJURY / DRIVE AWAY",,,,"OVER $1,500","2021-05-28T17:30:00.000","UNABLE TO DETERMINE","NOT APPLICABLE","9200","S","CHICAGO SKYWAY OB","423",,,,,,,"2.0","5","NO INDICATION OF INJURY","0.0","0","0","0","0","3","0","16","6","X002252779",,,
"271552ad5dff2543c5b29c8bfc936703f572425d9ff83e0826b84982f21759b114d1299ac07071f0e29bbf74dee4b767da7771a13d002672afa69bb723f1c439",,"2021-04-29T18:30:00.000","30","YIELD","NO CONTROLS","CLEAR","DAYLIGHT","FIXED OBJECT","DIVIDED - W/MEDIAN (NOT RAISED)",,"CURVE, LEVEL","DRY","NO DEFECTS","ON SCENE","NO INJURY / DRIVE AWAY",,,,"$500 OR LESS","2021-04-29T18:35:00.000","FAILING TO REDUCE SPEED TO AVOID CRASH","UNABLE TO DETERMINE","5","W","TERMINAL ST","1655",,,,,,,"1.0","4","NO INDICATION OF INJURY","0.0","0","0","0","0","1","0","18","5","X002223104",,,
"0bd391472067c00d0af5456413bc7bf32faacd4ce752638d32d854919dd23b5f4e6028b34873ababa85ecc0855f84708471b63a0a3f57ae3ecf7ae53d1580883",,"2021-05-23T04:32:00.000","60","NO CONTROLS","NO CONTROLS","CLEAR","DAWN","FIXED OBJECT","DIVIDED - W/MEDIAN BARRIER",,"STRAIGHT AND LEVEL","DRY","NO DEFECTS","ON SCENE","INJURY AND / OR TOW DUE TO CRASH",,,"Y","OVER $1,500","2021-05-23T04:32:00.000","UNABLE TO DETERMINE","NOT APPLICABLE","9050","S","CHICAGO SKYWAY OB","423",,,,,,,"1.0","5","NO INDICATION OF INJURY","0.0","0","0","0","0","1","0","4","1","X002245712",,,
"5800aa4bda36818b2626f8a687bd1635fd91321b8330afb1015ca289b2237cb74c06bd6e11a262f06fc0e58fc216bf3812ca67846b40f6e34ec3814f88bdac7d","Y","2025-01-09T17:10:00.000","25","NO CONTROLS","NO CONTROLS","CLEAR","DARKNESS, LIGHTED ROAD","SIDESWIPE SAME DIRECTION","NOT DIVIDED",,"STRAIGHT AND LEVEL","UNKNOWN","UNKNOWN","ON SCENE","INJURY AND / OR TOW DUE TO CRASH",,,,"OVER $1,500","2025-01-09T17:14:00.000","UNABLE TO DETERMINE","UNABLE TO DETERMINE","815","S","AUSTIN BLVD","1513",,,,,,,"2.0","1","NO INDICATION OF INJURY","0.0","0","0","0","0","2","0","17","5","X003685808",,,
"9b328a396ce1cb9a09d1fb63d4e373613c424dbf03d0b7306e69958d33324d2a5442ba85939d40c050e15aaeb0bb2b0862a5291d2255c4952abaa91dde8eba68",,"2017-10-12T09:45:00.000","35","NO CONTROLS","NO CONTROLS","CLOUDY/OVERCAST","DAYLIGHT","SIDESWIPE SAME DIRECTION","NOT DIVIDED","4","STRAIGHT AND LEVEL","DRY","NO DEFECTS","NOT ON SCENE (DESK REPORT)","NO INJURY / DRIVE AWAY",,,,"OVER $1,500","2017-10-12T10:40:00.000","IMPROPER LANE USAGE","NOT APPLICABLE","12001","W","IRVING PARK RD","1654",,,,,,,"2.0","10","NO INDICATION OF INJURY","0.0","0","0","0","0","2","0","9","5","X000936906",,,
"7315e07289095984b706dabc4c37e8debf2e6866c9d7f05e2ba8b71e16c7e34d6c1819650b7d6394128e128a596916c3a92217a7788297833e8d9d14efd99e00",,"2025-01-13T15:50:00.000","15","NO CONTROLS","NO CONTROLS","CLEAR","DAYLIGHT","TURNING","PARKING LOT",,"STRAIGHT AND LEVEL","DRY","NO DEFECTS","ON SCENE","NO INJURY / DRIVE AWAY",,,,"OVER $1,500","2025-01-13T15:51:00.000","FAILING TO YIELD RIGHT-OF-WAY","VISION OBSCURED (SIGNS, TREE LIMBS, BUILDINGS, ETC.)","775","W","OHARE ST","1654",,,,,,,"2.0","1","NO INDICATION OF INJURY","0.0","0","0","0","0","2","0","15","2","X003690497",,,
"ddbf09520c3ba755f35f12c06487c14e8870bc54e7165518ea43d4137969376ed23be239991013c026a21fe00efb5ed079fae79532c58c195b7290742eb312e6",,"2024-12-30T02:38:00.000","45","NO CONTROLS","NO CONTROLS","CLEAR","DARKNESS, LIGHTED ROAD","FIXED OBJECT","DIVIDED - W/MEDIAN BARRIER",,"CURVE, LEVEL","DRY","NO DEFECTS","ON SCENE","INJURY AND / OR TOW DUE TO CRASH",,,,"OVER $1,500","2024-12-30T02:38:00.000","NOT APPLICABLE","NOT APPLICABLE","6299","S","LAKE SHORE DR","331",,,,,,,"1.0","12",,,,,,,,,"2","2","X003677796",,,
"4d0f21962e07ca09c7401b876df3cbbd47725c3c97a10f090fb286820174384a28f8d8e31a0365ec30bbce3db3f07a95b1d861b6ceaa7657d7941f119d37e066",,"2025-01-05T18:06:00.000","20","NO CONTROLS","NO CONTROLS","CLEAR","DARKNESS","ANGLE","T-INTERSECTION",,"STRAIGHT AND LEVEL","DRY","NO DEFECTS","ON SCENE","NO INJURY / DRIVE AWAY","Y",,,"OVER $1,500","2025-01-05T18:15:00.000","DRIVING SKILLS/KNOWLEDGE/EXPERIENCE","DRIVING SKILLS/KNOWLEDGE/EXPERIENCE","10909","W","HIGGINS RD","1654",,,,,,,"2.0","1","NO INDICATION OF INJURY","0.0","0","0","0","0","2","0","18","1","X003682243",,,
"7d852551e7656f9db0c021a6ca85dc9d599efaad95bef9c064c366dcadf11c9269e77ddd2db8df423d74bdb8f823524bf898b0b6300824255df0196522bf84fe",,"2025-01-16T21:00:00.000","25","NO CONTROLS","UNKNOWN","CLOUDY/OVERCAST","DARKNESS, LIGHTED ROAD","ANGLE","PARKING LOT",,"STRAIGHT AND LEVEL","WET","UNKNOWN","ON SCENE","NO INJURY / DRIVE AWAY",,,"Y","$501 - $1,500","2025-01-16T21:01:00.000","UNABLE TO DETERMINE","NOT APPLICABLE","1","W","PARKING LOT D ST","1654",,,,,,,"2.0","1","NO INDICATION OF INJURY","0.0","0","0","0","0","3","0","21","5","X003697036",,,
"a74800402631613c43fde880952562407f64df72c1fcd8fb04a34038c13c60dbe00869c4152fe4f0f3057cd8dff6c6d7978000a5703fae041be9662744d8eebb",,"2025-01-21T19:50:00.000","10","NO CONTROLS","NO CONTROLS","CLEAR","DARKNESS, LIGHTED ROAD","SIDESWIPE SAME DIRECTION","OTHER",,"STRAIGHT AND LEVEL","WET","NO DEFECTS","ON SCENE","NO INJURY / DRIVE AWAY",,,,"OVER $1,500","2025-01-21T19:55:00.000","FAILING TO YIELD RIGHT-OF-WAY","DRIVING SKILLS/KNOWLEDGE/EXPERIENCE","5","W","TERMINAL ST","1655",,,,,,,"2.0","1","NO INDICATION OF INJURY","0.0","0","0","0","0","2","0","19","3","X003700220",,,
"ad68a5497001f7a5c081cf76941314adcd14de4f1b6704917e4aec28681f1ca25b31bdc438df34e395131fdfbd3118bb3ff4e7e2ebc83d40a3ce11ab46304ab4",,"2025-01-12T07:41:00.000","40","NO CONTROLS","NO CONTROLS","SNOW","DAYLIGHT","FIXED OBJECT","DIVIDED - W/MEDIAN BARRIER",,"CURVE, LEVEL","WET","NO DEFECTS","ON SCENE","INJURY AND / OR TOW DUE TO CRASH",,,"Y","OVER $1,500","2025-01-12T07:41:00.000","FAILING TO REDUCE SPEED TO AVOID CRASH","NOT APPLICABLE","6258","S","LAKE SHORE DR","331",,,,,,,"1.0","1","NO INDICATION OF INJURY","0.0","0","0","0","0","1","0","7","1","X003688403",,,
"696c4255acf6a223851c7c1455c0478d7c34a43c8dbfb22a09149775cdb8fcf8d1a5d2bdd21c7f29b41fcd58b4bc7b18fb5a97b016282e572c14465ee7ae881c",,"2025-01-25T13:45:00.000","25","NO CONTROLS","NO CONTROLS","CLEAR","DAYLIGHT","REAR END","OTHER",,"STRAIGHT AND LEVEL","DRY","NO DEFECTS","NOT ON SCENE (DESK REPORT)","NO INJURY / DRIVE AWAY",,,,"OVER $1,500","2025-01-25T15:15:00.000","FOLLOWING TOO CLOSELY","DRIVING SKILLS/KNOWLEDGE/EXPERIENCE","2","W","TERMINAL ST","1652",,,,,,,"2.0","1","NO INDICATION OF INJURY","0.0","0","0","0","0","2","0","13","7","X003703331",,,
"465e06c2eca0bcbaeb7bf2dfaa43b8dc5e0991ab7bec91d803b233bf8c2df7415681d0742b9e6f54ead600664d91a08256e7c2de6f323da7e9c28d6958f879e9",,"2025-01-14T11:30:00.000","30","NO CONTROLS","NO CONTROLS","CLEAR","DAYLIGHT","TURNING","NOT DIVIDED",,"STRAIGHT AND LEVEL","WET","NO DEFECTS","ON SCENE","NO INJURY / DRIVE AWAY",,,"Y","OVER $1,500","2025-01-14T11:40:00.000","UNABLE TO DETERMINE","UNABLE TO DETERMINE","4340","N","MANNHEIM RD","1654",,,,,,,"2.0","1","NO INDICATION OF INJURY","0.0","0","0","0","0","2","0","11","3","X003692222",,,
"092bf0997b2cb839c447122eb7014f947f5a9a17d56b43079b2f48dc57c407cd8178ed26e794344969e3c3677d0453fa02d71537f6a29920cd63d15dd1615fde",,"2021-05-08T02:20:00.000","20","NO CONTROLS","NO CONTROLS","CLEAR","DARKNESS, LIGHTED ROAD","FIXED OBJECT","RAMP",,"STRAIGHT AND LEVEL","DRY","NO DEFECTS","ON SCENE","NO INJURY / DRIVE AWAY",,"N",,"OVER $1,500","2021-05-08T02:20:00.000","IMPROPER BACKING","UNABLE TO DETERMINE","1","W","TERMINAL ST","1651",,"N",,,,,"1.0","5","NO INDICATION OF INJURY","0.0","0","0","0","0","1","0","2","7","X002230728",,,
"1cc2d0e912de78a6d6d62398895b3394a9f724e0ae083ebed5a49b0723a3e7aa8942f5db094bfef1cf76b1d4e84210206eeb1af3f8d0f9f93ab457302cb41e97",,"2021-05-09T09:50:00.000","55","OTHER","FUNCTIONING PROPERLY","RAIN","DAYLIGHT","FIXED OBJECT","DIVIDED - W/MEDIAN BARRIER",,"STRAIGHT ON GRADE","WET","NO DEFECTS","ON SCENE","INJURY AND / OR TOW DUE TO CRASH",,"Y",,"OVER $1,500","2021-05-09T09:51:00.000","DRIVING SKILLS/KNOWLEDGE/EXPERIENCE","NOT APPLICABLE","7301","S","CHICAGO SKYWAY IB","323",,,,,,,"1.0","5","NO INDICATION OF INJURY","0.0","0","0","0","0","2","0","9","1","X002235074",,,
"77429fd6a70b95d118ff7c5f501b16f0d422dbd26f6b36fb60effc717a01fcb7a927b00c43e75b6f502fdb39edad35fbd1f9409bb137e0bffdeb309cda080063",,"2021-05-04T17:30:00.000","30","TRAFFIC SIGNAL","UNKNOWN","CLEAR","DAYLIGHT","REAR END","NOT DIVIDED",,"STRAIGHT AND LEVEL","UNKNOWN","UNKNOWN","NOT ON SCENE (DESK REPORT)","NO INJURY / DRIVE AWAY","Y",,,"OVER $1,500","2021-05-04T17:30:00.000","UNABLE TO DETERMINE","UNABLE TO DETERMINE","3900","S","DAMEN AVE VIA","924",,,,,,,"2.0","5","NO INDICATION OF INJURY","0.0","0","0","0","0","2","0","17","3","X002227424",,,
"8dddc49d092ad914e9b02425722deb5f3bdfe5fec30a5a5108552dce688da5f9579d7002363a910921258ca63cdd4551ff3819d851820ee41ddab156a73589ec",,"2021-04-30T22:00:00.000","35","TRAFFIC SIGNAL","FUNCTIONING PROPERLY","CLEAR","DARKNESS","FIXED OBJECT","DIVIDED - W/MEDIAN (NOT RAISED)",,"STRAIGHT AND LEVEL","DRY","UNKNOWN","ON SCENE","INJURY AND / OR TOW DUE TO CRASH",,,"Y","OVER $1,500","2021-04-30T22:00:00.000","NOT APPLICABLE","NOT APPLICABLE","8300","S","COMMERCIAL AVE","424",,,,,,,"1.0","4","NO INDICATION OF INJURY","0.0","0","0","0","0","1","0","22","6","X002223987",,,
"b6574f4ffcbdb564f51dffb75888d7814af437a135f63e13ee786ce737737758b75ba1ac898c9f86ed5fc61a84a8b235f543249504edb8cddbd7cc8aae607b5c",,"2021-05-18T22:00:00.000","30","STOP SIGN/FLASHER","FUNCTIONING PROPERLY","RAIN","DARKNESS, LIGHTED ROAD","ANGLE","FOUR WAY",,"STRAIGHT AND LEVEL","WET","NO DEFECTS","ON SCENE","INJURY AND / OR TOW DUE TO CRASH","Y",,,"OVER $1,500","2021-05-18T22:00:00.000","WEATHER","UNABLE TO DETERMINE","850","W","OHARE ST","1654",,,,,,,"2.0","5","NONINCAPACITATING INJURY","1.0","0","0","1","0","1","0","22","3","X002241624",,,
"b03ecc01cdfef593386d918b885a8ee8711bc8b1ec9e6b7b875fd342719eb8e23499b485d512eac86b4c3511ffc2ec45a27ab4cb17a0c7cb89000a41cafc2d28",,"2021-05-14T15:00:00.000","30","NO CONTROLS","NO CONTROLS","CLEAR","DAYLIGHT","PARKED MOTOR VEHICLE","ONE-WAY",,"STRAIGHT AND LEVEL","DRY","UNKNOWN","ON SCENE","NO INJURY / DRIVE AWAY",,,,"OVER $1,500","2021-05-14T15:09:00.000","IMPROPER BACKING","NOT APPLICABLE","2","W","DELAWARE PL","1832",,,,,,,"2","5","NO INDICATION OF INJURY","0","0","0","0","0","1","0","15","6","X002237803","41.8992486496","-87.6283465652","POINT (-87.628346565193 41.899248649591)"
"033b42a17092aee2c199f53d6aafbaa129cd62b7f8b91b7d10bc9511a80f0c29df4f2e33f35bc2ceee6aef02f6625208d481a3c423a4a902de5177a89b3a333b",,"2021-04-29T18:00:00.000","30","NO CONTROLS","NO CONTROLS","CLEAR","DAYLIGHT","SIDESWIPE SAME DIRECTION","OTHER",,"STRAIGHT AND LEVEL","DRY","UNKNOWN","ON SCENE","NO INJURY / DRIVE AWAY",,,,"$501 - $1,500","2021-04-29T18:03:00.000","FAILING TO YIELD RIGHT-OF-WAY","NOT APPLICABLE","3","W","TERMINAL ST","1653",,,,,,,"2.0","4","NO INDICATION OF INJURY","0.0","0","0","0","0","4","0","18","5","X002223113",,,
"99f9359ca5821d8cdc6dc6d6531d6e8d3f4ee8b3c0d2dc9230f89e70753252e2454e39e4d8d5f7accae14dc24d53dd578ffd457cc7f02f5a0ae89781137c8e9a",,"2021-05-19T07:00:00.000","25","NO CONTROLS","NO CONTROLS","CLOUDY/OVERCAST","DAYLIGHT","SIDESWIPE SAME DIRECTION","ONE-WAY",,"STRAIGHT AND LEVEL","DRY","NO DEFECTS","ON SCENE","NO INJURY / DRIVE AWAY",,,,"OVER $1,500","2021-05-19T07:00:00.000","FAILING TO YIELD RIGHT-OF-WAY","DRIVING SKILLS/KNOWLEDGE/EXPERIENCE","3","W","TERMINAL ST","1653",,,,,,,"2.0","5","NO INDICATION OF INJURY","0.0","0","0","0","0","2","0","7","4","X002241839",,,
"5528744bc602d659cb5431439fb625c024582f4bb23ae969a102d720d6a84db205a3e7a8b109206660e9d690aba76ee89d84284221002f6c8078c0c39930d92e","Y","2021-05-23T17:40:00.000","30","NO CONTROLS","NO CONTROLS","CLOUDY/OVERCAST","DAYLIGHT","REAR END","ONE-WAY",,"STRAIGHT AND LEVEL","DRY","NO DEFECTS","ON SCENE","NO INJURY / DRIVE AWAY",,,"Y","$501 - $1,500","2021-05-23T17:44:00.000","UNABLE TO DETERMINE","UNABLE TO DETERMINE","3","W","TERMINAL ST","1653",,,,,,,"2.0","5","NO INDICATION OF INJURY","0.0","0","0","0","0","2","0","17","1","X002246336",,,
"971be68174e6f72288c92b8dc85fe5054682e3a18efa523f88286a16eac55baf9c3fca538970bfd6d14afb6afe52d8021bce002b325a42b8ae33762450fe5ef0",,"2021-05-13T11:09:00.000","35","OTHER WARNING SIGN","FUNCTIONING PROPERLY","CLEAR","DAYLIGHT","REAR TO FRONT","DIVIDED - W/MEDIAN BARRIER",,"CURVE, LEVEL","DRY","NO DEFECTS","ON SCENE","NO INJURY / DRIVE AWAY",,"Y",,"OVER $1,500","2021-05-13T11:10:00.000","IMPROPER BACKING","DRIVING SKILLS/KNOWLEDGE/EXPERIENCE","8800","S","CHICAGO SKYWAY OB","412",,,,,,,"2.0","5","NO INDICATION OF INJURY","0.0","0","0","0","0","3","0","11","5","X002237280",,,
"5e5e7092c4cc3149516b9f759475706da5a02b723723c190d1e86f8be60c3a73b9d0d7ddd99500fca122c848ae0eb98482e90839697f5c633a608d1bc712baa8",,"2021-06-04T14:30:00.000","30","NO CONTROLS","NO CONTROLS","CLEAR","DAYLIGHT","REAR END","DIVIDED - W/MEDIAN (NOT RAISED)",,"STRAIGHT AND LEVEL","DRY","NO DEFECTS","NOT ON SCENE (DESK REPORT)","NO INJURY / DRIVE AWAY",,,,"OVER $1,500","2021-06-04T23:48:00.000","DISTRACTION - FROM INSIDE VEHICLE","DISTRACTION - FROM INSIDE VEHICLE","2968","S","CALIFORNIA AVE","1033",,,,,,,"2.0","6","NO INDICATION OF INJURY","0.0","0","0","0","0","2","0","14","6","X002259855",,,
"d2b0e3d24e5f78de4a73c201b472bd17f9e0194d701824a0618e040a373dc7ce4ba3eccb904c2bc3c32f64a47fa09ea153d7067c97390423c761ad7c73413801",,"2021-05-16T20:40:00.000","15","NO CONTROLS","NO CONTROLS","CLEAR","DAWN","REAR TO FRONT","PARKING LOT",,"STRAIGHT AND LEVEL","DRY","NO DEFECTS","ON SCENE","NO INJURY / DRIVE AWAY",,,,"$500 OR LESS","2021-05-16T20:40:00.000","DISTRACTION - FROM OUTSIDE VEHICLE","NOT APPLICABLE","6259","S","LAKE SHORE DR","331",,"N",,,,,"2.0","5","NO INDICATION OF INJURY","0.0","0","0","0","0","3","0","20","1","X002239302",,,
"c9eba1a869eda8830e82f36732fdba6a7e8cf188a33f3f2566128ec4620afeac3d557e61585cd37ea2396195098cbf130a5e819a0b0c09e445f4f56371f6e216",,"2021-06-10T21:27:00.000","15","NO CONTROLS","NO CONTROLS","CLEAR","DARKNESS, LIGHTED ROAD","ANGLE","ONE-WAY",,"STRAIGHT AND LEVEL","DRY","NO DEFECTS","ON SCENE","NO INJURY / DRIVE AWAY",,,,"OVER $1,500","2021-06-10T21:27:00.000","FAILING TO YIELD RIGHT-OF-WAY","UNABLE TO DETERMINE","1","S","MIDWAY ST","813",,,,,,,"2.0","6","NO INDICATION OF INJURY","0.0","0","0","0","0","2","0","21","5","X002268856",,,
"a2f19cd62d71e432b00c48db2132becee2375d6d5946681b8661b73aa7178e72c48830a74ad4724fbb8755e5d55b78d653281a1b70e27b74eb002dfd0a79caf6",,"2021-05-03T08:30:00.000","10","NO CONTROLS","NO CONTROLS","CLEAR","DAYLIGHT","REAR TO SIDE","PARKING LOT",,"STRAIGHT AND LEVEL","DRY","NO DEFECTS","NOT ON SCENE (DESK REPORT)","NO INJURY / DRIVE AWAY",,,,"OVER $1,500","2021-05-11T16:45:00.000","FAILING TO YIELD RIGHT-OF-WAY","UNABLE TO DETERMINE","8716","S","WALLACE ST","2223",,,,,,,"2.0","5","NO INDICATION OF INJURY","0.0","0","0","0","0","2","0","8","2","X002234452","41.735367667","-87.6388790407","POINT (-87.638879040659 41.73536766705)"
"83440effaf00c4386b0f3b4b884e6f3c653f23343d791a1062dc09aa5820f833e77056cc117840063f45b8617a5f194810a58fab331780f0ffbe5ed7333899cc",,"2021-05-03T16:21:00.000","30","NO CONTROLS","NO CONTROLS","CLEAR","DAYLIGHT","REAR END","DIVIDED - W/MEDIAN (NOT RAISED)",,"STRAIGHT ON GRADE","DRY","NO DEFECTS","ON SCENE","INJURY AND / OR TOW DUE TO CRASH","Y",,,"OVER $1,500","2021-05-03T16:23:00.000","DISTRACTION - FROM OUTSIDE VEHICLE","UNABLE TO DETERMINE","1937","S","CANAL ST","1235",,,,,,,"3.0","5","NONINCAPACITATING INJURY","1.0","0","0","1","0","3","0","16","2","X002226269",,,
"7c630f709bc4f662858703400fe03c55e5e565cc27aabbf72c2a01cf53b977857a9f875436f9ee92736b772ffb50525eb38e3d802de744e55a6a77e63a2dbabe",,"2017-10-10T21:08:00.000","30","TRAFFIC SIGNAL","FUNCTIONING PROPERLY","RAIN","DARKNESS, LIGHTED ROAD","TURNING","ONE-WAY",,"STRAIGHT AND LEVEL","WET","NO DEFECTS","ON SCENE","INJURY AND / OR TOW DUE TO CRASH","Y",,,"$501 - $1,500","2017-10-10T21:15:00.000","WEATHER","FAILING TO YIELD RIGHT-OF-WAY","5500","S","WENTWORTH AVE","225",,,,,,,"2.0","10","NO INDICATION OF INJURY","0.0","0","0","0","0","2","0","21","3","X000937517",,,
"e14c45cc4b0043f3be1e4b5726ae126fd643e16bbd124f8af6adc910c220ca21478b16a0a0f2f95a64d7fadd7e4c8e8f0482bddc13810759373f583f1cfd673c",,"2025-02-13T16:13:00.000","30","TRAFFIC SIGNAL","FUNCTIONING PROPERLY","CLEAR","DAYLIGHT","TURNING","FIVE POINT, OR MORE",,"STRAIGHT AND LEVEL","SNOW OR SLUSH","NO DEFECTS","ON SCENE","NO INJURY / DRIVE AWAY","Y",,,"OVER $1,500","2025-02-13T16:13:00.000","UNABLE TO DETERMINE","NOT APPLICABLE","7100","S","EXCHANGE AVE","334",,,,,,,"2.0","2","NO INDICATION OF INJURY","0.0","0","0","0","0","2","0","16","5","X003723639",,,
"a99e41ee19512a429f2d9140860038fde34fcdd9929e32b4b5057e73c0fac0bda76408961bd956b3fb88baf1269614f91117f3ded5b9c13aa67d2672fcfb26b4",,"2024-12-26T11:44:00.000","30","TRAFFIC SIGNAL","FUNCTIONING PROPERLY","CLEAR","DAYLIGHT","SIDESWIPE SAME DIRECTION","FOUR WAY",,"STRAIGHT AND LEVEL","DRY","NO DEFECTS","ON SCENE","NO INJURY / DRIVE AWAY","Y",,,"$501 - $1,500","2024-12-26T11:58:00.000","FAILING TO YIELD RIGHT-OF-WAY","IMPROPER OVERTAKING/PASSING","5500","S","WENTWORTH AVE","225",,,,,,,"2.0","12","NO INDICATION OF INJURY","0.0","0","0","0","0","2","0","11","5","X003672858",,,
"eecfdace195079152635d324f6f5108399ab84195f984c2f9a9be6cf964e6059dd8dd6553a47186d7e1643590b0b647de87ee3a207a2bb5084b4c116eb990333",,"2025-02-07T13:15:00.000","10","NO CONTROLS","NO CONTROLS","CLEAR","DAYLIGHT","PARKED MOTOR VEHICLE","PARKING LOT",,"STRAIGHT AND LEVEL","DRY","NO DEFECTS","ON SCENE","NO INJURY / DRIVE AWAY",,,,"OVER $1,500","2025-02-07T13:20:00.000","IMPROPER BACKING","NOT APPLICABLE","517","W","OHARE ST","1654",,,,,,,"2.0","2","NO INDICATION OF INJURY","0.0","0","0","0","0","1","0","13","6","X003717482",,,
"c0f66711e5e1501f500972e4d9a655a5a4953ff6b58dbffb7361047147fd7257ea82849b9155afca04f7d53dae26d90911e290138c4d9067e5cb11361b78bb16",,"2025-02-08T07:30:00.000","30","NO CONTROLS","NO CONTROLS","CLEAR","DAYLIGHT","ANGLE","NOT DIVIDED",,"STRAIGHT AND LEVEL","DRY","UNKNOWN","ON SCENE","NO INJURY / DRIVE AWAY",,,,"OVER $1,500","2025-02-08T07:41:00.000","UNABLE TO DETERMINE","NOT APPLICABLE","856","E","40TH ST","214",,,,,,,"3","2","NO INDICATION OF INJURY","0","0","0","0","0","2","0","7","7","X003718822","41.8219136006","-87.6042466723","POINT (-87.604246672263 41.821913600645)"
"5df86900469a10a669f74a498a571b784f70f5451c72d9b6d167d8de8b1e5e1e40de6f6928d9f59ca7e94de9635aac2a429398bde0612d277aa781577fdd7c09",,"2024-12-27T06:58:00.000","30","TRAFFIC SIGNAL","UNKNOWN","UNKNOWN","UNKNOWN","TURNING","T-INTERSECTION",,"STRAIGHT AND LEVEL","UNKNOWN","UNKNOWN","NOT ON SCENE (DESK REPORT)","NO INJURY / DRIVE AWAY","Y",,"Y","$500 OR LESS","2024-12-28T16:30:00.000","UNABLE TO DETERMINE","NOT APPLICABLE","10000","W","BALMORAL AVE","1654",,,,,,,"2.0","12","NO INDICATION OF INJURY","0.0","0","0","0","0","2","0","6","6","X003674149",,,
"8dc7e169f6b89d1374a3ad8168ea0f9967707ac7e457fbd99f931c4a5d62d2cebcb311f96f86cb33aa04740185d6f904f54f08511765474cbe78b118e06b8ea5",,"2017-09-23T13:38:00.000","30","TRAFFIC SIGNAL","FUNCTIONING PROPERLY","CLEAR","DAYLIGHT","ANGLE","ONE-WAY","6","STRAIGHT ON GRADE","DRY","NO DEFECTS","ON SCENE","INJURY AND / OR TOW DUE TO CRASH","Y",,,"OVER $1,500","2017-09-23T13:40:00.000","UNABLE TO DETERMINE","UNABLE TO DETERMINE","5500","S","WENTWORTH AVE","225",,,,,,,"2.0","9","NO INDICATION OF INJURY","0.0","0","0","0","0","2","0","13","7","X000940771",,,
"472544476ed4a0583600edfb2d45667a4822cd362e7969f16297dc2fadb5490603851350a423b3fb709a46f6894bddcea9ec08eea6d57c50aa11f632707a80a3",,"2025-02-12T09:45:00.000","30","NO CONTROLS","NO CONTROLS","CLEAR","DAYLIGHT","REAR END","NOT DIVIDED",,"STRAIGHT AND LEVEL","WET","NO DEFECTS","NOT ON SCENE (DESK REPORT)","NO INJURY / DRIVE AWAY",,,,"OVER $1,500","2025-02-12T10:13:00.000","UNABLE TO DETERMINE","UNABLE TO DETERMINE","3100","N","CLARK ST","1934",,,,,,,"2.0","2","NO INDICATION OF INJURY","0.0","0","0","0","0","2","0","9","4","X003721626",,,
"934041db2323b2afb3e745e9e2cd78daab6420a639f316a13299390f5918990f8b79949791f0721be4116ecbcf1016cc608aa0455d56f16f5cea7786c688f523",,"2025-01-23T11:30:00.000","15","NO CONTROLS","NO CONTROLS","CLEAR","DAYLIGHT","SIDESWIPE SAME DIRECTION","PARKING LOT",,"STRAIGHT AND LEVEL","DRY","NO DEFECTS",,"NO INJURY / DRIVE AWAY",,,,"OVER $1,500","2025-01-23T11:45:00.000","UNABLE TO DETERMINE","NOT APPLICABLE","524","W","OHARE ST","1654",,,,,,,"2.0","1","NO INDICATION OF INJURY","0.0","0","0","0","0","2","0","11","5","X003702424",,,
"8032b8cdc11f17bc5dbaae6f6b2cc8002097b28cdd7db2c914ed6080d59196b13fcb84faa77bcc5305bec639cb3564e992d5ed0534d3f8b887362b32c27d3c8c",,"2025-01-31T16:44:00.000","30","NO CONTROLS","NO CONTROLS","CLEAR","DAYLIGHT","PARKED MOTOR VEHICLE","OTHER",,"STRAIGHT AND LEVEL","DRY","NO DEFECTS","ON SCENE","NO INJURY / DRIVE AWAY",,,,"OVER $1,500","2025-01-31T16:55:00.000","UNABLE TO DETERMINE","NOT APPLICABLE","5","W","TERMINAL ST","1655",,,,,,,"2.0","1","NO INDICATION OF INJURY","0.0","0","0","0","0","1","0","16","6","X003709991",,,
"4253af452fbdc508ed2ae579022edff057347d507505ee64eb42c2e6fb552cf15c3864562716e7b996a0c27ad19787f7af507ef5fef1a2256b3117402431b769",,"2021-05-09T07:15:00.000","20","NO CONTROLS","NO CONTROLS","RAIN","DAYLIGHT","FIXED OBJECT","NOT DIVIDED",,"STRAIGHT AND LEVEL","WET","NO DEFECTS","ON SCENE","NO INJURY / DRIVE AWAY",,,,"$501 - $1,500","2021-05-09T07:17:00.000","UNABLE TO DETERMINE","NOT APPLICABLE","1","W","PARKING LOT D ST","1654",,,,,,,"1.0","5","NO INDICATION OF INJURY","0.0","0","0","0","0","1","0","7","1","X002232853",,,
"d503008406ecfeab34da76375794b4be19bf4821841df55b7df285ba3942eab2ff0739d8c1dd492544cfca053b0ac6cfd648a05fcb618c3273265b2f6d90dbc9",,"2021-05-08T23:30:00.000","30","TRAFFIC SIGNAL","FUNCTIONING PROPERLY","RAIN","DARKNESS, LIGHTED ROAD","ANGLE","FOUR WAY",,"STRAIGHT AND LEVEL","WET","NO DEFECTS","ON SCENE","INJURY AND / OR TOW DUE TO CRASH","Y",,"Y","OVER $1,500","2021-05-08T23:30:00.000","FAILING TO REDUCE SPEED TO AVOID CRASH","OPERATING VEHICLE IN ERRATIC, RECKLESS, CARELESS, NEGLIGENT OR AGGRESSIVE MANNER","500","S","SACRAMENTO BLVD","1134","Y","Y",,,,,"2.0","5","REPORTED, NOT EVIDENT","1.0","0","0","0","1","2","0","23","7","X002231465",,,
"20359a28bd31d82e42bf48e3b457737e6831a442073891eb05ec332528f70eb5f63be1b35d3367f6374298bd273f4926da1787f27382607db7bc72ded46588bf",,"2021-05-04T07:30:00.000","30","NO CONTROLS","NO CONTROLS","CLEAR","DAYLIGHT","PARKED MOTOR VEHICLE","NOT DIVIDED",,"STRAIGHT AND LEVEL","DRY","UNKNOWN","NOT ON SCENE (DESK REPORT)","NO INJURY / DRIVE AWAY",,,"Y","OVER $1,500","2021-05-04T10:04:00.000","UNABLE TO DETERMINE","NOT APPLICABLE","599","S","MILLARD AVE","1133",,,,,,,"2.0","5","NO INDICATION OF INJURY","0.0","0","0","0","0","1","0","7","3","X002227040",,,
"e796871ba4875e404514279e55c5c6ccb48238804d5c941ec3a01e6db852e05c9ae9a49f82ea5f717aea8617925a0ab36e4edfec3c146147da15bc66ee1a8f20",,"2021-04-30T21:47:00.000","30","NO CONTROLS","NO CONTROLS","CLEAR","DARKNESS, LIGHTED ROAD","PARKED MOTOR VEHICLE","NOT DIVIDED",,"STRAIGHT ON GRADE","DRY","UNKNOWN","ON SCENE","NO INJURY / DRIVE AWAY",,,,"$500 OR LESS","2021-04-30T21:56:00.000","UNABLE TO DETERMINE","UNABLE TO DETERMINE","4007","W","24TH PL","1013",,,,,,,"3","4",,,,,,,,,"21","6","X002224340","41.846880416","-87.7249697968","POINT (-87.724969796799 41.846880415952)"
"778140540913d8f5ce04c2bd0308a3074c19da50ddb740e2932c70506db3f487f4459cb71b48603b4490970be710c4bccee8ab3a73007abd2059c344aaa0ef87",,"2021-06-13T19:00:00.000","25","NO CONTROLS","NO CONTROLS","CLEAR","DAYLIGHT","SIDESWIPE SAME DIRECTION","ONE-WAY",,"STRAIGHT AND LEVEL","DRY","UNKNOWN","NOT ON SCENE (DESK REPORT)","NO INJURY / DRIVE AWAY",,,,"OVER $1,500","2021-06-13T19:15:00.000","UNABLE TO DETERMINE","UNABLE TO DETERMINE","2","W","TERMINAL ST","1652",,,,,,,"2.0","6","NO INDICATION OF INJURY","0.0","0","0","0","0","2","0","19","1","X002270385",,,
"6a609ee55b28e5b5b8f3a9c428fc98f970c0a7911305b8b1ab777c7a9ca9c4cdcce439b6ae146ce143abb391da37d20cd4d42ddecfd6272eb5d262688945a2c1","Y","2021-05-21T08:50:00.000","30","UNKNOWN","UNKNOWN","CLEAR","DAYLIGHT","SIDESWIPE SAME DIRECTION","UNKNOWN",,"STRAIGHT AND LEVEL","DRY","UNKNOWN","NOT ON SCENE (DESK REPORT)","NO INJURY / DRIVE AWAY",,,,"$501 - $1,500","2021-05-21T16:00:00.000","UNABLE TO DETERMINE","UNABLE TO DETERMINE","360","W","LOWER WACKER DR","122",,,,,,,"2.0","5","NO INDICATION OF INJURY","0.0","0","0","0","0","2","0","8","6","X002245183",,,
"881155f5184db73f2be76f232df5e46c3a961de6b2d6f14f1a26e41d58a4fecdc19fa4c196963315d75f8198cc6f5e2594f215ec712a0a2c96d4db208536ade2",,"2021-04-29T15:00:00.000","20","NO CONTROLS","NO CONTROLS","CLEAR","DAYLIGHT","REAR END","ONE-WAY",,"STRAIGHT AND LEVEL","DRY","NO DEFECTS","NOT ON SCENE (DESK REPORT)","NO INJURY / DRIVE AWAY",,,"Y","OVER $1,500","2021-04-29T19:31:00.000","UNABLE TO DETERMINE","UNABLE TO DETERMINE","5500","S","WENTWORTH AVE","225",,,,,,,"2.0","4","NO INDICATION OF INJURY","0.0","0","0","0","0","2","0","15","5","X002222550",,,
"8b559c23577f249450d7fc86f411c84ad2cc13463e00fd55220c5e3898ff369df6a08d293a61adf3eeb0a229168a21d1c34cf41795ebfb3ed465f7e87442eacd",,"2021-06-04T08:00:00.000","35","NO CONTROLS","NO CONTROLS","CLEAR","DAYLIGHT","SIDESWIPE SAME DIRECTION","RAMP",,"STRAIGHT ON GRADE","DRY","UNKNOWN","NOT ON SCENE (DESK REPORT)","NO INJURY / DRIVE AWAY",,,,"OVER $1,500","2021-06-04T08:15:00.000","IMPROPER OVERTAKING/PASSING","OPERATING VEHICLE IN ERRATIC, RECKLESS, CARELESS, NEGLIGENT OR AGGRESSIVE MANNER","5500","S","WENTWORTH AVE","225",,,,,,,"2.0","6","NO INDICATION OF INJURY","0.0","0","0","0","0","2","0","8","6","X002258998",,,
"1784740117160c0daaf8d6c19b2b4f3043e78a1679a9519204966b193f45e37a687af6c626c15e2da40be4b8622051f65a740465a425824b6b7625176992afbd",,"2021-05-29T14:27:00.000","30","TRAFFIC SIGNAL","FUNCTIONING IMPROPERLY","CLEAR","DAYLIGHT","PEDALCYCLIST","FOUR WAY",,"STRAIGHT AND LEVEL","DRY","NO DEFECTS","ON SCENE","NO INJURY / DRIVE AWAY","Y",,"Y","$500 OR LESS","2021-05-29T14:30:00.000","FAILING TO YIELD RIGHT-OF-WAY","FAILING TO YIELD RIGHT-OF-WAY","2199","E","HAYES DR","331",,,,,,,"2.0","5","NO INDICATION OF INJURY","0.0","0","0","0","0","2","0","14","7","X002253057",,,
"d2fffcb08ea5e96762672ba66e74489d47f365415c076334209b1a43ea354c790f2222884454f264c4a3780ef78a5cf38f4f9f367040e220f0b481dd1024580b",,"2021-05-19T16:41:00.000","30","TRAFFIC SIGNAL","FUNCTIONING PROPERLY","CLOUDY/OVERCAST","DAYLIGHT","TURNING","NOT DIVIDED",,"STRAIGHT ON GRADE","DRY","NO DEFECTS","ON SCENE","INJURY AND / OR TOW DUE TO CRASH","Y",,,"OVER $1,500","2021-05-19T16:41:00.000","IMPROPER TURNING/NO SIGNAL","NOT APPLICABLE","5900","S","WENTWORTH AVE","232",,,,,,,"2.0","5","NO INDICATION OF INJURY","0.0","0","0","0","0","4","0","16","4","X002242488",,,
"c77f564e535edd303dd9b7dcfa5cb0c619b657dbf4d41f710fb595552624740ab347d026312be96b112829d05d986314b743d1753d4e3e6dee9f8b56bd72fc50",,"2021-05-06T07:00:00.000","15","NO CONTROLS","NO CONTROLS","RAIN","DAYLIGHT","REAR TO SIDE","PARKING LOT",,"STRAIGHT AND LEVEL","WET","NO DEFECTS","ON SCENE","NO INJURY / DRIVE AWAY",,,,"$500 OR LESS","2021-05-06T07:11:00.000","IMPROPER BACKING","NOT APPLICABLE","1380","W","LAKE ST","1215",,,,,,,"2","5","NO INDICATION OF INJURY","0","0","0","0","0","2","0","7","5","X002229180","41.885535212","-87.6618972478","POINT (-87.66189724784 41.885535211997)"
"54121470f3e9c419a66dcd06020fad743259cf4b808312c2b81eae6062d84d1f875be9012c3014085469db65203a703862195906f5ff77fbeaeae7961a03a740",,"2021-06-09T17:32:00.000","35","TRAFFIC SIGNAL","FUNCTIONING PROPERLY","CLEAR","DAYLIGHT","REAR END","DIVIDED - W/MEDIAN BARRIER",,"STRAIGHT AND LEVEL","DRY","NO DEFECTS","ON SCENE","INJURY AND / OR TOW DUE TO CRASH","Y",,,"OVER $1,500","2021-06-09T17:32:00.000","IMPROPER LANE USAGE","FAILING TO REDUCE SPEED TO AVOID CRASH","6299","S","LAKE SHORE DR","331",,,,,,,"5.0","6","INCAPACITATING INJURY","2.0","0","1","1","0","5","0","17","4","X002265303",,,
"7bbb3d93183c2cbf54170034cd5a0ba2fed98cad769ae72fd0e67f4dc1c6aa7c800623cd593451cf22a3d88931a56729df4358e31e54090bf5b4307e7b83ca90",,"2021-04-27T21:29:00.000","30","TRAFFIC SIGNAL","FUNCTIONING PROPERLY","CLEAR","DARKNESS, LIGHTED ROAD","TURNING","DIVIDED - W/MEDIAN (NOT RAISED)",,"STRAIGHT AND LEVEL","DRY","NO DEFECTS","ON SCENE","INJURY AND / OR TOW DUE TO CRASH",,,,"OVER $1,500","2021-04-27T21:40:00.000","EQUIPMENT - VEHICLE CONDITION","UNABLE TO DETERMINE","3100","N","HALSTED ST","1933",,,,,,,"2.0","4","NONINCAPACITATING INJURY","2.0","0","0","2","0","1","0","21","3","X002221171",,,
"2b8cc179bb8017909ed317138cbc8e5c794bca6492301406c57482b17d0ff73761d9cbb7354bb5626f9d50d808df1ef79603833b778c75e4d61544c300cf00d8",,"2021-04-28T09:25:00.000","15","NO CONTROLS","NO CONTROLS","CLOUDY/OVERCAST","DAYLIGHT","TURNING","PARKING LOT",,"STRAIGHT AND LEVEL","DRY","NO DEFECTS","ON SCENE","INJURY AND / OR TOW DUE TO CRASH",,,,"OVER $1,500","2021-04-28T09:26:00.000","UNABLE TO DETERMINE","NOT APPLICABLE","804","W","OHARE ST","1654",,,,,,,"2.0","4","REPORTED, NOT EVIDENT","1.0","0","0","0","1","1","0","9","4","X002221763",,,
"18f0fea3226ee749c0dfb024685cc2b4a88d600f5e4e89aa8628fc57e551a869dd24326bed5da2c8c602e712d697bb8683454e5632983a1de6b0b5943db8b5ca",,"2021-04-29T14:18:00.000","30","TRAFFIC SIGNAL","FUNCTIONING PROPERLY","CLEAR","DAYLIGHT","SIDESWIPE SAME DIRECTION","DIVIDED - W/MEDIAN BARRIER",,"STRAIGHT AND LEVEL","DRY","NO DEFECTS","ON SCENE","NO INJURY / DRIVE AWAY",,,"Y","OVER $1,500","2021-04-29T14:47:00.000","FAILING TO YIELD RIGHT-OF-WAY","IMPROPER LANE USAGE","5528","N","HARLEM AVE","1613",,,,,,,"2.0","4","NO INDICATION OF INJURY","0.0","0","0","0","0","2","0","14","5","X002222408",,,
"e6bdca496a20ca4447a3db8ed1c03d843e8ee3273dff99fa71a7ea27ddda2d7e70df32aed6139c49d77fc619085e00cc28ce1d58e956750c6a5c4af1e060f364",,"2021-06-14T13:00:00.000","25","NO CONTROLS","NO CONTROLS","CLEAR","DAYLIGHT","SIDESWIPE SAME DIRECTION","ONE-WAY",,"CURVE, LEVEL","DRY","SHOULDER DEFECT","ON SCENE","NO INJURY / DRIVE AWAY",,,,"OVER $1,500","2021-06-14T13:01:00.000","IMPROPER LANE USAGE","NOT APPLICABLE","100","W","OUTER ARRIVAL DR IB","1654",,,,,,,"2.0","6","NO INDICATION OF INJURY","0.0","0","0","0","0","3","0","13","2","X002272595",,,
"c276de16b372cf1a336b37f1e50e44e24be200d6d70fa16b6ad8bfcf381840ad455e5dee668c33684146460f67a72f12410006fb77c973da9e7d8682765cadc7",,"2021-06-09T17:10:00.000","30","UNKNOWN","UNKNOWN","UNKNOWN","UNKNOWN","ANGLE","UNKNOWN",,"STRAIGHT AND LEVEL","UNKNOWN","UNKNOWN","NOT ON SCENE (DESK REPORT)","NO INJURY / DRIVE AWAY",,,,"OVER $1,500","2021-06-09T18:00:00.000","UNABLE TO DETERMINE","NOT APPLICABLE","8200","W","IRVING PARK RD","1614",,,,,,,"2","6","NO INDICATION OF INJURY","0","0","0","0","0","3","0","17","4","X002267697","41.9522720254","-87.8318594683","POINT (-87.831859468272 41.9522720254)"
"daeef31b74d6690d9e71f18c71d86a61b98dae4c03aed8923a78e6d85aabb3ab8873894a0ae969ac2757e73fb3eeb57c18b8571a52f31b7da41d546ba33a8c44",,"2021-06-04T07:05:00.000","15","NO CONTROLS","NO CONTROLS","CLEAR","DAYLIGHT","TURNING","PARKING LOT",,"STRAIGHT ON GRADE","DRY","NO DEFECTS","ON SCENE","NO INJURY / DRIVE AWAY","Y",,,"OVER $1,500","2021-06-04T07:15:00.000","FAILING TO YIELD RIGHT-OF-WAY","IMPROPER TURNING/NO SIGNAL","1","W","PARKING LOT C ST","1654",,,,,,,"2.0","6","NO INDICATION OF INJURY","0.0","0","0","0","0","2","0","7","6","X002260015",,,
"57c26c1e5f1db68e69e757c0d876131ba4ca7fbfe9d2fb74737dd0a3b46874ecd74998013adf916e7d176d92266dbc3359be732601636624fc472d21c65d5aa7",,"2021-04-25T21:28:00.000","5","NO CONTROLS","NO CONTROLS","CLEAR","DARKNESS, LIGHTED ROAD","FIXED OBJECT","PARKING LOT",,"STRAIGHT AND LEVEL","DRY","NO DEFECTS","ON SCENE","NO INJURY / DRIVE AWAY",,,,"$500 OR LESS","2021-05-02T21:28:00.000","UNABLE TO DETERMINE","NOT APPLICABLE","524","W","OHARE ST","1654",,,,,,,"1.0","4","NO INDICATION OF INJURY","0.0","0","0","0","0","1","0","21","1","X002225142",,,
"28de90d7bebe07e859956a21e2031b776f5a264823de0bfe9376c04c21ed4ed593cb1e5187a0fa545106177abfd46f6415f9553314533d1854d1661868e81728",,"2021-06-09T13:55:00.000","25","STOP SIGN/FLASHER","FUNCTIONING PROPERLY","CLEAR","DAYLIGHT","SIDESWIPE SAME DIRECTION","NOT DIVIDED",,"CURVE ON GRADE","DRY","NO DEFECTS","NOT ON SCENE (DESK REPORT)","NO INJURY / DRIVE AWAY",,,,"OVER $1,500","2021-06-10T14:00:00.000","IMPROPER OVERTAKING/PASSING","IMPROPER BACKING","523","W","OHARE ST","1654",,,,,,,"2.0","6","NO INDICATION OF INJURY","0.0","0","0","0","0","2","0","13","4","X002266620",,,
"dd3d7f8809b49491797c2419925c04758a5380f5be09c5943b20ca41784b2cc9f7363319377006087d0bdc9e29165802642f5e16b6045c99bea6416899d2df79",,"2021-05-07T12:30:00.000","15","NO CONTROLS","NO CONTROLS","CLEAR","DAYLIGHT","PARKED MOTOR VEHICLE","NOT DIVIDED",,"STRAIGHT AND LEVEL","DRY","NO DEFECTS","ON SCENE","NO INJURY / DRIVE AWAY",,"Y",,"$501 - $1,500","2021-05-07T12:52:00.000","UNABLE TO DETERMINE","UNABLE TO DETERMINE","516","W","OHARE ST","1654",,,,,,,"2.0","5","NO INDICATION OF INJURY","0.0","0","0","0","0","2","0","12","6","X002230437",,,
"d5bd603c494271cf5de296e971da567e49470196137e1d658923d72da70c980abbe93ed2c7aad754c6020eb712cded78fd30f65cae1bb916ee90e425c2d74f97",,"2021-05-25T12:52:00.000","30","NO CONTROLS","NO CONTROLS","CLEAR","DAYLIGHT","PARKED MOTOR VEHICLE","OTHER",,"STRAIGHT AND LEVEL","UNKNOWN","UNKNOWN","ON SCENE","NO INJURY / DRIVE AWAY",,,,"OVER $1,500","2021-05-25T12:54:00.000","UNABLE TO DETERMINE","UNABLE TO DETERMINE","2643","N","CLARK ST","1935",,,,,,,"2","5",,,,,,,,,"12","3","X002248647","41.9307787217","-87.6437819717","POINT (-87.64378197171 41.930778721657)"
"fee32dbbad9fb1d92013682a5e83f8bf98a919d3170d6ad80552a3287afae073b062392bf1e4d5829d9e0be05e93e2b856a342bf0b652cc14527bcbaf968ca50",,"2021-06-14T01:00:00.000","30","TRAFFIC SIGNAL","FUNCTIONING PROPERLY","CLEAR","DARKNESS, LIGHTED ROAD","REAR END","FOUR WAY",,"STRAIGHT AND LEVEL","DRY","NO DEFECTS","ON SCENE","INJURY AND / OR TOW DUE TO CRASH","Y",,,"OVER $1,500","2021-06-14T01:03:00.000","FAILING TO REDUCE SPEED TO AVOID CRASH","FAILING TO REDUCE SPEED TO AVOID CRASH","7198","W","ARCHER AVE","811",,,,,,,"2.0","6","NO INDICATION OF INJURY","0.0","0","0","0","0","3","0","1","2","X002269702",,,
"77cd20a352b89669efed93e471ea06ffe68507f7b93419d0a962aa14d917d372c4e5e3e7b57124af3491ddf1ac7ae80a6954bcfd20f70bf860a95f4ad83e6f11",,"2021-04-29T13:50:00.000","30","NO CONTROLS","NO CONTROLS","CLEAR","DAYLIGHT","SIDESWIPE SAME DIRECTION","ONE-WAY",,"STRAIGHT AND LEVEL","DRY","UNKNOWN","NOT ON SCENE (DESK REPORT)","NO INJURY / DRIVE AWAY",,,,"OVER $1,500","2021-04-29T14:30:00.000","FOLLOWING TOO CLOSELY","UNABLE TO DETERMINE","3","W","TERMINAL ST","1653",,,,,,,"2.0","4","NO INDICATION OF INJURY","0.0","0","0","0","0","2","0","13","5","X002223115",,,
"5599e1ba0451cbc2681fabc2ff94ffc89437f5aae3a6de5c095892db985b74844a4637f2942e3f7ca29969231252502bc36b6913b212aa740ad1c3b223339361",,"2021-05-01T10:45:00.000","30","NO CONTROLS","NO CONTROLS","CLEAR","DAYLIGHT","SIDESWIPE SAME DIRECTION","ONE-WAY",,"STRAIGHT AND LEVEL","DRY","NO DEFECTS","ON SCENE","NO INJURY / DRIVE AWAY",,,,"$500 OR LESS","2021-05-01T10:48:00.000","IMPROPER LANE USAGE","NOT APPLICABLE","1","W","TERMINAL ST","1651",,,,,,,"2.0","5","NO INDICATION OF INJURY","0.0","0","0","0","0","2","0","10","7","X002224551",,,
"f938ede836d69b23dbeb97c478e8e794cb1d5c1da101fd517b705acff2d80fdb319086b86fc9ea998aabbe3d7aa97ccb3ad8813ed28b526b80ebbb1242b45099",,"2021-04-28T09:45:00.000","30","TRAFFIC SIGNAL","FUNCTIONING PROPERLY","CLOUDY/OVERCAST","DAYLIGHT","REAR END","RAMP",,"CURVE, LEVEL","DRY","NO DEFECTS","ON SCENE","NO INJURY / DRIVE AWAY",,,,"OVER $1,500","2021-04-28T09:47:00.000","FOLLOWING TOO CLOSELY","DRIVING SKILLS/KNOWLEDGE/EXPERIENCE","102","W","I190 EXPY","1654",,,,,,,"2.0","4","NO INDICATION OF INJURY","0.0","0","0","0","0","3","0","9","4","X002221764",,,
"ba6e8cc67344c713510aa6ff7ce81e04b310a59c3222ed168cb8101af70ad68c6aba270437ab9e3823d8acd9096a6dda93e25a7391493b1acd07a09bb98aa1bc",,"2021-05-13T13:50:00.000","15","NO CONTROLS","NO CONTROLS","CLEAR","DAYLIGHT","REAR TO REAR","PARKING LOT",,"STRAIGHT AND LEVEL","DRY","NO DEFECTS","ON SCENE","NO INJURY / DRIVE AWAY",,,,"$500 OR LESS","2021-05-13T13:55:00.000","IMPROPER BACKING","NOT APPLICABLE","1","W","PARKING LOT B ST","1654",,,,,,,"2.0","5","NO INDICATION OF INJURY","0.0","0","0","0","0","2","0","13","5","X002237024",,,
"c49a6e79e2f19118486fbc4bf22767f9b0fe751e67228fa36d29b557f7b2616d91eec7f673787b1fc3384bfda521ce00a79cbacd41f49a96fed761fb65a476c1",,"2021-06-10T15:10:00.000","10","NO CONTROLS","NO CONTROLS","CLEAR","DAYLIGHT","SIDESWIPE SAME DIRECTION","NOT DIVIDED",,"STRAIGHT AND LEVEL","DRY","NO DEFECTS","ON SCENE","NO INJURY / DRIVE AWAY",,,,"$501 - $1,500","2021-06-10T15:11:00.000","DRIVING SKILLS/KNOWLEDGE/EXPERIENCE","NOT APPLICABLE","1","W","PARKING LOT A ST","1654",,,,,,,"2.0","6","NO INDICATION OF INJURY","0.0","0","0","0","0","2","0","15","5","X002266619",,,
"b3d2ba9aeb834b567ff3489aa68eedd7594d689d52c06b3a3e93042a5c80d3fe15d008a03c459952d31e8a906124a4f73db88765eda6b58cf398f5a04c0ec89e",,"2021-07-10T08:14:00.000","30","TRAFFIC SIGNAL","FUNCTIONING PROPERLY","CLEAR","DAYLIGHT","REAR END","DIVIDED - W/MEDIAN (NOT RAISED)",,"STRAIGHT AND LEVEL","WET","NO DEFECTS","NOT ON SCENE (DESK REPORT)","NO INJURY / DRIVE AWAY","Y",,,"$500 OR LESS","2021-07-10T17:00:00.000","FOLLOWING TOO CLOSELY","UNABLE TO DETERMINE","4323","W","ADDISON ST","1731",,,,,,,"2.0","7","NO INDICATION OF INJURY","0.0","0","0","0","0","2","0","8","7","X002299480","41.9461533472","-87.7361555421","POINT (-87.736155542106 41.946153347247)"
"b338cc0f2dc6ca1269f88d94058c722a5f6cd273879acb650fd8bbe9686f160249eafab252eb6b680a7b1c4fc884f79755ec77d960c7c526e761972d66d49d96",,"2021-05-28T13:07:00.000","30","NO CONTROLS","NO CONTROLS","RAIN","DAYLIGHT","SIDESWIPE SAME DIRECTION","ONE-WAY",,"STRAIGHT AND LEVEL","WET","NO DEFECTS","ON SCENE","NO INJURY / DRIVE AWAY",,,,"OVER $1,500","2021-05-28T13:15:00.000","UNABLE TO DETERMINE","UNABLE TO DETERMINE","2","W","TERMINAL ST","1652",,,,,,,"2.0","5","NO INDICATION OF INJURY","0.0","0","0","0","0","3","0","13","6","X002253432",,,
"23ab49a93827bcdfc7a04a9e7350cba4c5afb3c62cc21137987dfbdcd7af09713becc01951c191953f5c633b294ce6cf12f4d40a9169b955732762d9289784bd",,"2021-08-08T12:38:00.000","30","TRAFFIC SIGNAL","FUNCTIONING PROPERLY","CLEAR","DAYLIGHT","TURNING","FOUR WAY",,"STRAIGHT AND LEVEL","DRY","NO DEFECTS","NOT ON SCENE (DESK REPORT)","NO INJURY / DRIVE AWAY",,,,"OVER $1,500","2021-08-08T14:20:00.000","DISTRACTION - FROM OUTSIDE VEHICLE","DISTRACTION - FROM OUTSIDE VEHICLE","5500","S","WENTWORTH AVE","225",,,,,,,"2.0","8","NO INDICATION OF INJURY","0.0","0","0","0","0","3","0","12","1","X002329275",,,
"987e0f5b9df5c260dfc163ae8e4dd28fb7c28e584e85540b72f8b293a462873995fa1b0af7a3507f472af7fdbcf67b204a2d028938a2ee4c0311c4573b73d84f",,"2021-07-04T05:30:00.000","30","TRAFFIC SIGNAL","FUNCTIONING PROPERLY","CLEAR","DAYLIGHT","TURNING","FOUR WAY",,"STRAIGHT ON HILLCREST","DRY","NO DEFECTS","NOT ON SCENE (DESK REPORT)","NO INJURY / DRIVE AWAY","Y",,,"OVER $1,500","2021-07-04T05:50:00.000","OPERATING VEHICLE IN ERRATIC, RECKLESS, CARELESS, NEGLIGENT OR AGGRESSIVE MANNER","UNABLE TO DETERMINE","801","S","AUSTIN BLVD","1513",,,,,,,"2.0","7","NO INDICATION OF INJURY","0.0","0","0","0","0","2","0","5","1","X002292429",,,
"6ecfc03833e0a4c8e85efda8e26ee10b8136aa7a2ea2f109dce5d08f7cec220bbe6a9f657161ba60860bbbdb7c28263b7e51553b2eec6a691b0e5241b9bc53d1",,"2021-06-11T07:49:00.000","35","STOP SIGN/FLASHER","FUNCTIONING PROPERLY","CLEAR","DAYLIGHT","TURNING","T-INTERSECTION",,"STRAIGHT AND LEVEL","DRY","UNKNOWN","ON SCENE","NO INJURY / DRIVE AWAY","Y",,,"$501 - $1,500","2021-06-11T08:00:00.000","FAILING TO YIELD RIGHT-OF-WAY","NOT APPLICABLE","4323","W","ADDISON ST","1731",,,,,,,"2.0","6","NO INDICATION OF INJURY","0.0","0","0","0","0","2","0","7","6","X002267152","41.9461533472","-87.7361555421","POINT (-87.736155542106 41.946153347247)"
"92aaa05a1c67c636cdbeb472968d2eab15a93141e9ad5cd06e5da5b3226408d0f19dc0bb8f5ea3cf544593f16e670376e728671195c57b3332f9920e7a82df6a",,"2021-06-23T11:30:00.000","25","NO CONTROLS","NO CONTROLS","CLOUDY/OVERCAST","DAYLIGHT","REAR TO FRONT","NOT DIVIDED",,"STRAIGHT AND LEVEL","DRY","NO DEFECTS","ON SCENE","INJURY AND / OR TOW DUE TO CRASH","Y",,,"OVER $1,500","2021-06-23T11:30:00.000","IMPROPER BACKING","NOT APPLICABLE","1902","S","CANAL ST","1235",,,,,,,"2.0","6","NONINCAPACITATING INJURY","1.0","0","0","1","0","1","0","11","4","X002281165",,,
"24ee62325e1907389cc0e1169e17c1dd85e7a1e32b22c1ee9345be8a40683ac9e39122ee339ef4314d755c73cf9b23c6e4d24e20f96c7e4b9eb01688c97ef92f",,"2021-06-18T21:45:00.000","20","NO CONTROLS","NO CONTROLS","CLEAR","DARKNESS, LIGHTED ROAD","SIDESWIPE SAME DIRECTION","ONE-WAY",,"STRAIGHT AND LEVEL","DRY","NO DEFECTS","ON SCENE","NO INJURY / DRIVE AWAY",,,,"OVER $1,500","2021-06-18T22:00:00.000","IMPROPER LANE USAGE","NOT APPLICABLE","3","W","TERMINAL ST","1653",,,,,,,"2.0","6","NO INDICATION OF INJURY","0.0","0","0","0","0","2","0","21","6","X002276812",,,
"c908ee5668ec39dbdd72ecc7a2388b172ff42be268c84ef2ecd20e8d625d961aaff4f8e42a68d561a38570841470a1fa6dfa43a81a24446aa9173d43416802bb",,"2021-06-15T21:20:00.000","25","TRAFFIC SIGNAL","FUNCTIONING PROPERLY","CLEAR","DARKNESS, LIGHTED ROAD","TURNING","NOT DIVIDED",,"STRAIGHT AND LEVEL","DRY","NO DEFECTS","ON SCENE","INJURY AND / OR TOW DUE TO CRASH","Y",,,"$501 - $1,500","2021-06-15T21:30:00.000","NOT APPLICABLE","NOT APPLICABLE","162","N","BESSIE COLEMAN DR","1654",,,,,,,"2.0","6","NO INDICATION OF INJURY","0.0","0","0","0","0","2","0","21","3","X002273289",,,
"22658adc5a05e6c34a924fb349556687c9272a0464cd5924f5444a151de4cf66446e47e34f58fe4d0ddf05b4199ce9e549a4c74ab49ac534b79d1d0c57a77485",,"2021-06-27T06:58:00.000","35","TRAFFIC SIGNAL","FUNCTIONING PROPERLY","CLOUDY/OVERCAST","DAYLIGHT","PEDALCYCLIST","DIVIDED - W/MEDIAN BARRIER",,"STRAIGHT AND LEVEL","DRY","NO DEFECTS","ON SCENE","INJURY AND / OR TOW DUE TO CRASH","Y",,,"OVER $1,500","2021-06-27T07:05:00.000","DISREGARDING TRAFFIC SIGNALS","FAILING TO YIELD RIGHT-OF-WAY","5466","S","WENTWORTH AVE","225",,,,,,,"2.0","6","NONINCAPACITATING INJURY","1.0","0","0","1","0","3","0","6","1","X002284973",,,
"417202b659be7d99ccdc1518a3543c2cd5b29986db0c9c71323d18e25df286b50c2acba1beb430c05dadc346cd08b82e23cb1d3fd4165ba8a59d1eedc096d9b0",,"2021-06-12T15:15:00.000","30","TRAFFIC SIGNAL","FUNCTIONING PROPERLY","CLEAR","DAYLIGHT","SIDESWIPE SAME DIRECTION","NOT DIVIDED",,"STRAIGHT AND LEVEL","DRY","NO DEFECTS","NOT ON SCENE (DESK REPORT)","NO INJURY / DRIVE AWAY","Y",,,"OVER $1,500","2021-06-12T15:45:00.000","UNABLE TO DETERMINE","UNABLE TO DETERMINE","349","N","LOWER COLUMBUS DR","114",,,,,,,"2.0","6","NO INDICATION OF INJURY","0.0","0","0","0","0","2","0","15","7","X002268610",,,
"6afc4fd7f354a6373d6d6d22e9ac29dbaf3920952f6128b939b1fafe00f4c6ad322bb3fcf8fc98f747fe40a7d235315a87252949ca44dbe8ad870e59e4f76895",,"2021-06-24T14:15:00.000","45","TRAFFIC SIGNAL","FUNCTIONING PROPERLY","UNKNOWN","UNKNOWN","SIDESWIPE SAME DIRECTION","DIVIDED - W/MEDIAN (NOT RAISED)",,"STRAIGHT AND LEVEL","UNKNOWN","UNKNOWN","NOT ON SCENE (DESK REPORT)","NO INJURY / DRIVE AWAY",,,,"OVER $1,500","2021-07-01T07:30:00.000","UNABLE TO DETERMINE","UNABLE TO DETERMINE","6299","S","LAKE SHORE DR","331",,,,,,,"2.0","6","NO INDICATION OF INJURY","0.0","0","0","0","0","2","0","14","5","X002289626",,,
"9c09a0b019ba7cc2fd04ac36581c1a3fc790da2fae68a356810c52f8a37df42c52695ef2904efe4b04f5676985f37e81359360125acdb51ef36509520320c67d",,"2021-06-03T15:00:00.000","30","NO CONTROLS","NO CONTROLS","CLEAR","DAYLIGHT","TURNING","FOUR WAY",,"STRAIGHT AND LEVEL","DRY","NO DEFECTS","NOT ON SCENE (DESK REPORT)","NO INJURY / DRIVE AWAY",,,"Y","OVER $1,500","2021-06-03T15:35:00.000","FAILING TO YIELD RIGHT-OF-WAY","DISREGARDING STOP SIGN","5500","S","WENTWORTH AVE","225",,,,,,,"2.0","6","NO INDICATION OF INJURY","0.0","0","0","0","0","2","0","15","5","X002258374",,,
"4e57e22e21697a0862e8eabbd24b8c991e93bd9300b1268d28964ca7a8e83f77e0a33e170d9500ef41e462cd3f240f200ebd0d0db586b9d2de19455e9a06ec6d",,"2021-06-27T16:00:00.000","25","NO CONTROLS","NO CONTROLS","CLEAR","DAYLIGHT","FIXED OBJECT","OTHER",,"CURVE, LEVEL","DRY","NO DEFECTS","ON SCENE","NO INJURY / DRIVE AWAY",,,,"$500 OR LESS","2021-06-27T16:10:00.000","FAILING TO YIELD RIGHT-OF-WAY","NOT APPLICABLE","3","W","TERMINAL ST","1653",,,,,,,"2.0","6","NO INDICATION OF INJURY","0.0","0","0","0","0","5","0","16","1","X002291244",,,
"bc4f28a8d6f5cb49d0b7e86b7cb11ca2337be6346868e22e1e01affe7bc36804a4e98aeff0889f508c68a918caa7afb4ee9779b16808ea68abcf8697f33bd86f",,"2021-06-23T20:25:00.000","45","NO CONTROLS","NO CONTROLS","CLEAR","DAYLIGHT","OTHER OBJECT","DIVIDED - W/MEDIAN BARRIER",,"STRAIGHT AND LEVEL","DRY","NO DEFECTS","ON SCENE","INJURY AND / OR TOW DUE TO CRASH",,,,"OVER $1,500","2021-06-23T20:33:00.000","UNABLE TO DETERMINE","NOT APPLICABLE","9200","S","CHICAGO SKYWAY OB","423",,,,,,,"1.0","6","REPORTED, NOT EVIDENT","6.0","0","0","0","6","0","0","20","4","X002285220",,,
"3e37af836cdb8dff31d5fc2ff9a39bca2633633a5dde24a643dd603961f6ca5a1fd3818aa18cb96f085796d1e6818dcce3bba2ecc585a3d4008a6417fa3d30a7",,"2021-06-06T15:38:00.000","35","NO CONTROLS","NO CONTROLS","CLEAR","DAYLIGHT","ANGLE","DIVIDED - W/MEDIAN BARRIER",,"CURVE, LEVEL","DRY","NO DEFECTS","ON SCENE","NO INJURY / DRIVE AWAY","Y",,,"OVER $1,500","2021-06-06T15:39:00.000","OPERATING VEHICLE IN ERRATIC, RECKLESS, CARELESS, NEGLIGENT OR AGGRESSIVE MANNER","NOT APPLICABLE","26","N","BESSIE COLEMAN DR","1654",,,,,,,"2.0","6","NO INDICATION OF INJURY","0.0","0","0","0","0","2","0","15","1","X002262421",,,
"e3d79f877acd3b3024cee18534d3271f4557f9758b837e630f82508e5158a41a57bfcedc7732168226b6089d3693fdb23a737d6bf57fee57f6baea57578a36a8",,"2021-06-13T18:00:00.000","10","NO CONTROLS","NO CONTROLS","CLEAR","DAYLIGHT","ANGLE","PARKING LOT",,"STRAIGHT AND LEVEL","DRY","NO DEFECTS","ON SCENE","NO INJURY / DRIVE AWAY",,"Y",,"OVER $1,500","2021-06-13T18:09:00.000","UNABLE TO DETERMINE","NOT APPLICABLE","5431","N","EAST RIVER RD","1614",,,,,,,"2","6","NO INDICATION OF INJURY","0","0","0","0","0","2","0","18","1","X002269510","41.9779554652","-87.8463198883","POINT (-87.846319888343 41.977955465241)"
"7229b8e72d716fc51d45d765c2035a58bcc09060a4323b40a76dcdb9f94c20c49601682f59efb20b3c53af09bbca3b600eef290ea6a6a1f3549592205a0a3b3c",,"2021-06-01T02:05:00.000","25","NO CONTROLS","NO CONTROLS","CLEAR","DARKNESS, LIGHTED ROAD","PARKED MOTOR VEHICLE","NOT DIVIDED",,"STRAIGHT AND LEVEL","DRY","NO DEFECTS","ON SCENE","NO INJURY / DRIVE AWAY",,,"Y","OVER $1,500","2021-06-01T02:30:00.000","IMPROPER BACKING","NOT APPLICABLE","141","W","46TH ST","215",,,,,,,"2.0","6","NO INDICATION OF INJURY","0.0","0","0","0","0","1","0","2","3","X002255039",,,
"25432abc9cff1d99ad3dce06242dd3671446e7f96c70e8839000e06a5484bfb6346d387794e591f74299f92d6631e09b79b827a54f683dcbfb3c43eece8cb5d9",,"2021-05-31T19:00:00.000","30","NO CONTROLS","NO CONTROLS","CLEAR","DAYLIGHT","REAR END","ONE-WAY",,"STRAIGHT AND LEVEL","DRY","NO DEFECTS","ON SCENE","NO INJURY / DRIVE AWAY","Y",,,"$501 - $1,500","2021-05-31T19:01:00.000","NOT APPLICABLE","NOT APPLICABLE","5499","N","KENMORE AVE","2023",,,,,,,"2","5","NO INDICATION OF INJURY","0","0","0","0","0","3","0","19","2","X002254931","41.9817669141","-87.6564160425","POINT (-87.656416042457 41.981766914093)"
"37365aea28a42dbcf1f5eae0f19699d3d8da838eb52bd57556823837b55085c7806c2f344a6e2598362ce3aa22c78876d7764ecf49d0804fb1b774dc9edcf1a0",,"2021-07-02T14:45:00.000","30","NO CONTROLS","NO CONTROLS","CLEAR","DAYLIGHT","SIDESWIPE SAME DIRECTION","DIVIDED - W/MEDIAN BARRIER",,"STRAIGHT AND LEVEL","DRY","NO DEFECTS","ON SCENE","INJURY AND / OR TOW DUE TO CRASH",,,,"$501 - $1,500","2021-07-02T14:45:00.000","IMPROPER LANE USAGE","NOT APPLICABLE","15","N","BESSIE COLEMAN DR","1654",,,,,,,"2.0","7","NO INDICATION OF INJURY","0.0","0","0","0","0","2","0","14","6","X002291245",,,
"1a61ac2d9a5e14c54290ae3c13a0859a3522ca3ed34e6e787a2350c7d555a64e453a5ce3e7cd24d5916742f453a7c0d09a6a3929986acc74e64e63f109f483d4",,"2021-06-01T14:30:00.000","25","NO CONTROLS","NO CONTROLS","CLEAR","DAYLIGHT","SIDESWIPE SAME DIRECTION","ONE-WAY",,"STRAIGHT AND LEVEL","DRY","NO DEFECTS",,"INJURY AND / OR TOW DUE TO CRASH",,,,"$501 - $1,500","2021-06-01T15:08:00.000","NOT APPLICABLE","NOT APPLICABLE","515","S","SACRAMENTO BLVD","1135",,,,,,,"2.0","6","INCAPACITATING INJURY","1.0","0","1","0","0","1","0","14","3","X002255859",,,
"fe5d3887f9fa3f791f54bb48d08651c0af1d2405545beb50debc593e89051bdb045c00e21db04e71e382068db8508bcae51a48c3076ce525b2f31075278d1682",,"2021-06-21T10:25:00.000","25","NO CONTROLS","NO CONTROLS","CLEAR","DAYLIGHT","SIDESWIPE SAME DIRECTION","ONE-WAY",,"STRAIGHT AND LEVEL","DRY","NO DEFECTS","ON SCENE","INJURY AND / OR TOW DUE TO CRASH",,,,"OVER $1,500","2021-06-21T10:30:00.000","IMPROPER LANE USAGE","DRIVING SKILLS/KNOWLEDGE/EXPERIENCE","3","W","TERMINAL ST","1653",,,,,,,"2.0","6","REPORTED, NOT EVIDENT","1.0","0","0","0","1","1","0","10","2","X002279355",,,
"b2e17bee296801fe821c700c55b0ef343c4a7fb634f03f7b31f3a72933a031a87971a5f12794909f26eacad55fcb89468e800d7f18a72bbe1d4452b351742a76",,"2021-06-18T06:00:00.000","30","NO CONTROLS","NO CONTROLS","RAIN","DAWN","REAR END","NOT DIVIDED",,"STRAIGHT AND LEVEL","WET","NO DEFECTS","ON SCENE","INJURY AND / OR TOW DUE TO CRASH","Y",,"Y","OVER $1,500","2021-06-18T07:49:00.000","WEATHER","NOT APPLICABLE","4700","W","FIFTH AVE","1131",,,,,,,"3","6","NO INDICATION OF INJURY","0","0","0","0","0","3","0","6","6","X002275494","41.8688202581","-87.7425419052","POINT (-87.742541905178 41.868820258079)"
"149b923d66aec684b9535dbc0b74a44162296dd835043733848e5477e1c79d574f30e7c4eada5d747e1a6c1a9d5ca2d3424dacadfb19b202bbcf3165a8b88397",,"2017-10-14T03:25:00.000","30","NO CONTROLS","NO CONTROLS","RAIN","DARKNESS","REAR END","NOT DIVIDED","5","STRAIGHT AND LEVEL","WET","NO DEFECTS","ON SCENE","NO INJURY / DRIVE AWAY",,,,"OVER $1,500","2017-10-14T03:26:00.000","WEATHER","UNABLE TO DETERMINE","34","N","WESTERN AVE","1222",,,,,,,"2","10","NO INDICATION OF INJURY","0","0","0","0","0","2","0","3","7","X000943059","41.8821277277","-87.6866059391","POINT (-87.686605939074 41.882127727678)"
"4afcd296ea7c732a3ed43a918ce7913e1840bf04ede4a3d6a50b018aa0567c661cbb2c92d5cd59ba3018bfb84a001e6f2d670cd2157d6fe87ecbdfb886ea3281",,"2017-10-14T15:55:00.000","35","LANE USE MARKING","FUNCTIONING PROPERLY","RAIN","DUSK","REAR END","DIVIDED - W/MEDIAN BARRIER","7","CURVE, LEVEL","WET","NO DEFECTS","ON SCENE","NO INJURY / DRIVE AWAY",,"Y","Y","OVER $1,500","2017-10-14T15:55:00.000","UNABLE TO DETERMINE","UNABLE TO DETERMINE","8600","S","CHICAGO SKYWAY OB","412",,,,,,,"2.0","10","NO INDICATION OF INJURY","0.0","0","0","0","0","2","0","15","7","X000939634",,,
"efbcc61b040116640c205ca77db8f931058b55d45072a7f408bd669fce5218778658613f700b7c96b0198473f92bbff5dbd4a8016900ffb2b76943d8e626388a",,"2025-01-28T16:00:00.000","30","STOP SIGN/FLASHER","FUNCTIONING PROPERLY","CLEAR","DUSK","ANGLE","FOUR WAY",,"STRAIGHT AND LEVEL","DRY","NO DEFECTS","ON SCENE","INJURY AND / OR TOW DUE TO CRASH","Y",,,"OVER $1,500","2025-01-28T16:05:00.000","VISION OBSCURED (SIGNS, TREE LIMBS, BUILDINGS, ETC.)","DRIVING SKILLS/KNOWLEDGE/EXPERIENCE","162","N","BESSIE COLEMAN DR","1654",,,,,,,"3.0","1","REPORTED, NOT EVIDENT","1.0","0","0","0","1","7","0","16","3","X003706302",,,
"d55807e5b9f8ce97946e8d895a6120baddc3cc737a6afe7317450b3b3c73cb036e6bbaad2b37648f214df99b10c1675e155476400ba4dac82806ef8d6b343c04",,"2021-06-08T01:40:00.000","10","NO CONTROLS","NO CONTROLS","CLEAR","DARKNESS, LIGHTED ROAD","SIDESWIPE SAME DIRECTION","ONE-WAY",,"CURVE, LEVEL","DRY","UNKNOWN","ON SCENE","NO INJURY / DRIVE AWAY",,,,"OVER $1,500","2021-06-08T01:42:00.000","UNABLE TO DETERMINE","UNABLE TO DETERMINE","3","W","TERMINAL ST","1653",,,,"N",,,"2.0","6","NO INDICATION OF INJURY","0.0","0","0","0","0","5","0","1","3","X002263135",,,
"3963c169a924f12fd0d37aa9c8520142a6484b3582e60860ec92c33b33e97ec1e990c7f60222d0e461732e77597ef4582a71ddade4ac176949d9d8497cfe36e2","Y","2021-05-28T15:13:00.000","10","NO CONTROLS","NO CONTROLS","OTHER","UNKNOWN","PARKED MOTOR VEHICLE","PARKING LOT",,"STRAIGHT AND LEVEL","DRY","NO DEFECTS","ON SCENE","NO INJURY / DRIVE AWAY",,,"Y","OVER $1,500","2021-06-01T12:45:00.000","UNABLE TO DETERMINE","NOT APPLICABLE","1","W","PARKING LOT A ST","1654",,,,,,,"2.0","5","NO INDICATION OF INJURY","0.0","0","0","0","0","1","0","15","6","X002257508",,,
"1e60e31262b41c29f2d7305e2e296cda3d0d23641ecd8a10175fd3bf14a8e6ad33d8509feb7eca64648ed680433ec12b43f3aebf574ce255ce8221a57115a3fe",,"2021-06-19T23:15:00.000","15","NO CONTROLS","NO CONTROLS","CLEAR","DARKNESS, LIGHTED ROAD","SIDESWIPE SAME DIRECTION","ONE-WAY",,"CURVE, LEVEL","DRY","NO DEFECTS","ON SCENE","NO INJURY / DRIVE AWAY",,,"Y","$501 - $1,500","2021-06-19T23:20:00.000","UNABLE TO DETERMINE","UNABLE TO DETERMINE","3","W","TERMINAL ST","1653",,,,,,,"2.0","6","NO INDICATION OF INJURY","0.0","0","0","0","0","3","0","23","7","X002276907",,,
"1a25c61f43d53365ced7cd05e2036fcf24a7de72dcc33f2ab7ba5353b5c9f9514862a1a1e0072bc298b30a3575b72df732e5a54f595d950f7606d0f2c4517a7a",,"2021-06-25T22:15:00.000","45","OTHER","FUNCTIONING PROPERLY","CLEAR","DARKNESS, LIGHTED ROAD","REAR END","ONE-WAY",,"STRAIGHT AND LEVEL","DRY","NO DEFECTS","ON SCENE","INJURY AND / OR TOW DUE TO CRASH",,,,"OVER $1,500","2021-06-25T22:20:00.000","FAILING TO REDUCE SPEED TO AVOID CRASH","UNABLE TO DETERMINE","9759","W","KENNEDY EXPY IB","1654",,,,,,,"2.0","6","NONINCAPACITATING INJURY","1.0","0","0","1","0","4","0","22","6","X002283822",,,
"ac2d19b860ef8eefeae86bb2f0c7b483210003ceb729352c1ac13d455d2125353c9bf0ade1faecbe3089ea403c767eb6d06a14f35cc0b26a67223f4740c93c29",,"2021-06-10T07:00:00.000","30","NO CONTROLS","NO CONTROLS","CLEAR","DUSK","PARKED MOTOR VEHICLE","ONE-WAY",,"STRAIGHT ON GRADE","DRY","NO DEFECTS","ON SCENE","NO INJURY / DRIVE AWAY",,,,"$501 - $1,500","2021-06-11T06:06:00.000","UNABLE TO DETERMINE","UNABLE TO DETERMINE","3932","W","ERIE ST","1122",,,,,,,"2.0","6","NO INDICATION OF INJURY","0.0","0","0","0","0","5","0","7","5","X002266975",,,
"2a13717f121a863925e3b37dd4e05d80bb0b796a88d94aa3a23728e156830ff40118cca586ee0c3c88678fb043bd9c5a9810367cd922562c7619eec1e7da67ef","Y","2021-06-03T00:00:00.000","35","NO CONTROLS","NO CONTROLS","UNKNOWN","UNKNOWN","PARKED MOTOR VEHICLE","NOT DIVIDED",,"STRAIGHT AND LEVEL","UNKNOWN","UNKNOWN","NOT ON SCENE (DESK REPORT)","NO INJURY / DRIVE AWAY",,,,"OVER $1,500","2021-06-03T22:35:00.000","UNABLE TO DETERMINE","UNABLE TO DETERMINE","2800","N","KIMBALL AVE","1412",,,,,,,"2.0","6","NO INDICATION OF INJURY","0.0","0","0","0","0","1","0","0","5","X002258888",,,
"99779813f6fdf9e12c8bdd9c580cb4db0b6f48746909383bca8e1fd148335fa7b64771b9eb80ff46b5d1a9dc08b1d9d11e50439f2860c771cdff7ab3fb39d45f",,"2021-06-15T07:30:00.000","10","NO CONTROLS","NO CONTROLS","CLEAR","UNKNOWN","PARKED MOTOR VEHICLE","PARKING LOT",,"STRAIGHT AND LEVEL","DRY","NO DEFECTS","NOT ON SCENE (DESK REPORT)","NO INJURY / DRIVE AWAY",,,,"$500 OR LESS","2021-06-16T01:06:00.000","UNABLE TO DETERMINE","NOT APPLICABLE","840","E","GRAND AVE","1834",,,,,,,"2","6","NO INDICATION OF INJURY","0","0","0","0","0","1","0","7","3","X002272394","41.8923111451","-87.6056874903","POINT (-87.605687490284 41.892311145125)"
"a674f01bb1a7715adc0aa01f9c888c82b103be4de9c12e3048c095bbf8444005411ba88060f9d7f64eaa94940363fe5ed2c2035aec8948ebf804b0fdecc7cd2f","Y","2021-07-05T19:10:00.000","30","UNKNOWN","UNKNOWN","CLEAR","UNKNOWN","REAR END","FOUR WAY",,"STRAIGHT AND LEVEL","DRY","UNKNOWN","ON SCENE","NO INJURY / DRIVE AWAY",,,,"OVER $1,500","2021-07-05T19:27:00.000","FOLLOWING TOO CLOSELY","NOT APPLICABLE","9500","S","BEVERLY AVE","2213",,,,,,,"2.0","7","NO INDICATION OF INJURY","0.0","0","0","0","0","3","0","19","2","X002294042",,,
"bc90b40def75573c41df0b9d3dea194474f969f481a7e55e8aacba24ba7315193ad2d2a3e262b0e2c72116a9412809c5038fa29bbce4762a708f026451d8803f","Y","2021-05-28T14:05:00.000","30","NO CONTROLS","NO CONTROLS","CLOUDY/OVERCAST","DAYLIGHT","PARKED MOTOR VEHICLE","OTHER",,"STRAIGHT AND LEVEL","DRY","NO DEFECTS","ON SCENE","NO INJURY / DRIVE AWAY",,,"Y","$500 OR LESS","2021-05-28T14:30:00.000","UNABLE TO DETERMINE","UNABLE TO DETERMINE","516","W","OHARE ST","1654",,,,,,,"2.0","5","NO INDICATION OF INJURY","0.0","0","0","0","0","1","0","14","6","X002252372",,,
"42c9a9f43d7591f0436580acfb8d3be9872f551c8c17563b13308b55ad67ba944cd0dd4a1af75e72b48ffec390df52c2b75c576e582ad940c1d57f58d73407d5",,"2021-07-01T17:42:00.000","35","NO CONTROLS","NO CONTROLS","CLEAR","DAYLIGHT","SIDESWIPE SAME DIRECTION","NOT DIVIDED",,"STRAIGHT AND LEVEL","DRY","NO DEFECTS","ON SCENE","NO INJURY / DRIVE AWAY",,,,"OVER $1,500","2021-07-01T17:42:00.000","UNABLE TO DETERMINE","NOT APPLICABLE","7198","W","ARCHER AVE","811",,,,,,,"2.0","7","NO INDICATION OF INJURY","0.0","0","0","0","0","2","0","17","5","X002290146",,,
"956f2334b1b5b517197adf559c515f10fd4d9693912db21864f4c671aa3ae9bd9c12ec6f0ce7cf311d432932fd198a52b5fa5cca36a02789164c4b2dd2f5703b",,"2021-05-30T03:40:00.000","5","NO CONTROLS","NO CONTROLS","CLEAR","DARKNESS","REAR END","ONE-WAY",,"STRAIGHT AND LEVEL","DRY","NO DEFECTS",,"NO INJURY / DRIVE AWAY",,,,"OVER $1,500","2021-05-30T03:40:00.000","FAILING TO REDUCE SPEED TO AVOID CRASH","UNABLE TO DETERMINE","8700","S","CHICAGO SKYWAY OB","412",,,,,,,"2.0","5","NO INDICATION OF INJURY","0.0","0","0","0","0","2","0","3","1","X002254017",,,
"a52a70f652b345887faf624394242dcb8608c0afb1f5d65aeaba20beb86e05e8c559d09898e3ca34204e21597a3a0dd94c0b3cdcb6d5214662cb41f50b4cf9bd",,"2021-06-30T10:25:00.000","20","NO CONTROLS","NO CONTROLS","CLOUDY/OVERCAST","DAYLIGHT","ANGLE","PARKING LOT",,"STRAIGHT AND LEVEL","DRY","NO DEFECTS","ON SCENE","INJURY AND / OR TOW DUE TO CRASH","Y",,,"OVER $1,500","2021-06-30T10:31:00.000","FAILING TO YIELD RIGHT-OF-WAY","DRIVING SKILLS/KNOWLEDGE/EXPERIENCE","1","W","PARKING LOT A ST","1654",,,,,,,"2.0","6","REPORTED, NOT EVIDENT","1.0","0","0","0","1","1","0","10","4","X002289455",,,
"461c18bd857343a8383e7f41fedfd99b1c38d5e0ee16ccd8fcb45d5b3c96714354078f49470cf67f0b78ec795b7e399a8d34ed84caa55c926d30500928704894",,"2021-06-09T15:45:00.000","30","TRAFFIC SIGNAL","FUNCTIONING PROPERLY","CLEAR","DAYLIGHT","TURNING","T-INTERSECTION",,"STRAIGHT AND LEVEL","DRY","NO DEFECTS","NOT ON SCENE (DESK REPORT)","NO INJURY / DRIVE AWAY","Y",,,"$501 - $1,500","2021-06-09T16:20:00.000","IMPROPER TURNING/NO SIGNAL","IMPROPER OVERTAKING/PASSING","500","S","SACRAMENTO BLVD","1134",,,,,,,"2.0","6","NO INDICATION OF INJURY","0.0","0","0","0","0","3","0","15","4","X002265341",,,
"392d1d5840d2398ca83863ae976620af3c197141cadd0f8ca222e926cb5c27e64fd0c136dc143bdcafa87433116cd7640dce01a52a08fa6c54f2fd7b2558a326",,"2021-06-04T18:00:00.000","25","NO CONTROLS","NO CONTROLS","CLEAR","DAYLIGHT","SIDESWIPE SAME DIRECTION","ONE-WAY",,"STRAIGHT AND LEVEL","DRY","NO DEFECTS","ON SCENE","NO INJURY / DRIVE AWAY",,,,"OVER $1,500","2021-06-04T18:01:00.000","DRIVING SKILLS/KNOWLEDGE/EXPERIENCE","NOT APPLICABLE","1","W","TERMINAL ST","1651",,,,,,,"2.0","6","NO INDICATION OF INJURY","0.0","0","0","0","0","2","0","18","6","X002259720",,,
"374390c3d0b3f2d6d66c69c857335c9bcdb9ecd731b574506fea1a57aa91b19daf5967abf96e524b7e9a4c87b60e6c044d27ba9bd2b95ecfcef196a90d6d964f",,"2021-06-01T13:29:00.000","30","NO CONTROLS","FUNCTIONING PROPERLY","CLEAR","DAYLIGHT","REAR END","ONE-WAY",,"STRAIGHT AND LEVEL","DRY","NO DEFECTS","ON SCENE","INJURY AND / OR TOW DUE TO CRASH",,,"Y","$501 - $1,500","2021-06-01T13:29:00.000","OPERATING VEHICLE IN ERRATIC, RECKLESS, CARELESS, NEGLIGENT OR AGGRESSIVE MANNER","OPERATING VEHICLE IN ERRATIC, RECKLESS, CARELESS, NEGLIGENT OR AGGRESSIVE MANNER","5902","S","WENTWORTH AVE","232",,,,,,,"2.0","6","NONINCAPACITATING INJURY","2.0","0","0","1","1","1","0","13","3","X002255739",,,
"d9c2521740c6964496da15f648cc34c5cabadebb50cee1e75e9b2bf0be15756644d996e19d2318d33a4facc8d6963eed7d906dd1172d807a6a27b4fd714c5f7d",,"2021-06-12T23:35:00.000","15","NO CONTROLS","NO CONTROLS","CLEAR","DARKNESS, LIGHTED ROAD","REAR TO FRONT","OTHER",,"STRAIGHT AND LEVEL","DRY","NO DEFECTS","ON SCENE","NO INJURY / DRIVE AWAY",,,,"OVER $1,500","2021-06-12T23:37:00.000","IMPROPER BACKING","DISTRACTION - FROM OUTSIDE VEHICLE","1","S","MIDWAY ST","813",,,,,,,"2.0","6","NO INDICATION OF INJURY","0.0","0","0","0","0","2","0","23","7","X002268857",,,
"7dea35237a1d27e3cd7d689f0838ba2b27bad134d513794b68f5b5485edbde6234d47a2a44ec69eca0e6557683ff2386250791afebe8712010aa1b7cb31cf382",,"2021-07-05T18:00:00.000","10","NO CONTROLS","NO CONTROLS","CLEAR","DAYLIGHT","PEDESTRIAN","PARKING LOT",,"STRAIGHT AND LEVEL","DRY","NO DEFECTS","NOT ON SCENE (DESK REPORT)","INJURY AND / OR TOW DUE TO CRASH",,,"Y","$500 OR LESS","2021-07-05T22:15:00.000","IMPROPER BACKING","NOT APPLICABLE","6259","S","LAKE SHORE DR","331",,,,,,,"2.0","7","NONINCAPACITATING INJURY","1.0","0","0","1","0","1","0","18","2","X002294213",,,
"517658b31529a723140057f13db6d6988891d068c439dd434a88fa2da9d168b84a8d31fd18bc19b5ff29d3b23faa9e6f2011afa7767b3af32f6ee6cb74f20bad","Y","2021-06-17T14:58:00.000","30","NO CONTROLS","NO CONTROLS","CLEAR","DAYLIGHT","FIXED OBJECT","ONE-WAY",,"CURVE ON HILLCREST","DRY","NO DEFECTS","ON SCENE","INJURY AND / OR TOW DUE TO CRASH",,,,"OVER $1,500","2021-06-17T14:58:00.000","PHYSICAL CONDITION OF DRIVER","PHYSICAL CONDITION OF DRIVER","438","W","OHARE ST","1654",,,,,,,"1.0","6","INCAPACITATING INJURY","1.0","0","1","0","0","0","0","14","5","X002274413",,,
"456dd9d9bc16f505f93bd2ef89b174348c36dadf1fdc0a77be44e5c89c2e8a89951ae15cc8dced3db2cd3bd7e4c0da27f348cc64db31231202db5cd03ed63bc6",,"2021-05-24T15:35:00.000","20","NO CONTROLS","NO CONTROLS","CLEAR","DAYLIGHT","PARKED MOTOR VEHICLE","NOT DIVIDED",,"STRAIGHT AND LEVEL","DRY","NO DEFECTS","NOT ON SCENE (DESK REPORT)","NO INJURY / DRIVE AWAY",,,,"OVER $1,500","2021-05-24T15:40:00.000","UNABLE TO DETERMINE","UNABLE TO DETERMINE","517","W","OHARE ST","1654",,,,,,,"2.0","5","NO INDICATION OF INJURY","0.0","0","0","0","0","1","0","15","2","X002250076",,,
"78b489e07a27611156eff062ddab2593de8dc38b8cd6ff48c914aa8a33ee6c2c6a4f599a674d268dea115b28bb6583c1750efb64221133fd696ce587e4a8410d",,"2021-05-31T17:10:00.000","30","NO CONTROLS","NO CONTROLS","CLEAR","DAYLIGHT","SIDESWIPE SAME DIRECTION","ONE-WAY",,"STRAIGHT AND LEVEL","DRY","NO DEFECTS","ON SCENE","NO INJURY / DRIVE AWAY",,,,"OVER $1,500","2021-05-31T17:15:00.000","UNABLE TO DETERMINE","UNABLE TO DETERMINE","3","W","TERMINAL ST","1653",,,,,,,"2.0","5","NO INDICATION OF INJURY","0.0","0","0","0","0","2","0","17","2","X002254815",,,
"2bba98089af406357fa23f9e37d58e15543eb9fe4a5099d6ecebd144211172acffd23cbaa3b141f98ac40ae98d875597409e86fb22c41e2512d0fae4cd8d3e84",,"2021-07-08T16:35:00.000","20","UNKNOWN","NO CONTROLS","CLEAR","DAYLIGHT","PEDESTRIAN","ONE-WAY",,"STRAIGHT AND LEVEL","DRY","NO DEFECTS","ON SCENE","INJURY AND / OR TOW DUE TO CRASH",,,,"$501 - $1,500","2021-07-08T16:47:00.000","UNABLE TO DETERMINE","NOT APPLICABLE","1","W","TERMINAL ST","1651",,,,,,,"2.0","7","NONINCAPACITATING INJURY","1.0","0","0","1","0","1","0","16","5","X002297626",,,
"3581afb2fc4a1df2d232014310c89e7ca2445a8459595ff5739990eb75dd4b42b59d52f5828facc8ea654aa18f9327608ae3a129ffdaf512d45f7f1b028b2425",,"2021-06-14T11:20:00.000","30","TRAFFIC SIGNAL","FUNCTIONING PROPERLY","CLEAR","DAYLIGHT","SIDESWIPE SAME DIRECTION","DIVIDED - W/MEDIAN (NOT RAISED)",,"STRAIGHT AND LEVEL","DRY","NO DEFECTS","NOT ON SCENE (DESK REPORT)","NO INJURY / DRIVE AWAY",,,,"OVER $1,500","2021-06-14T11:59:00.000","DRIVING SKILLS/KNOWLEDGE/EXPERIENCE","UNABLE TO DETERMINE","505","S","SACRAMENTO BLVD","1135",,,,,,,"2.0","6","NO INDICATION OF INJURY","0.0","0","0","0","0","2","0","11","2","X002270296",,,
"3879fe936281bf5a368b45c8e25a286fd8037e512a03ce8f7afe0c3f766603a39916180107fa583da8d22cfabd751d9dd5b53044f8fda8c4ce2d3c6952e440ae",,"2021-07-05T18:40:00.000","30","NO CONTROLS","NO CONTROLS","CLEAR","DAYLIGHT","REAR END","ONE-WAY",,"STRAIGHT AND LEVEL","DRY","NO DEFECTS","ON SCENE","NO INJURY / DRIVE AWAY",,,,"$501 - $1,500","2021-07-05T18:48:00.000","IMPROPER BACKING","NOT APPLICABLE","3134","W","64TH ST","823",,,,,,,"2","7","NO INDICATION OF INJURY","0","0","0","0","0","4","0","18","2","X002298265","41.7772738691","-87.7020212848","POINT (-87.702021284819 41.777273869099)"
"eaa5f81e1473be5b0a472466c835b6a9a2e5ad83c82db6f949dcd0cb79b0fa89850103ef73fd0e17404624230f2f4628216da896cc0e6173489c01c17171eff2",,"2021-06-13T23:43:00.000","30","POLICE/FLAGMAN","FUNCTIONING PROPERLY","CLEAR","DARKNESS, LIGHTED ROAD","OTHER OBJECT","NOT DIVIDED",,"STRAIGHT AND LEVEL","DRY","NO DEFECTS","ON SCENE","NO INJURY / DRIVE AWAY",,,,"$501 - $1,500","2021-06-13T23:43:00.000","UNABLE TO DETERMINE","NOT APPLICABLE","1820","E","BOWLING GREEN DR","331",,,,,,,"2.0","6","NO INDICATION OF INJURY","0.0","0","0","0","0","1","0","23","1","X002269893",,,
"178aa1c039584b508dac4dfa0d4c1696da06e7f7a68bc77e4006e0d55b339d2eadf9914d9efe78c798bf190686c5cd235c122ac339c1f2a6caa88e96d70da98d",,"2021-05-26T02:43:00.000","35","NO CONTROLS","NO CONTROLS","RAIN","DARKNESS","OTHER OBJECT","DIVIDED - W/MEDIAN (NOT RAISED)",,"STRAIGHT AND LEVEL","WET","UNKNOWN","ON SCENE","INJURY AND / OR TOW DUE TO CRASH",,,,"OVER $1,500","2021-05-26T02:43:00.000","UNABLE TO DETERMINE","UNABLE TO DETERMINE","450","E","LOWER WACKER DR","114",,,,,,,"1","5",,,,,,,,,"2","4","X002249219","41.8875273824","-87.6165999096","POINT (-87.616599909647 41.887527382373)"
"40f8c448910000d52eb65f72c570fbe9b3a3f8a2a52bb44b13814f1dfc86a0d70ed6034aa125cbd59ba86a4327b2c67547e2150ff46920b52eff4181afecc931",,"2021-07-07T18:34:00.000","10","NO CONTROLS","NO CONTROLS","CLEAR","DAYLIGHT","PARKED MOTOR VEHICLE","PARKING LOT",,"STRAIGHT AND LEVEL","DRY","NO DEFECTS","ON SCENE","NO INJURY / DRIVE AWAY",,,,"OVER $1,500","2021-07-07T18:40:00.000","DRIVING SKILLS/KNOWLEDGE/EXPERIENCE","UNABLE TO DETERMINE","517","W","OHARE ST","1654",,,,,,,"2.0","7","NO INDICATION OF INJURY","0.0","0","0","0","0","1","0","18","4","X002297253",,,
"246b43241a732b95a3576be1bd15688ed7c5a838c895fa62ee78b5f7c9f6c6ae25e67353659254e5391d58c10a702ebd485b008a37d49b5d7c2c096e78fc0ca1",,"2021-06-17T08:20:00.000","35","NO CONTROLS","NO CONTROLS","CLEAR","DAWN","ANGLE","NOT DIVIDED",,"STRAIGHT AND LEVEL","DRY","NO DEFECTS","ON SCENE","NO INJURY / DRIVE AWAY","Y",,,"OVER $1,500","2021-06-17T08:50:00.000","FAILING TO YIELD RIGHT-OF-WAY","NOT APPLICABLE","815","S","AUSTIN BLVD","1513",,,,,,,"2.0","6","NO INDICATION OF INJURY","0.0","0","0","0","0","3","0","8","5","X002274061",,,
"84310ebf7a2e2183e465a90f2575eef813723c82791eeb4c6e4f34244ce7e71b25f88b5aeaf5872a56d107e997f5dbf0a7beb829b7d80fd87b43a9d3b661b03d",,"2021-05-27T17:50:00.000","55","NO CONTROLS","NO CONTROLS","CLEAR","DAYLIGHT","SIDESWIPE SAME DIRECTION","DIVIDED - W/MEDIAN BARRIER",,"STRAIGHT AND LEVEL","DRY","NO DEFECTS","ON SCENE","NO INJURY / DRIVE AWAY",,,"Y","OVER $1,500","2021-05-27T17:55:00.000","IMPROPER LANE USAGE","NOT APPLICABLE","8200","S","CHICAGO SKYWAY OB","414",,,,,,,"2.0","5","NO INDICATION OF INJURY","0.0","0","0","0","0","2","0","17","5","X002254149",,,
"346bb37f8e274d1d9bc84c0589d2d6c3b63456f94f1eda15c47b9bafe4b88a22827aa1120842bb16bc48974ceeff6acef42b6451e1a9b971a5d97a8d9ab3aa69",,"2021-07-04T19:15:00.000","30","OTHER","NO CONTROLS","CLEAR","DAYLIGHT","PARKED MOTOR VEHICLE","ONE-WAY",,"STRAIGHT AND LEVEL","DRY","NO DEFECTS","ON SCENE","NO INJURY / DRIVE AWAY",,,,"$501 - $1,500","2021-07-04T19:18:00.000","NOT APPLICABLE","NOT APPLICABLE","5","W","TERMINAL ST","1655",,,,,,,"2.0","7","NO INDICATION OF INJURY","0.0","0","0","0","0","1","0","19","1","X002292989",,,
"0ab3cecb9b468893e7178b803a8a186693792830ef1c0e4fa7aee0995a487efdcca12448aaf638a38a689de8e748f47636972f6d385eb25adabb48e5bc2d053f",,"2021-07-11T18:00:00.000","30","UNKNOWN","UNKNOWN","RAIN","DAYLIGHT","REAR END","DIVIDED - W/MEDIAN (NOT RAISED)",,"STRAIGHT AND LEVEL","WET","UNKNOWN","NOT ON SCENE (DESK REPORT)","NO INJURY / DRIVE AWAY",,,"Y","OVER $1,500","2021-07-11T18:45:00.000","FOLLOWING TOO CLOSELY","UNABLE TO DETERMINE","400","N","LOWER LAKE SHORE DR","1834",,,,,,,"2.0","7","NO INDICATION OF INJURY","0.0","0","0","0","0","4","0","18","1","X002300317",,,
"833dbd5c02b0918b1015986a49ed939dd3076d5c1c42406fbbd12ec92e703737894e4e869501c5a39ee2a6c698fad8dd6887ee522a517b42cdb8fb44599b74f2",,"2021-06-25T13:00:00.000","25","NO CONTROLS","NO CONTROLS","CLOUDY/OVERCAST","DAYLIGHT","ANGLE","PARKING LOT",,"STRAIGHT AND LEVEL","WET","NO DEFECTS","ON SCENE","NO INJURY / DRIVE AWAY",,,,"OVER $1,500","2021-06-25T13:05:00.000","UNABLE TO DETERMINE","UNABLE TO DETERMINE","524","W","OHARE ST","1654",,,,,,,"2.0","6","NO INDICATION OF INJURY","0.0","0","0","0","0","2","0","13","6","X002283624",,,
"959612f69bc7aac38a758fe03f46104e783b62f3a1e22e4dd1f39b243ad3c6388b78afe753e7318f07b53f42d33bf4a048a87309975df85c7f1886d67a8a4f82",,"2021-05-24T10:00:00.000","30","NO CONTROLS","UNKNOWN","CLEAR","DUSK","OTHER OBJECT","ALLEY",,"STRAIGHT AND LEVEL","DRY","NO DEFECTS","ON SCENE","NO INJURY / DRIVE AWAY",,,"Y","OVER $1,500","2021-05-24T22:35:00.000","UNABLE TO DETERMINE","NOT APPLICABLE","8915","S","BLACKSTONE AVE","413",,,,,,,"1","5","NO INDICATION OF INJURY","0","0","0","0","0","1","0","10","2","X002247980","41.7327507948","-87.587897013","POINT (-87.587897013018 41.732750794822)"
"4bd18b09aa90cd79bf46b3e3000d5b8ce2c80b80079c400efd2fbe25d81518834a4146797d6fdd8fa665a5e34ed428cbe88ce138a319730ba455f3fb011eced2",,"2021-06-12T11:37:00.000","30","TRAFFIC SIGNAL","FUNCTIONING PROPERLY","CLEAR","DAYLIGHT","REAR END","NOT DIVIDED",,"STRAIGHT AND LEVEL","DRY","NO DEFECTS","NOT ON SCENE (DESK REPORT)","NO INJURY / DRIVE AWAY","Y",,"Y","$500 OR LESS","2021-06-12T11:43:00.000","UNABLE TO DETERMINE","NOT APPLICABLE","6299","S","LAKE SHORE DR","331",,,,,,,"2.0","6","NO INDICATION OF INJURY","0.0","0","0","0","0","2","0","11","7","X002268329",,,
"bcea7bbafc9bce896721d563ee56f5a1c7b13b6264db261831303ea506f64bd7e052a91a7f906c607b8b9edb021c703caeaae8d8ddf796c61f9c733948195608",,"2025-02-12T13:30:00.000","30","UNKNOWN","UNKNOWN","UNKNOWN","UNKNOWN","REAR END","NOT DIVIDED",,"STRAIGHT AND LEVEL","UNKNOWN","UNKNOWN","NOT ON SCENE (DESK REPORT)","NO INJURY / DRIVE AWAY",,,,"$500 OR LESS","2025-02-12T14:20:00.000","UNABLE TO DETERMINE","UNABLE TO DETERMINE","6021","N","RIDGE AVE","2433",,,,,,,"2.0","2","NO INDICATION OF INJURY","0.0","0","0","0","0","2","0","13","4","X003721831","41.9911744581","-87.6726532675","POINT (-87.672653267545 41.991174458092)"
"b60b3dbbd63b2e759ff3d71027f8079a18e032e90871ad4a76495a63a758d7057110dc803dab264a7593d2b12b38a25aee764d433b204d8f71b9dc5ee10eb5e0",,"2025-01-22T12:05:00.000","30","TRAFFIC SIGNAL","FUNCTIONING PROPERLY","SNOW","DAYLIGHT","ANGLE","FOUR WAY",,"STRAIGHT AND LEVEL","SNOW OR SLUSH","OTHER","ON SCENE","NO INJURY / DRIVE AWAY","Y",,,"OVER $1,500","2025-01-22T12:13:00.000","WEATHER","WEATHER","6700","S","RACINE AVE","724",,,,,,,"2","1","NO INDICATION OF INJURY","0","0","0","0","0","3","0","12","4","X003700597","41.7722402787","-87.6544543702","POINT (-87.654454370177 41.77224027873)"
"8f64aa84192aaa04f9b07cf36fb118110bf0ad4f2ac35acc079ad793e840ba03adf690a2452618af9907b659a8f334e5bf1024d1be7950756ea300774b6d54e0",,"2025-01-03T17:30:00.000","15","STOP SIGN/FLASHER","FUNCTIONING PROPERLY","CLEAR","DUSK","TURNING","PARKING LOT",,"STRAIGHT AND LEVEL","DRY","NO DEFECTS","NOT ON SCENE (DESK REPORT)","NO INJURY / DRIVE AWAY",,"N",,"OVER $1,500","2025-01-06T13:00:00.000","IMPROPER TURNING/NO SIGNAL","FAILING TO YIELD RIGHT-OF-WAY","10000","W","BALMORAL AVE","1654",,,,,,,"2.0","1","NO INDICATION OF INJURY","0.0","0","0","0","0","2","0","17","6","X003682084",,,
"cb7d7198a43a5f4c52aef51a477b22c2e6755909c15f76ac6a481c60842dc3df32b6d7c1df57bcd302bbc0173f839d31bedd134fb5aad21949ba043b842a1e95",,"2025-02-13T21:00:00.000","10","NO CONTROLS","NO CONTROLS","CLEAR","DARKNESS, LIGHTED ROAD","SIDESWIPE SAME DIRECTION","ONE-WAY",,"STRAIGHT AND LEVEL","DRY","NO DEFECTS","ON SCENE","NO INJURY / DRIVE AWAY",,,,"OVER $1,500","2025-02-13T21:05:00.000","UNABLE TO DETERMINE","UNABLE TO DETERMINE","1","W","TERMINAL ST","1651",,,,,,,"2.0","2","NO INDICATION OF INJURY","0.0","0","0","0","0","2","0","21","5","X003723844",,,
"dc59be21f7884be6d3225a8cf2f2f9fb9daaaca276cd01d078250758f5f9748723806d5029220a2a39cfb47e798a4280582a69bebb68d1e4ce3bdc7df6a5716c",,"2025-01-04T07:25:00.000","25","NO CONTROLS","NO CONTROLS","CLEAR","DAYLIGHT","SIDESWIPE SAME DIRECTION","ONE-WAY",,"STRAIGHT AND LEVEL","DRY","NO DEFECTS","ON SCENE","NO INJURY / DRIVE AWAY",,,,"OVER $1,500","2025-01-04T07:30:00.000","FAILING TO YIELD RIGHT-OF-WAY","DRIVING SKILLS/KNOWLEDGE/EXPERIENCE","3","W","TERMINAL ST","1653",,,,,,,"2.0","1","NO INDICATION OF INJURY","0.0","0","0","0","0","2","0","7","7","X003680235",,,
"dfb22033a2c3505020d5daf21616100f34f1657adcb9dfd3d6b19bacaf3bc598541667d14887321dedaf513743f15a475e39d655cfdb4e189f7fdc4f7841c3f9",,"2021-06-06T13:22:00.000","30","TRAFFIC SIGNAL","FUNCTIONING PROPERLY","CLEAR","DAYLIGHT","SIDESWIPE SAME DIRECTION","NOT DIVIDED",,"STRAIGHT AND LEVEL","UNKNOWN","UNKNOWN","NOT ON SCENE (DESK REPORT)","NO INJURY / DRIVE AWAY","Y",,,"OVER $1,500","2021-06-06T14:15:00.000","FAILING TO YIELD RIGHT-OF-WAY","IMPROPER OVERTAKING/PASSING","5500","S","WENTWORTH AVE","225",,,,,,,"2.0","6","NO INDICATION OF INJURY","0.0","0","0","0","0","2","0","13","1","X002261487",,,
"0e1e6d5be9cea227b24db0a9ede635f4c35cd7890e05c01db68466935500609d321aa5817b54a3a4f7472f324fab0285fd4d89af8ec37fe60d7335b0449201d8",,"2021-06-14T15:43:00.000","15","NO CONTROLS","NO CONTROLS","CLEAR","DAYLIGHT","SIDESWIPE SAME DIRECTION","OTHER",,"STRAIGHT AND LEVEL","DRY","NO DEFECTS","ON SCENE","NO INJURY / DRIVE AWAY",,,,"$501 - $1,500","2021-06-14T15:44:00.000","NOT APPLICABLE","NOT APPLICABLE","3","W","TERMINAL ST","1653",,,,,,,"2.0","6","NO INDICATION OF INJURY","0.0","0","0","0","0","3","0","15","2","X002270721",,,
"2cb1515fc98ea6bc2dce028f2b55654609468a6904b979f280bfbb4381b7824fea61798fbd940c305bd9b50a8ae6c0903f1131540fdce6b3d52dcafb4e3f1daa",,"2021-06-05T20:11:00.000","10","OTHER","FUNCTIONING PROPERLY","CLEAR","DAYLIGHT","FIXED OBJECT","OTHER",,"STRAIGHT AND LEVEL","DRY","NO DEFECTS","ON SCENE","INJURY AND / OR TOW DUE TO CRASH",,"Y",,"OVER $1,500","2021-06-05T20:11:00.000","FAILING TO REDUCE SPEED TO AVOID CRASH","DRIVING SKILLS/KNOWLEDGE/EXPERIENCE","8758","S","CHICAGO SKYWAY OB","412",,,,,,,"1.0","6","NO INDICATION OF INJURY","0.0","0","0","0","0","1","0","20","7","X002260722",,,
"3277c0e60b9a7e19b0ee6c3dfac42e3fd3a09410c8c1b25c59489425728b282e530affb698087a2b5c9e944a673b6b0e097ee1636865c91a786d7638b562ad8f",,"2021-07-01T20:10:00.000","15","NO CONTROLS","NO CONTROLS","CLEAR","DUSK","OTHER OBJECT","PARKING LOT",,"STRAIGHT AND LEVEL","DRY","NO DEFECTS","ON SCENE","NO INJURY / DRIVE AWAY",,"Y",,"$500 OR LESS","2021-07-01T20:17:00.000","DRIVING SKILLS/KNOWLEDGE/EXPERIENCE","NOT APPLICABLE","630","W","OHARE ST","1654",,,,,,,"2.0","7","NO INDICATION OF INJURY","0.0","0","0","0","0","1","0","20","5","X002291243",,,
"f8c3ae848487b62b5016ec7438cc790aaece6fa40600e11c26c339ee0197421390d2197e55d09b6cdf04aabf2b9548bf06fda876bfd4be4e1b7f5a34b3146d02",,"2021-06-01T14:30:00.000","20","NO CONTROLS","NO CONTROLS","CLEAR","DAYLIGHT","ANGLE","OTHER",,"STRAIGHT AND LEVEL","DRY","UNKNOWN","NOT ON SCENE (DESK REPORT)","NO INJURY / DRIVE AWAY",,,,"$501 - $1,500","2021-06-02T10:30:00.000","FAILING TO YIELD RIGHT-OF-WAY","FAILING TO REDUCE SPEED TO AVOID CRASH","3","W","TERMINAL ST","1653",,,,"Y","CONSTRUCTION",,"2.0","6","NO INDICATION OF INJURY","0.0","0","0","0","0","2","0","14","3","X002257907",,,
"c4b23680de432ed7367f9e59d6cb0a432718c31fcfbb3a7315324e56a64519888f969fcf71b75026bbadb4e17e966e1d90e4698ed528e5b55cf6762e68aa31a6",,"2021-07-07T16:50:00.000","15","NO CONTROLS","NO CONTROLS","CLEAR","DAYLIGHT","REAR TO SIDE","PARKING LOT",,"STRAIGHT AND LEVEL","DRY","UNKNOWN","ON SCENE","NO INJURY / DRIVE AWAY",,,,"$501 - $1,500","2021-07-07T16:55:00.000","UNABLE TO DETERMINE","NOT APPLICABLE","1","W","PARKING LOT D ST","1654",,,,,,,"2.0","7","NO INDICATION OF INJURY","0.0","0","0","0","0","2","0","16","4","X002297255",,,
"281abb4843dfd0d0e78f0821f62054b4c81ec8097e48ea476cd6cc589f3889967319fc7710ca301d5ad6b448ac74cdb06ff1832d147fb71df50d2320c6ef9942",,"2021-07-04T14:20:00.000","35","TRAFFIC SIGNAL","FUNCTIONING PROPERLY","CLEAR","DAYLIGHT","TURNING","UNKNOWN",,"STRAIGHT AND LEVEL","DRY","UNKNOWN","NOT ON SCENE (DESK REPORT)","NO INJURY / DRIVE AWAY",,,"Y","$501 - $1,500","2021-07-04T14:30:00.000","IMPROPER TURNING/NO SIGNAL","UNABLE TO DETERMINE","5900","S","WENTWORTH AVE","232",,,,,,,"2.0","7","NO INDICATION OF INJURY","0.0","0","0","0","0","2","0","14","1","X002292709",,,
"5a886b4226040697fb13395ef76fe6fe40c5646ee5c705ad52eb84475fb89b8387a053818a513674e45179b70b10ba59217552540264c80d2ed92dc2cd59c16a",,"2021-07-01T07:34:00.000","10","NO CONTROLS","NO CONTROLS","CLEAR","DAYLIGHT","PARKED MOTOR VEHICLE","NOT DIVIDED",,"STRAIGHT AND LEVEL","DRY","NO DEFECTS","ON SCENE","NO INJURY / DRIVE AWAY",,,,"OVER $1,500","2021-07-01T07:40:00.000","VISION OBSCURED (SIGNS, TREE LIMBS, BUILDINGS, ETC.)","UNABLE TO DETERMINE","517","W","OHARE ST","1654",,,,,,,"2.0","7","NO INDICATION OF INJURY","0.0","0","0","0","0","1","0","7","5","X002290753",,,
"4d36066b1c6e15a1e5b62a4c5c5a56f5a427336d68f246b6a56006c12a446ae24fc0a56d9bef89d273dddd33141eae28eec162f4b0ddbf9c8d6bb626c36adbd4",,"2021-06-23T16:58:00.000","20","NO CONTROLS","NO CONTROLS","CLEAR","DAYLIGHT","SIDESWIPE OPPOSITE DIRECTION","OTHER",,"STRAIGHT AND LEVEL","DRY","NO DEFECTS","ON SCENE","NO INJURY / DRIVE AWAY",,,,"$500 OR LESS","2021-06-23T16:58:00.000","NOT APPLICABLE","NOT APPLICABLE","1","W","TERMINAL ST","1651",,,,,,,"2.0","6","NO INDICATION OF INJURY","0.0","0","0","0","0","2","0","16","4","X002283625",,,
"25506241c1ed730022ad49116513376cc308293daf8786cba38e853ed297b22184e24ed5f6182c38963f8408bfecc15a59ebd6937696523932d0a8ab1f4afa7d",,"2021-05-30T11:28:00.000","20","NO CONTROLS","NO CONTROLS","CLEAR","DAYLIGHT","PARKED MOTOR VEHICLE","PARKING LOT",,"STRAIGHT AND LEVEL","DRY","NO DEFECTS","ON SCENE","NO INJURY / DRIVE AWAY",,,,"OVER $1,500","2021-05-30T11:37:00.000","FOLLOWING TOO CLOSELY","DRIVING SKILLS/KNOWLEDGE/EXPERIENCE","1","W","PARKING LOT C ST","1654",,,,,,,"2.0","5","NO INDICATION OF INJURY","0.0","0","0","0","0","1","0","11","1","X002254427",,,
"f87473b729e83f3459ea9819e8d0ad55712722cae61f6fdc64c6ac427094eaaab8e48a2c271b72301629354221783e98819a654defcec3ce9a9e9c26b47985db",,"2021-07-11T12:52:00.000","10","TRAFFIC SIGNAL","FUNCTIONING PROPERLY","RAIN","DAYLIGHT","ANGLE","NOT DIVIDED",,"STRAIGHT AND LEVEL","WET","NO DEFECTS","ON SCENE","NO INJURY / DRIVE AWAY","Y",,,"OVER $1,500","2021-07-11T13:00:00.000","WEATHER","UNABLE TO DETERMINE","1","W","HELIPAD ST","1654",,,,,,,"2.0","7","NO INDICATION OF INJURY","0.0","0","0","0","0","2","0","12","1","X002300537",,,
"7b1d02a2a1bde7293c99f63310013651bd9486a395593d46bd4d5f21f35224c5afe45da9f9dd851f1332a75eed998382e9bab2ace1d00f9857e997b2ab66810d","N","2021-06-21T16:51:00.000","30","TRAFFIC SIGNAL","FUNCTIONING PROPERLY","CLEAR","DAYLIGHT","REAR END","NOT DIVIDED",,"STRAIGHT AND LEVEL","DRY","NO DEFECTS","NOT ON SCENE (DESK REPORT)","NO INJURY / DRIVE AWAY",,,"Y","OVER $1,500","2021-06-23T15:00:00.000","UNABLE TO DETERMINE","NOT APPLICABLE","11","N","BESSIE COLEMAN DR","1654",,,,,,,"2.0","6","NO INDICATION OF INJURY","0.0","0","0","0","0","6","0","16","2","X002283628",,,
"4343dc8030a1010227e3bafc3571e6d85dbb740182a7fada407b5bd7f51f52adb2893a71de3995c6a19dd57d71052f00ca8a02c1b9c23d52ca74c0fadf7c1aff",,"2021-06-12T17:11:00.000","15","NO CONTROLS","NO CONTROLS","CLEAR","DAYLIGHT","FIXED OBJECT","PARKING LOT",,"STRAIGHT AND LEVEL","DRY","UNKNOWN","NOT ON SCENE (DESK REPORT)","NO INJURY / DRIVE AWAY",,,,"OVER $1,500","2021-06-12T18:45:00.000","UNABLE TO DETERMINE","UNABLE TO DETERMINE","1","W","PARKING LOT A ST","1654",,,,,,,"1.0","6","NO INDICATION OF INJURY","0.0","0","0","0","0","1","0","17","7","X002270387",,,
"0ee744c5e8e6f878b9c1ce9a6f2d4501ae5233380f395907c316bad1443605daefc6d5bd3f6d93e629f85b30cfe83f82382d085b4307c6b7131ae1f09318e175",,"2021-07-06T22:35:00.000","30","NO CONTROLS","NO CONTROLS","CLEAR","DARKNESS","ANGLE","NOT DIVIDED",,"STRAIGHT AND LEVEL","DRY","NO DEFECTS","NOT ON SCENE (DESK REPORT)","NO INJURY / DRIVE AWAY","Y",,,"$501 - $1,500","2021-07-08T13:46:00.000","UNABLE TO DETERMINE","UNABLE TO DETERMINE","6299","S","LAKE SHORE DR","331",,,,,,,"2.0","7","NO INDICATION OF INJURY","0.0","0","0","0","0","2","0","22","3","X002297428",,,
"87932cbbfb2ba29a0c6d184f2b745ae47b01b44c2d3e75fa8227faa57fbbfe1ed4e204479fa9974f34f21485ca282e38635f9898c47c11d4a72511c1dcd4eee7",,"2021-06-18T13:35:00.000","20","NO CONTROLS","NO CONTROLS","CLEAR","DAYLIGHT","SIDESWIPE SAME DIRECTION","ONE-WAY",,"STRAIGHT AND LEVEL","DRY","NO DEFECTS","ON SCENE","NO INJURY / DRIVE AWAY",,,,"$500 OR LESS","2021-06-18T16:05:00.000","UNABLE TO DETERMINE","NOT APPLICABLE","3","W","TERMINAL ST","1653",,,,,,,"2.0","6","NO INDICATION OF INJURY","0.0","0","0","0","0","2","0","13","6","X002275776",,,
"f06a96bc5c4fd7c82096ee6063167f16165b5a05545128ce647fbf795e0f025c4fb6f9879866c9d1e2b2abf2ef209be489b902e0a298f68e9f86294dba0ed0d0",,"2021-07-22T13:58:00.000","30","TRAFFIC SIGNAL","FUNCTIONING PROPERLY","CLEAR","DAYLIGHT","REAR END","FOUR WAY",,"STRAIGHT AND LEVEL","DRY","NO DEFECTS","ON SCENE","NO INJURY / DRIVE AWAY",,,"Y","$501 - $1,500","2021-07-22T13:58:00.000","DISREGARDING TRAFFIC SIGNALS","UNABLE TO DETERMINE","6259","S","YALE AVE","711",,,,,,,"2.0","7","NO INDICATION OF INJURY","0.0","0","0","0","0","2","0","13","5","X002311796",,,
"fe3fd8b9125addbbfc453a99de9a2dd0666b0bb8c1a15a5699bd2b792910259e4c274cde6dcbd022eea7029c5f31f4cfceeef3b2c05cb44baca6f12466801d47",,"2021-06-30T18:50:00.000","10","OTHER REG. SIGN","FUNCTIONING PROPERLY","CLEAR","DAYLIGHT","REAR END","RAMP",,"STRAIGHT ON GRADE","DRY","NO DEFECTS","ON SCENE","NO INJURY / DRIVE AWAY",,,"Y","OVER $1,500","2021-06-30T18:58:00.000","FAILING TO REDUCE SPEED TO AVOID CRASH","NOT APPLICABLE","215","N","FIELD BLVD","114",,,,,,,"2.0","6","NO INDICATION OF INJURY","0.0","0","0","0","0","3","0","18","4","X002289209",,,
"2f6c0a62a7fda280441d872ff2dbcae46f2939f012af4e600c4b3d048633c573d499947e37d7113788d026b307b94ff01f27d06f195481dcf689697b2239714d",,"2021-07-03T12:19:00.000","30","TRAFFIC SIGNAL","FUNCTIONING PROPERLY","CLEAR","DAYLIGHT","TURNING","ONE-WAY",,"STRAIGHT AND LEVEL","DRY","NO DEFECTS","ON SCENE","NO INJURY / DRIVE AWAY","Y",,,"OVER $1,500","2021-07-03T12:22:00.000","IMPROPER TURNING/NO SIGNAL","IMPROPER TURNING/NO SIGNAL","5700","S","WENTWORTH AVE","232",,,,,,,"2.0","7","NO INDICATION OF INJURY","0.0","0","0","0","0","2","0","12","7","X002291997",,,
"8a00809112288ff33089efaeaf06aac6c8586f16029a68e26c7d3494aa51314b1bbe1afecb5b3fcd1568b239393dec929a3a0b4731015c8052475206f03fd63a","N","2021-06-30T00:01:00.000","15","NO CONTROLS","NO CONTROLS","CLEAR","DARKNESS","PARKED MOTOR VEHICLE","PARKING LOT",,"STRAIGHT AND LEVEL","DRY","NO DEFECTS","ON SCENE","NO INJURY / DRIVE AWAY",,,"Y","OVER $1,500","2021-06-30T07:40:00.000","UNABLE TO DETERMINE","NOT APPLICABLE","891","W","OHARE ST","1654",,,,,,,"2.0","6","NO INDICATION OF INJURY","0.0","0","0","0","0","1","0","0","4","X002289493",,,
"bbfbc01fecbf695f9783d20621dcd4723f1b78e9482d5e67489f704600b514d332a3ec81ce81dc9fe4696c999a70419262758bfd5ecc179232b6e0f99704c863",,"2021-07-29T10:00:00.000","30","NO CONTROLS","NO CONTROLS","CLEAR","DAYLIGHT","PARKED MOTOR VEHICLE","ONE-WAY",,"STRAIGHT AND LEVEL","DRY","NO DEFECTS","NOT ON SCENE (DESK REPORT)","NO INJURY / DRIVE AWAY",,,"Y","OVER $1,500","2021-07-29T11:15:00.000","UNABLE TO DETERMINE","NOT APPLICABLE","4102","S","DR MARTIN LUTHER KING JR SD","213",,,,,,,"2.0","7","NO INDICATION OF INJURY","0.0","0","0","0","0","1","0","10","5","X002319094",,,
"15f24bf25dce85089922bb46d78d345e46b807f57fe5bf3cf888abd17fe6567bda30951bf2e6525ac7a628a5ab75fefdc50b223fe1d55d2ffb630e89a7927486",,"2021-06-20T22:00:00.000","5","NO CONTROLS","NO CONTROLS","UNKNOWN","DARKNESS","PARKED MOTOR VEHICLE","PARKING LOT",,"STRAIGHT AND LEVEL","UNKNOWN","UNKNOWN","NOT ON SCENE (DESK REPORT)","NO INJURY / DRIVE AWAY",,,"N","OVER $1,500","2021-06-21T11:00:00.000","UNABLE TO DETERMINE","UNABLE TO DETERMINE","6299","S","LAKE SHORE DR","331",,,,,,,"2.0","6","NO INDICATION OF INJURY","0.0","0","0","0","0","1","0","22","1","X002279814",,,
"5f2fe43665e3f0b7c2a8e2bbdd82918fa5d4dfd9a13c1faa11c34e3741fcf691d2aeae223e34300f0908488d5aaf03863f072734993c30e8c33bacf446906d0f",,"2021-07-06T21:53:00.000","20","NO CONTROLS","NO CONTROLS","CLEAR","DARKNESS, LIGHTED ROAD","SIDESWIPE SAME DIRECTION","ONE-WAY",,"STRAIGHT AND LEVEL","DRY","UNKNOWN","ON SCENE","NO INJURY / DRIVE AWAY",,,,"OVER $1,500","2021-07-06T21:53:00.000","OPERATING VEHICLE IN ERRATIC, RECKLESS, CARELESS, NEGLIGENT OR AGGRESSIVE MANNER","NOT APPLICABLE","3","W","TERMINAL ST","1653",,,,"Y","CONSTRUCTION",,"2.0","7","NO INDICATION OF INJURY","0.0","0","0","0","0","6","0","21","3","X002296708",,,
"912bbfdb3133396949dea4fa85671c190755b90fab29d0c6a9f4ce62e15235144a82c3a0d1123f65bc1f481ad09b239b6b22243aee3133b185e17351f80d920b",,"2021-06-25T12:40:00.000","20","NO CONTROLS","NO CONTROLS","CLEAR","DAYLIGHT","SIDESWIPE SAME DIRECTION","ONE-WAY",,"STRAIGHT AND LEVEL","DRY","NO DEFECTS","ON SCENE","NO INJURY / DRIVE AWAY",,,"Y","OVER $1,500","2021-06-25T12:48:00.000","UNABLE TO DETERMINE","UNABLE TO DETERMINE","3","W","TERMINAL ST","1653",,,,,,,"2.0","6","NO INDICATION OF INJURY","0.0","0","0","0","0","2","0","12","6","X002283309",,,
"9d9ac71e3f489b439aa7acb1b8280ac519ad3c69902cc113ea2f03fe1a2338b43e0ff782cec37548abce96528d5c1a7c9dfa72fa08e8b84bab271ded8972cfa5",,"2021-06-21T16:00:00.000","10","NO CONTROLS","NO CONTROLS","CLEAR","DAYLIGHT","SIDESWIPE SAME DIRECTION","PARKING LOT",,"STRAIGHT AND LEVEL","DRY","UNKNOWN","ON SCENE","NO INJURY / DRIVE AWAY",,,,"OVER $1,500","2021-06-21T16:15:00.000","FOLLOWING TOO CLOSELY","UNABLE TO DETERMINE","516","W","OHARE ST","1654",,,,,,,"2.0","6","NO INDICATION OF INJURY","0.0","0","0","0","0","2","0","16","2","X002278930",,,
"d609264cde88afc4b273dd488743447084545aec6f2f37c652f723481a2f5d0963838bc76a2ed1d5a440883b41a0667ebf0d8646d24b067efe2687db384a9896",,"2021-07-18T22:30:00.000","20","NO CONTROLS","NO CONTROLS","CLEAR","DARKNESS, LIGHTED ROAD","SIDESWIPE SAME DIRECTION","ONE-WAY",,"STRAIGHT AND LEVEL","DRY","NO DEFECTS","ON SCENE","NO INJURY / DRIVE AWAY",,,,"$500 OR LESS","2021-07-18T22:31:00.000","IMPROPER OVERTAKING/PASSING","UNABLE TO DETERMINE","3","W","TERMINAL ST","1653",,,,"Y","CONSTRUCTION",,"2.0","7","NO INDICATION OF INJURY","0.0","0","0","0","0","2","0","22","1","X002308543",,,
"c650dce58982d9d39ec72592f68116584135eaeef3cf5c6bd6291ff55c51cf847835980b25c6fc2a3536b5534bfe45b2886c049f501dea95dfe39066a53d33ac",,"2021-08-02T00:01:00.000","10","NO CONTROLS","NO CONTROLS","CLEAR","DARKNESS","PARKED MOTOR VEHICLE","PARKING LOT",,"STRAIGHT AND LEVEL","DRY","NO DEFECTS","ON SCENE","NO INJURY / DRIVE AWAY",,,"Y","$500 OR LESS","2021-08-02T00:29:00.000","IMPROPER LANE USAGE","UNABLE TO DETERMINE","1","W","PARKING LOT A ST","1654",,,,,,,"2.0","8","NO INDICATION OF INJURY","0.0","0","0","0","0","1","0","0","2","X002322605",,,
"c6d36a5e4383087a898522a6c9787062ce0d4f0bf1b49a65f49c545c0c6d755ae2a8d6e7fc520f6aa1e41c8347ca8d616627c1216f24bb87eb9e4e90514a9aff",,"2021-06-22T15:40:00.000","15","NO CONTROLS","NO CONTROLS","CLEAR","DAYLIGHT","REAR END","PARKING LOT",,"STRAIGHT AND LEVEL","DRY","NO DEFECTS","NOT ON SCENE (DESK REPORT)","NO INJURY / DRIVE AWAY",,,,"$501 - $1,500","2021-06-22T15:45:00.000","UNABLE TO DETERMINE","UNABLE TO DETERMINE","800","W","OHARE ST","1654",,,,,,,"2.0","6","NO INDICATION OF INJURY","0.0","0","0","0","0","2","0","15","3","X002280366",,,
"238b0194c2fbbd864d70e6be00eb1211243fd3c39003818e05e766b811d8a45b43db8294515f26a8a81066de65b35d6a22c613665aa92330528b6779511e6462",,"2021-07-04T05:03:00.000","55","TRAFFIC SIGNAL","FUNCTIONING PROPERLY","CLEAR","DAWN","TURNING","T-INTERSECTION",,"STRAIGHT AND LEVEL","DRY","NO DEFECTS","ON SCENE","INJURY AND / OR TOW DUE TO CRASH","Y",,"Y","OVER $1,500","2021-07-04T05:06:00.000","NOT APPLICABLE","NOT APPLICABLE","6299","S","LAKE SHORE DR","331",,"Y",,,,,"2.0","7","INCAPACITATING INJURY","1.0","0","1","0","0","1","0","5","1","X002292518",,,
"ce7df99d591152f454f0ca3916b1e0bcf58340f353a0818871c60aaf0c67c8ce4fc2088275bfe878d34721b8e78ff5abaa99d826f3924c9de0e188340ab3a93f",,"2021-07-25T12:40:00.000","30","TRAFFIC SIGNAL","FUNCTIONING PROPERLY","CLEAR","DAYLIGHT","REAR END","FOUR WAY",,"STRAIGHT AND LEVEL","DRY","NO DEFECTS","NOT ON SCENE (DESK REPORT)","INJURY AND / OR TOW DUE TO CRASH","Y",,"Y","OVER $1,500","2021-07-26T21:30:00.000","UNABLE TO DETERMINE","NOT APPLICABLE","6299","S","LAKE SHORE DR","331",,,,,,,"2.0","7","NONINCAPACITATING INJURY","2.0","0","0","2","0","1","0","12","1","X002316314",,,
"1b6f1df09b361f312d2c160817e98c401ccba1f770794b177a8bc2eb934f1b37705de3e7a0df687b38934850044b3698ac18d25a566fef322a23735af2d66df2",,"2021-07-10T16:47:00.000","30","TRAFFIC SIGNAL","FUNCTIONING PROPERLY","RAIN","DAYLIGHT","ANGLE","DIVIDED - W/MEDIAN BARRIER",,"STRAIGHT AND LEVEL","WET","UNKNOWN","ON SCENE","INJURY AND / OR TOW DUE TO CRASH","Y",,,"OVER $1,500","2021-07-10T17:04:00.000","NOT APPLICABLE","NOT APPLICABLE","499","N","LOWER LAKE SHORE DR","1834",,,,,,,"2.0","7","NO INDICATION OF INJURY","0.0","0","0","0","0","2","0","16","7","X002301300",,,
"d189666308bcfd4b79456d606be4c6dafe492fc32c9deefed0cb21adebf266061173b41e5745467ba4e96177a26666914956e4bb81f4272382073376ce5988b6",,"2021-07-20T20:10:00.000","45","TRAFFIC SIGNAL","FUNCTIONING PROPERLY","CLEAR","DARKNESS, LIGHTED ROAD","REAR END","NOT DIVIDED",,"STRAIGHT AND LEVEL","DRY","NO DEFECTS","NOT ON SCENE (DESK REPORT)","INJURY AND / OR TOW DUE TO CRASH",,,"Y","OVER $1,500","2021-07-20T20:42:00.000","DRIVING SKILLS/KNOWLEDGE/EXPERIENCE","NOT APPLICABLE","6256","S","LAKE SHORE DR","331",,,,,,,"2.0","7","NONINCAPACITATING INJURY","1.0","0","0","1","0","1","0","20","3","X002309907",,,
"24d55fb2a3ecc9d095eae5d61c41b942bee818e267cda15e32df81c208cec8f629a21a8c9e890cbbc09eb72e2e6cbd872692f45b9f1446bd9d58cddb22a58638","Y","2021-06-28T20:15:00.000","30","NO CONTROLS","NO CONTROLS","CLEAR","DUSK","REAR END","OTHER",,"STRAIGHT AND LEVEL","WET","NO DEFECTS","NOT ON SCENE (DESK REPORT)","NO INJURY / DRIVE AWAY",,,,"OVER $1,500","2021-06-28T22:27:00.000","UNABLE TO DETERMINE","UNABLE TO DETERMINE","98","W","I190 EXPY","1654",,,,,,,"2.0","6","NO INDICATION OF INJURY","0.0","0","0","0","0","2","0","20","2","X002291232",,,
"279aa7e05d387bf2f148ec9dcd0531dca1fc0538fcad2e7d52c6f6480e14552a269d675232f63392516bbfb171499b89a928c009704c7c6d85c4cdac441ed618",,"2021-08-01T18:20:00.000","30","NO CONTROLS","UNKNOWN","CLEAR","DAYLIGHT","ANGLE","NOT DIVIDED",,"STRAIGHT AND LEVEL","DRY","UNKNOWN","ON SCENE","NO INJURY / DRIVE AWAY",,,,"OVER $1,500","2021-08-01T18:22:00.000","FAILING TO REDUCE SPEED TO AVOID CRASH","NOT APPLICABLE","5251","S","CORNELL AVE","234",,,,,,,"2","8","NO INDICATION OF INJURY","0","0","0","0","0","2","0","18","1","X002322444","41.7998015818","-87.585403396","POINT (-87.585403395969 41.79980158177)"
"43d717fdd6ec6451729535f5fd447b45ddd99ddda8935fa47a477f35189dbb482428d4c5ef9ed0afedfc10ab56918bdcaccc9654b9d0f321064d48a8633b66e4",,"2021-06-25T15:30:00.000","30","TRAFFIC SIGNAL","FUNCTIONING PROPERLY","CLEAR","DAYLIGHT","TURNING","NOT DIVIDED",,"STRAIGHT AND LEVEL","WET","NO DEFECTS","ON SCENE","NO INJURY / DRIVE AWAY","Y",,"Y","OVER $1,500","2021-06-25T15:34:00.000","IMPROPER TURNING/NO SIGNAL","FAILING TO YIELD RIGHT-OF-WAY","598","N","COLUMBUS DR","1834","Y",,,,,,"2.0","6","NO INDICATION OF INJURY","0.0","0","0","0","0","3","0","15","6","X002283493",,,
"d9afd5ce66bf761b744b5eb687934ab80e56805d066235750e11ef89197220120c7789623e893609f9c2472c94085025575d6941efdbe9d2b772d0e10cea687a",,"2021-07-09T19:35:00.000","35","NO CONTROLS","NO CONTROLS","CLEAR","DUSK","REAR END","DIVIDED - W/MEDIAN (NOT RAISED)",,"STRAIGHT AND LEVEL","DRY","NO DEFECTS","ON SCENE","NO INJURY / DRIVE AWAY",,,,"OVER $1,500","2021-07-09T19:37:00.000","FOLLOWING TOO CLOSELY","DRIVING SKILLS/KNOWLEDGE/EXPERIENCE","4240","S","DR MARTIN LUTHER KING JR SD","213",,,,,,,"2.0","7","NO INDICATION OF INJURY","0.0","0","0","0","0","2","0","19","6","X002298893",,,
"47f47575bc2169bbf7a1a48c6cd8267e18f5936deedf5d225f4813b14c9bde32012029fe0ece17422aa3dabaee0b46b9a86c36bac11c8741c10f4b7b3a7fa441",,"2021-07-03T01:40:00.000","30","TRAFFIC SIGNAL","FUNCTIONING PROPERLY","CLEAR","DARKNESS, LIGHTED ROAD","TURNING","DIVIDED - W/MEDIAN BARRIER",,"STRAIGHT AND LEVEL","DRY","NO DEFECTS","ON SCENE","INJURY AND / OR TOW DUE TO CRASH","Y",,,"OVER $1,500","2021-07-03T01:41:00.000","TURNING RIGHT ON RED","NOT APPLICABLE","6259","S","LAKE SHORE DR","331",,,,,,,"2.0","7","NO INDICATION OF INJURY","0.0","0","0","0","0","2","0","1","7","X002291589",,,
"382cb6ab8a06308f3bcd05b71039bc9b172aad9b939b63aa6d0b57902f85e691425bcc70e6e6d7096ecf40bf967e48558973cea18bd3ce6e68d5d56ae88a8c87",,"2021-06-24T00:26:00.000","25","NO CONTROLS","NO CONTROLS","CLEAR","DARKNESS, LIGHTED ROAD","PARKED MOTOR VEHICLE","ONE-WAY",,"STRAIGHT AND LEVEL","DRY","NO DEFECTS","ON SCENE","INJURY AND / OR TOW DUE TO CRASH",,,,"OVER $1,500","2021-06-24T00:30:00.000","UNABLE TO DETERMINE","UNABLE TO DETERMINE","2198","W","FARGO AVE","2424",,,,,,,"3.0","6","NONINCAPACITATING INJURY","1.0","0","0","1","0","2","0","0","5","X002282970",,,
"e16fa4ad384ec860c6b94bcd7a7a440fff69ad06a4e97ac0432ca0c1ddee41fd3df99e8eb0d689aec25b10aa331643d681d173a8fbc9a152f4e885776797e6ea",,"2021-07-24T10:30:00.000","30","TRAFFIC SIGNAL","FUNCTIONING PROPERLY","CLEAR","DAYLIGHT","TURNING","RAMP",,"STRAIGHT ON HILLCREST","DRY","NO DEFECTS","NOT ON SCENE (DESK REPORT)","INJURY AND / OR TOW DUE TO CRASH","Y",,,"OVER $1,500","2021-07-24T10:42:00.000","IMPROPER TURNING/NO SIGNAL","NOT APPLICABLE","299","E","SOUTH WATER RAMP","114",,,,,,,"2.0","7","REPORTED, NOT EVIDENT","1.0","0","0","0","1","2","0","10","7","X002313620",,,
"a13b4f2d008120134c6af60860dbcaa78f7a12c56ebaa50a067c38e73fee7c4bdc636e5df6b12088f76db362208fb0522fdaf589c9c311f75cc9bc5ce9e3aaf2",,"2021-07-12T06:37:00.000","25","NO CONTROLS","NO CONTROLS","CLEAR","DAYLIGHT","SIDESWIPE SAME DIRECTION","ONE-WAY",,"STRAIGHT AND LEVEL","DRY","NO DEFECTS","ON SCENE","NO INJURY / DRIVE AWAY",,,,"OVER $1,500","2021-07-12T06:38:00.000","UNABLE TO DETERMINE","UNABLE TO DETERMINE","3","W","TERMINAL ST","1653",,,,,,,"2.0","7","NO INDICATION OF INJURY","0.0","0","0","0","0","2","0","6","2","X002302307",,,
"6346bb371a7578badb0a5204f5c7a849ddbfbe3ec276ceb6d3dbf66e124cba9f339c10e70109a24d1ad10d3832e022bb768d701dd655861752bdde76177b7f75",,"2021-06-26T19:28:00.000","20","NO CONTROLS","NO CONTROLS","RAIN","DUSK","ANGLE","ALLEY",,"STRAIGHT AND LEVEL","DRY","NO DEFECTS","NOT ON SCENE (DESK REPORT)","NO INJURY / DRIVE AWAY",,,,"$501 - $1,500","2021-06-26T20:56:00.000","NOT APPLICABLE","NOT APPLICABLE","5542","S","HOMAN AVE","822",,,,,,,"2","6","NO INDICATION OF INJURY","0","0","0","0","0","3","0","19","7","X002284561","41.7921643682","-87.7085681541","POINT (-87.708568154132 41.792164368177)"
"5bab31e2b63ae36e0c35638c0f3173ad5eca3be23dd514fc14a58cfa28a5facf92da9064add05372e2720a2bfdae7d3743ccb98f656d4c59d6f0655719566f91",,"2021-07-08T01:30:00.000","45","NO CONTROLS","NO CONTROLS","CLEAR","DARKNESS, LIGHTED ROAD","REAR END","DIVIDED - W/MEDIAN BARRIER",,"STRAIGHT ON GRADE","DRY","NO DEFECTS","ON SCENE","INJURY AND / OR TOW DUE TO CRASH",,,,"OVER $1,500","2021-07-08T01:35:00.000","FOLLOWING TOO CLOSELY","UNABLE TO DETERMINE","9800","W","KENNEDY EXPY IB","1654",,,,"Y","MAINTENANCE","Y","3.0","7","NO INDICATION OF INJURY","0.0","0","0","0","0","3","0","1","5","X002296723",,,
"0678db8f1b91743d359f345b7cd77d2dd08268e8a7abca3303c5badcd9011861f73594e0efab90fcd0b21edc8537b0bae6fa071e56eddcbdb3965ed5286674ab",,"2021-07-10T09:30:00.000","30","NO CONTROLS","NO CONTROLS","CLEAR","DAYLIGHT","REAR END","DIVIDED - W/MEDIAN BARRIER",,"STRAIGHT AND LEVEL","DRY","NO DEFECTS","ON SCENE","NO INJURY / DRIVE AWAY",,,,"OVER $1,500","2021-07-10T09:45:00.000","FOLLOWING TOO CLOSELY","NOT APPLICABLE","174","N","BESSIE COLEMAN DR","1654",,,,,,,"2.0","7","NO INDICATION OF INJURY","0.0","0","0","0","0","2","0","9","7","X002299872",,,
"b90cad8279ed2278390867504039a2ffe10643f42f80425e2bbcb3bc72cd72f7b026b2364e167e0e866be9bb8ff7310194b2de7908e5f199b233a017a77bb2fe",,"2021-07-08T10:18:00.000","20","NO CONTROLS","NO CONTROLS","CLOUDY/OVERCAST","DAYLIGHT","SIDESWIPE SAME DIRECTION","OTHER",,"STRAIGHT AND LEVEL","DRY","NO DEFECTS","ON SCENE","NO INJURY / DRIVE AWAY",,,"Y","OVER $1,500","2021-07-08T10:50:00.000","UNABLE TO DETERMINE","NOT APPLICABLE","3","W","TERMINAL ST","1653",,,,,,,"2.0","7","NO INDICATION OF INJURY","0.0","0","0","0","0","2","0","10","5","X002299866",,,
"916786e957b99ccefb6a2eca8abd17eea498281e7bde40c99dc6787a2206cda88356fca8afbb0cda64f5d82aba4a089dd0f022aca621f290565369ba1115fbda",,"2021-07-09T16:45:00.000","5","NO CONTROLS","NO CONTROLS","CLEAR","DAYLIGHT","PEDESTRIAN","PARKING LOT",,"STRAIGHT ON GRADE","DRY","UNKNOWN","NOT ON SCENE (DESK REPORT)","INJURY AND / OR TOW DUE TO CRASH",,"Y",,"OVER $1,500","2021-07-09T16:54:00.000","NOT APPLICABLE","NOT APPLICABLE","1","W","PARKING LOT D ST","1654",,,,,,,"2.0","7","INCAPACITATING INJURY","1.0","0","1","0","0","1","0","16","6","X002298755",,,
"8d16fd5e8adb8997dbdbcb61095b3775a199d27de6986a6873f2d3bc4efeef9b59f23dbeb29a258a33526e62b740ce9b1ec8248a1a53a873b36c3976ce295f3a",,"2021-06-18T07:55:00.000","45","TRAFFIC SIGNAL","FUNCTIONING PROPERLY","CLEAR","DAYLIGHT","FIXED OBJECT","DIVIDED - W/MEDIAN BARRIER",,"STRAIGHT AND LEVEL","DRY","NO DEFECTS","ON SCENE","NO INJURY / DRIVE AWAY",,,,"$501 - $1,500","2021-06-18T08:00:00.000","UNABLE TO DETERMINE","NOT APPLICABLE","6299","S","LAKE SHORE DR","331",,,,,,,"1.0","6","NO INDICATION OF INJURY","0.0","0","0","0","0","1","0","7","6","X002276143",,,
"61ec2575328910c9489c125e33593d56ef60785c692cc5a28d926cfcf5f5d516959bea4f4187e631fcc1c93db691dff00dff88e15ba2be85938d32bda11f4e01",,"2021-07-02T17:15:00.000","60","NO CONTROLS","NO CONTROLS","CLEAR","DAYLIGHT","REAR TO FRONT","OTHER",,"STRAIGHT AND LEVEL","DRY","NO DEFECTS","NOT ON SCENE (DESK REPORT)","NO INJURY / DRIVE AWAY",,,,"$501 - $1,500","2021-07-02T18:00:00.000","UNABLE TO DETERMINE","UNABLE TO DETERMINE","8931","S","CHICAGO SKYWAY IB","423",,,,,,,"2.0","7","NO INDICATION OF INJURY","0.0","0","0","0","0","2","0","17","6","X002291300",,,
"d43e6756829d461600c6535243b986a8cefc215054fc9c8f162b267a7ed36acd3e8a2f3b1744e9bb620b25e793a1164434e2db8b460c5487cdc987f927e3976d",,"2021-06-19T21:52:00.000","30","TRAFFIC SIGNAL","FUNCTIONING PROPERLY","CLEAR","DARKNESS, LIGHTED ROAD","REAR END","DIVIDED - W/MEDIAN BARRIER",,"STRAIGHT AND LEVEL","DRY","UNKNOWN","NOT ON SCENE (DESK REPORT)","NO INJURY / DRIVE AWAY",,,"Y","$500 OR LESS","2021-06-19T22:29:00.000","FOLLOWING TOO CLOSELY","UNABLE TO DETERMINE","342","N","LOWER COLUMBUS DR","114",,,,,,,"2.0","6","NO INDICATION OF INJURY","0.0","0","0","0","0","2","0","21","7","X002277808",,,
"b33f4e58dc751e178312f114705633a921fafbba9fb257c87d5c46ae3f36b4d99fee16c690d4d5360f6c800ab812fb8ed8fd349f79c2c1837e604244fbd81cab","Y","2021-06-17T15:35:00.000","20","NO CONTROLS","UNKNOWN","CLEAR","DAYLIGHT","PARKED MOTOR VEHICLE","PARKING LOT",,"STRAIGHT AND LEVEL","DRY","NO DEFECTS","ON SCENE","NO INJURY / DRIVE AWAY",,,"Y","OVER $1,500","2021-06-17T15:50:00.000","UNABLE TO DETERMINE","UNABLE TO DETERMINE","1","W","PARKING LOT C ST","1654",,,,,,,"2.0","6","NO INDICATION OF INJURY","0.0","0","0","0","0","1","0","15","5","X002274412",,,
"c25cdf7209c39b433f6faa0c6aba8972116079e497af0fddfca7d8a0eb1f7d84ad4d9e6f4f00889e2c248807d2ab6c3063a063e688e2d9d197cd02038f829c6f","Y","2021-07-27T13:26:00.000","30","NO CONTROLS","NO CONTROLS","CLEAR","DAYLIGHT","SIDESWIPE SAME DIRECTION","NOT DIVIDED",,"STRAIGHT AND LEVEL","DRY","NO DEFECTS","ON SCENE","INJURY AND / OR TOW DUE TO CRASH",,,"Y","OVER $1,500","2021-07-27T13:27:00.000","FAILING TO YIELD RIGHT-OF-WAY","UNABLE TO DETERMINE","1750","S","CALIFORNIA AVE","1022",,,,,,,"2.0","7","NO INDICATION OF INJURY","0.0","0","0","0","0","2","0","13","3","X002319118",,,
"06f0273866e3ac053f91f822ec888ca93b7aa858faa7c08ef1c642172ce1d49f482cdb962806bce5b53f773c48d08968a7f6134d537cae08194ecf2241e76801",,"2025-01-19T15:40:00.000","45","OTHER","FUNCTIONING PROPERLY","CLEAR","DAYLIGHT","REAR END","OTHER",,"STRAIGHT AND LEVEL","DRY","NO DEFECTS","ON SCENE","INJURY AND / OR TOW DUE TO CRASH",,,,"OVER $1,500","2025-01-19T15:48:00.000","FOLLOWING TOO CLOSELY","FOLLOWING TOO CLOSELY","8900","S","CHICAGO SKYWAY OB","423",,,,,,,"2.0","1","REPORTED, NOT EVIDENT","1.0","0","0","0","1","1","0","15","1","X003697374",,,
"39416ac0eb4cda04552bc0aa680001bd1cd605f4dcd2d2159bd86d7eef551483dc5a9a43e19940aa59c9b9605555a9871d305963e3f1599ce5ac8d3be7f8eee5",,"2017-10-11T23:00:00.000","35","NO CONTROLS","NO CONTROLS","RAIN","DARKNESS","PARKED MOTOR VEHICLE","ONE-WAY","1","STRAIGHT AND LEVEL","WET","NO DEFECTS","ON SCENE","NO INJURY / DRIVE AWAY",,,"Y","OVER $1,500","2017-10-11T23:13:00.000","NOT APPLICABLE","NOT APPLICABLE","4619","S","DR MARTIN LUTHER KING JR SD","221",,,,,,,"4.0","10","NO INDICATION OF INJURY","0.0","0","0","0","0","1","0","23","4","X000947756",,,
"2e3c7187c99924acffea9f0d8f7fd5347d9441e4024e70807d22fd0491a96379deed7baa2504429fdfe979e1c40d3b104af364f4d2899052c231681485666fd6",,"2025-01-01T12:30:00.000","30","NO CONTROLS","NO CONTROLS","CLEAR","DAYLIGHT","REAR END","OTHER",,"STRAIGHT AND LEVEL","DRY","NO DEFECTS","ON SCENE","INJURY AND / OR TOW DUE TO CRASH",,,,"OVER $1,500","2025-01-01T13:30:00.000","FOLLOWING TOO CLOSELY","NOT APPLICABLE","5","W","TERMINAL ST","1655",,,,,,,"2.0","1","NO INDICATION OF INJURY","0.0","0","0","0","0","2","0","12","4","X003677697",,,
"58b50b2d9ef75570abb6662e1551559ce1ee455126cc49a6c76e4e2d666cc46b2bdc3c9cdd2d2c49a6a39c0e8eb04617f7f5c5e795cf1d166c5e76a612fc67f8",,"2025-01-17T19:00:00.000","30","NO CONTROLS","NO CONTROLS","CLEAR","DARKNESS, LIGHTED ROAD","TURNING","ONE-WAY",,"STRAIGHT AND LEVEL","DRY","NO DEFECTS","ON SCENE","NO INJURY / DRIVE AWAY",,,,"OVER $1,500","2025-01-17T19:05:00.000","DRIVING SKILLS/KNOWLEDGE/EXPERIENCE","UNABLE TO DETERMINE","10909","W","HIGGINS RD","1654",,,,,,,"2.0","1","NO INDICATION OF INJURY","0.0","0","0","0","0","2","0","19","6","X003697039",,,
"fbe355e083099d680f3b22453446ec5179c12208fcf56a23bb1701ec6ce90671636f69c51cccdbb8470c1270fc1ef7242762306804287c5817cf37792e535534",,"2025-01-06T15:08:00.000","30","TRAFFIC SIGNAL","FUNCTIONING PROPERLY","CLEAR","DUSK","TURNING","FOUR WAY",,"STRAIGHT AND LEVEL","WET","NO DEFECTS","ON SCENE","NO INJURY / DRIVE AWAY",,,,"OVER $1,500","2025-01-06T15:10:00.000","DRIVING SKILLS/KNOWLEDGE/EXPERIENCE","UNABLE TO DETERMINE","524","W","OHARE ST","1654",,,,,,,"2.0","1","NO INDICATION OF INJURY","0.0","0","0","0","0","2","0","15","2","X003682190",,,
"2a665a0e1c74f3ebe0a4fce545609fd94f9a18b8034f380b33bb0c0ec40c7ae2ae1587531dcd227da5a1c53eac407df4d54733ea44b527d4a82c0ad8da0a57f7",,"2021-07-18T17:05:00.000","15","NO CONTROLS","NO CONTROLS","CLEAR","DAYLIGHT","PARKED MOTOR VEHICLE","OTHER",,"STRAIGHT AND LEVEL","DRY","NO DEFECTS","ON SCENE","NO INJURY / DRIVE AWAY",,,,"$501 - $1,500","2021-07-18T17:10:00.000","FAILING TO YIELD RIGHT-OF-WAY","UNABLE TO DETERMINE","3","W","TERMINAL ST","1653",,,,,,,"2.0","7","NO INDICATION OF INJURY","0.0","0","0","0","0","1","0","17","1","X002308540",,,
"03eddd338520bdc450568fd5f69045553be520a11ce6e09b98058c880acbe1a23afc5f48fe1400398f31fa8c8a55eef052503e36366cf4025c774f1df0d0ad5e",,"2021-06-25T15:45:00.000","10","NO CONTROLS","NO CONTROLS","RAIN","DAYLIGHT","PARKED MOTOR VEHICLE","PARKING LOT",,"STRAIGHT AND LEVEL","WET","NO DEFECTS","ON SCENE","NO INJURY / DRIVE AWAY",,,"Y","$501 - $1,500","2021-06-25T16:05:00.000","DRIVING SKILLS/KNOWLEDGE/EXPERIENCE","UNABLE TO DETERMINE","632","W","OHARE ST","1654",,,,,,,"2.0","6","NO INDICATION OF INJURY","0.0","0","0","0","0","1","0","15","6","X002283621",,,
"7395b0a5bf23aa8562e2b78de68a32a57a4be4a3ee8376a4392cc66e4aa559c2867e0ad172127e6f2f61f241352bc27383fd69768c62c308c65bd13e0db1fd03",,"2021-06-30T14:00:00.000","55","NO CONTROLS","NO CONTROLS","RAIN","DAYLIGHT","FIXED OBJECT","DIVIDED - W/MEDIAN BARRIER",,"CURVE ON GRADE","WET","NO DEFECTS","ON SCENE","INJURY AND / OR TOW DUE TO CRASH",,,,"OVER $1,500","2021-06-30T14:30:00.000","WEATHER","UNABLE TO DETERMINE","6901","S","CHICAGO SKYWAY IB","322",,,,,,,"1.0","6","NO INDICATION OF INJURY","0.0","0","0","0","0","1","0","14","4","X002289348",,,
"d6edd1460b17f760928d85c4515ceaf1c612e36bad2697dcacc9f6d526cb26b5d8f411cd6885a0f3d1fc63950fdf2ad08952454af6a7b98b578f96cc2b0b1ea7",,"2021-07-25T17:37:00.000","15","NO CONTROLS","NO CONTROLS","CLEAR","DAYLIGHT","REAR END","PARKING LOT",,"STRAIGHT AND LEVEL","DRY","NO DEFECTS","ON SCENE","NO INJURY / DRIVE AWAY",,,,"$500 OR LESS","2021-07-25T17:39:00.000","PHYSICAL CONDITION OF DRIVER","NOT APPLICABLE","5","W","TERMINAL ST","1655",,,,,,,"2.0","7","NO INDICATION OF INJURY","0.0","0","0","0","0","6","0","17","1","X002314965",,,
"8167fc025bce0eba6b0af071dba0ededa8eba1749be65d402cabd9152eccc6259373f9c90586437b120604484cdc6ef90e7a156eefcb0518974c8225a8a1f996",,"2021-07-02T07:50:00.000","30","FLASHING CONTROL SIGNAL","FUNCTIONING PROPERLY","CLEAR","DAYLIGHT","FIXED OBJECT","PARKING LOT",,"STRAIGHT AND LEVEL","DRY","NO DEFECTS","ON SCENE","INJURY AND / OR TOW DUE TO CRASH",,,"Y","OVER $1,500","2021-07-02T07:55:00.000","UNABLE TO DETERMINE","UNABLE TO DETERMINE","1","W","PARKING LOT A ST","1654",,,,,,,"1.0","7","NO INDICATION OF INJURY","0.0","0","0","0","0","1","0","7","6","X002290761",,,
"9e5b0952f51f18089c53268a0f008029d40e4a13d4cb80177ec704f7236214e588f8f2e32a2f29ba5f3a69ff8198eabe262d27e08d8a49806e120f6bf9e3bee9",,"2021-07-02T22:00:00.000","15","OTHER","OTHER","CLEAR","DARKNESS, LIGHTED ROAD","SIDESWIPE SAME DIRECTION","ONE-WAY",,"STRAIGHT AND LEVEL","DRY","NO DEFECTS","ON SCENE","NO INJURY / DRIVE AWAY",,,"Y","OVER $1,500","2021-07-02T22:05:00.000","IMPROPER LANE USAGE","UNABLE TO DETERMINE","3","W","TERMINAL ST","1653",,,,,,,"2.0","7","NO INDICATION OF INJURY","0.0","0","0","0","0","2","0","22","6","X002291337",,,
"69045b03078ed0ab9901f52876ac2f71d9d29d51736a0e88ee7b6e802aeb530a2a3d20db095d52ca7bc4c58f21061fb8b0759661722c51b9b7147c32f7654bfb",,"2021-07-11T07:40:00.000","30","TRAFFIC SIGNAL","FUNCTIONING PROPERLY","RAIN","DAYLIGHT","REAR END","ONE-WAY",,"STRAIGHT AND LEVEL","WET","NO DEFECTS","NOT ON SCENE (DESK REPORT)","NO INJURY / DRIVE AWAY","Y",,,"$501 - $1,500","2021-07-11T08:00:00.000","UNABLE TO DETERMINE","NOT APPLICABLE","4659","S","WELLS ST","925","Y",,,,,,"2.0","7","NO INDICATION OF INJURY","0.0","0","0","0","0","2","0","7","1","X002299987",,,
"f90931c2c33b1af8e24c28f8a14cfaaf53dbde8918b0fcdce85981136ff8d8d9ed82f93b1fb2689a0f962c2ebacca1b12416bb1237c95634c367ac4f32983d1d","Y","2021-07-16T17:00:00.000","30","NO CONTROLS","NO CONTROLS","CLOUDY/OVERCAST","DAYLIGHT","PARKED MOTOR VEHICLE","PARKING LOT",,"STRAIGHT AND LEVEL","DRY","NO DEFECTS","ON SCENE","NO INJURY / DRIVE AWAY",,,,"OVER $1,500","2021-07-16T17:00:00.000","UNABLE TO DETERMINE","UNABLE TO DETERMINE","517","W","OHARE ST","1654",,,,,,,"2.0","7","NO INDICATION OF INJURY","0.0","0","0","0","0","1","0","17","6","X002305978",,,
"461101c4d2a02d0bae20517050af1569f37e47368291e88a1e3c166d984608b7be1ea47527301f842bb3ed3b9d2ad10809852d1f42c6b52ccb0b2ded759bc7b4",,"2021-06-25T10:20:00.000","20","NO CONTROLS","NO CONTROLS","RAIN","DAYLIGHT","PARKED MOTOR VEHICLE","ONE-WAY",,"CURVE, LEVEL","WET","NO DEFECTS","ON SCENE","NO INJURY / DRIVE AWAY",,,,"OVER $1,500","2021-06-25T10:25:00.000","DISTRACTION - FROM OUTSIDE VEHICLE","UNABLE TO DETERMINE","2","W","TERMINAL ST","1652",,,,,,,"2.0","6","NO INDICATION OF INJURY","0.0","0","0","0","0","1","0","10","6","X002283310",,,
"9626b86c2d54f113c6a16bf28b201868bfddb53bc01c4dd5d9e716244cb6f1f8779710b815472f9f8023f71666e47f3dc31705fe4ae46bb436f14ac46485925f",,"2021-07-24T22:31:00.000","25","NO CONTROLS","NO CONTROLS","CLEAR","DARKNESS, LIGHTED ROAD","SIDESWIPE SAME DIRECTION","ONE-WAY",,"CURVE ON GRADE","DRY","NO DEFECTS","ON SCENE","NO INJURY / DRIVE AWAY",,,,"$501 - $1,500","2021-07-24T22:36:00.000","IMPROPER LANE USAGE","NOT APPLICABLE","1","W","TERMINAL ST","1651",,"Y",,,,,"2.0","7","NO INDICATION OF INJURY","0.0","0","0","0","0","3","0","22","7","X002314962",,,
"40e00198b2fa1998793e567a04f2dfc155f40fa918deb4e5223dc0c9ff2c9977a15cf016e052a6c7f8e3c52206b2123052d6abe3520caa3b7cf28c927c667143",,"2021-07-16T11:15:00.000","15","NO CONTROLS","NO CONTROLS","CLOUDY/OVERCAST","DAYLIGHT","REAR END","PARKING LOT",,"STRAIGHT AND LEVEL","DRY","NO DEFECTS","ON SCENE","NO INJURY / DRIVE AWAY",,,,"$501 - $1,500","2021-07-16T11:20:00.000","UNABLE TO DETERMINE","UNABLE TO DETERMINE","616","W","OHARE ST","1654",,,,,,,"2.0","7","NO INDICATION OF INJURY","0.0","0","0","0","0","2","0","11","6","X002306225",,,
"f265045b8a75571526498d4fa13f781b13c4400a5279e3ce716c1e227e8f28aba7e704b52519cf9613a36d90459613eabc4c22fc161ed3afda8f2b4e994ba9cf",,"2021-06-18T17:15:00.000","15","NO CONTROLS","NO CONTROLS","CLEAR","DAYLIGHT","SIDESWIPE SAME DIRECTION","DIVIDED - W/MEDIAN BARRIER",,"STRAIGHT AND LEVEL","DRY","NO DEFECTS","ON SCENE","NO INJURY / DRIVE AWAY",,,"Y","$501 - $1,500","2021-06-18T17:25:00.000","UNABLE TO DETERMINE","NOT APPLICABLE","8801","S","CHICAGO SKYWAY IB","423",,,,,,,"2.0","6","NO INDICATION OF INJURY","0.0","0","0","0","0","2","0","17","6","X002276144",,,
"842014bf9b3f0b2eee1cd79c4ebcd0f145ac8a01bf8d674a9d186e96468722b225405c3fcf6125200f5ed6c2673e05ae0c6f199d54cc989098bf831406cef4e9",,"2021-08-05T13:50:00.000","20","NO CONTROLS","NO CONTROLS","CLEAR","DAYLIGHT","TURNING","NOT DIVIDED",,"STRAIGHT AND LEVEL","DRY","NO DEFECTS","ON SCENE","INJURY AND / OR TOW DUE TO CRASH",,,,"OVER $1,500","2021-08-05T14:07:00.000","UNABLE TO DETERMINE","NOT APPLICABLE","515","W","OHARE ST","1654",,,,,,,"2.0","8","NO INDICATION OF INJURY","0.0","0","0","0","0","2","0","13","5","X002326805",,,
"38e1976436484098797435f7fad78285660f883b839fa67c5e4cca837ae56e566228e74c5556ea5e1c3fca7ea628c3400c3a764c6f4d805f7fd6d5046e07051e",,"2021-07-07T11:18:00.000","25","YIELD","FUNCTIONING PROPERLY","CLEAR","DAYLIGHT","REAR END","OTHER",,"CURVE, LEVEL","DRY","NO DEFECTS","NOT ON SCENE (DESK REPORT)","NO INJURY / DRIVE AWAY",,,,"OVER $1,500","2021-07-07T11:20:00.000","DISTRACTION - OTHER ELECTRONIC DEVICE (NAVIGATION DEVICE, DVD PLAYER, ETC.)","IMPROPER LANE USAGE","3","W","TERMINAL ST","1653",,,,,,,"2.0","7","NO INDICATION OF INJURY","0.0","0","0","0","0","3","0","11","4","X002296741",,,
"4cde82fa90044585eb26f8583fa86735b23c255b5088c2dddcc601a53e67cc8c45ef59bfecac7362eeb20255994201aa39e9e1d0e886b7c6ccbe6cfdd733d931",,"2021-06-29T17:15:00.000","30","TRAFFIC SIGNAL","UNKNOWN","CLEAR","DAYLIGHT","SIDESWIPE SAME DIRECTION","NOT DIVIDED",,"STRAIGHT AND LEVEL","DRY","UNKNOWN","NOT ON SCENE (DESK REPORT)","NO INJURY / DRIVE AWAY","Y",,"Y","OVER $1,500","2021-06-30T15:31:00.000","UNABLE TO DETERMINE","UNABLE TO DETERMINE","5500","S","WENTWORTH AVE","225",,,,,,,"2.0","6","NO INDICATION OF INJURY","0.0","0","0","0","0","2","0","17","3","X002289128",,,
"19e2c35e136f16810dad18102a0c4b676ca532fc4b390b332d692fdba990696ab87f97ffd1bef71cd313b5e7b7001305bd6ab353b8d74ff4820840d687b9a451",,"2021-07-19T13:30:00.000","15","NO CONTROLS","NO CONTROLS","CLEAR","DAYLIGHT","PARKED MOTOR VEHICLE","PARKING LOT",,"STRAIGHT AND LEVEL","DRY","NO DEFECTS",,"NO INJURY / DRIVE AWAY",,,,"OVER $1,500","2021-07-19T13:40:00.000","UNABLE TO DETERMINE","UNABLE TO DETERMINE","410","W","OHARE ST","1651",,,,,,,"2.0","7","NO INDICATION OF INJURY","0.0","0","0","0","0","1","0","13","2","X002308544",,,
"668994c565902aa0963bb4bd49e7509b21761ef53e250c2a61bd6dd90d8d7591aaf6daeab05203e3b771e37d4eaf79822131c302f26bf5e401a5f93725193094",,"2021-07-25T10:25:00.000","15","NO CONTROLS","NO CONTROLS","CLEAR","DAYLIGHT","TURNING","T-INTERSECTION",,"STRAIGHT AND LEVEL","DRY","NO DEFECTS","ON SCENE","NO INJURY / DRIVE AWAY","Y",,,"OVER $1,500","2021-07-25T10:25:00.000","UNABLE TO DETERMINE","UNABLE TO DETERMINE","516","W","OHARE ST","1654",,,,,,,"2.0","7","NO INDICATION OF INJURY","0.0","0","0","0","0","2","0","10","1","X002314500",,,
"18be16b420d5ff2a63c4f4c6b788d598c1292e71ccf7cbd86403c09f95f71f06df4c702b018e4cfcebfb708de1a049ed774d6bce3ff840ed2d5eada127276bb9",,"2021-07-02T20:00:00.000","30","NO CONTROLS","NO CONTROLS","CLEAR","DAYLIGHT","SIDESWIPE SAME DIRECTION","ONE-WAY",,"STRAIGHT AND LEVEL","DRY","UNKNOWN","NOT ON SCENE (DESK REPORT)","NO INJURY / DRIVE AWAY",,,,"OVER $1,500","2021-07-02T20:05:00.000","IMPROPER LANE USAGE","UNABLE TO DETERMINE","517","W","OHARE ST","1654",,,,,,,"2.0","7","NO INDICATION OF INJURY","0.0","0","0","0","0","2","0","20","6","X002292088",,,
"890b17e9a94ee42d72717af3bb02279d0cee13beb156c6f1d2946b480c4b2d5e4e62888fe08eeac21a3551eee38da7cc11018da0222dbdbfe34d404bf152d89c","Y","2021-06-20T20:32:00.000","15","NO CONTROLS","NO CONTROLS","CLEAR","DAYLIGHT","PARKED MOTOR VEHICLE","PARKING LOT",,"STRAIGHT AND LEVEL","DRY","NO DEFECTS","ON SCENE","NO INJURY / DRIVE AWAY",,,"Y","$501 - $1,500","2021-06-20T20:33:00.000","DRIVING SKILLS/KNOWLEDGE/EXPERIENCE","NOT APPLICABLE","1","W","PARKING LOT A ST","1654",,,,,,,"2.0","6","NO INDICATION OF INJURY","0.0","0","0","0","0","1","0","20","1","X002278618",,,
"831cbdccd943218886b996e322f20324ee8d23916cdb23a92419c06fbe4f080380e65293b4e0e4184377b719fe2beda597bd6ec5a294e869cc611819ddf78ac5",,"2021-07-12T20:11:00.000","10","NO CONTROLS","NO CONTROLS","CLEAR","DUSK","FIXED OBJECT","PARKING LOT",,"STRAIGHT AND LEVEL","DRY","NO DEFECTS","ON SCENE","NO INJURY / DRIVE AWAY",,"Y",,"OVER $1,500","2021-07-12T20:11:00.000","UNABLE TO DETERMINE","NOT APPLICABLE","2425","E","71ST ST","334",,,,,,,"1.0","7","NO INDICATION OF INJURY","0.0","0","0","0","0","2","0","20","2","X002301723",,,
"cffd192172454a968ec33b25b40c4b9d6a572721986bff8ceb35c14c92ac1fb040281e90acd3ffbab93ec0236036af2c29ec25dfe2f390b36c3511aed408f933",,"2021-07-04T13:42:00.000","15","NO CONTROLS","NO CONTROLS","CLEAR","DAYLIGHT","REAR TO REAR","PARKING LOT",,"STRAIGHT AND LEVEL","DRY","NO DEFECTS","ON SCENE","NO INJURY / DRIVE AWAY",,,,"$501 - $1,500","2021-07-04T14:00:00.000","UNABLE TO DETERMINE","UNABLE TO DETERMINE","630","W","OHARE ST","1654",,,,,,,"2.0","7","NO INDICATION OF INJURY","0.0","0","0","0","0","2","0","13","1","X002292962",,,
"310c5365028b1e790f9df5e21ad56926c9b2b49605b6929c3f3d73018faf64fc9cdd1535b3bf106a03454e85c1960452fd1fc48495e7593159e12c6d9bbc4ae8",,"2021-06-25T07:00:00.000","15","NO CONTROLS","NO CONTROLS","RAIN","DAYLIGHT","SIDESWIPE SAME DIRECTION","ONE-WAY",,"STRAIGHT AND LEVEL","WET","NO DEFECTS","ON SCENE","NO INJURY / DRIVE AWAY",,,,"OVER $1,500","2021-06-25T07:10:00.000","UNABLE TO DETERMINE","NOT APPLICABLE","2","W","TERMINAL ST","1652",,,,,,,"2.0","6","NO INDICATION OF INJURY","0.0","0","0","0","0","2","0","7","6","X002297257",,,
"dd22275ec5f191ca45bb19e6511d9939c3cc35f1eccfe6985990afa5bfb0235dd4ed875baf9b1bf36c6c4ede3b40f0774e2a459d135676c81b425420bed241e6",,"2021-10-10T11:17:00.000","30","TRAFFIC SIGNAL","FUNCTIONING PROPERLY","CLOUDY/OVERCAST","DAYLIGHT","ANGLE","FOUR WAY",,"STRAIGHT AND LEVEL","DRY","NO DEFECTS","ON SCENE","INJURY AND / OR TOW DUE TO CRASH","Y",,"Y","OVER $1,500","2021-10-10T11:17:00.000","DISREGARDING TRAFFIC SIGNALS","NOT APPLICABLE","5700","S","WENTWORTH AVE","232",,,,,,,"2.0","10","NONINCAPACITATING INJURY","2.0","0","0","2","0","2","0","11","1","X002398575",,,
"c3f323e8d023322b502ac115f51518757366ed49799fb93c04f3df96574640ba2332d0c61372370c659183101a3a9cfe6156967f042807b4478dde8fb0a80da9",,"2021-06-18T21:19:00.000","20","NO CONTROLS","NO CONTROLS","CLEAR","DARKNESS, LIGHTED ROAD","REAR END","ONE-WAY",,"STRAIGHT AND LEVEL","DRY","UNKNOWN","NOT ON SCENE (DESK REPORT)","NO INJURY / DRIVE AWAY",,,,"$500 OR LESS","2021-06-18T21:50:00.000","FOLLOWING TOO CLOSELY","NOT APPLICABLE","3","W","TERMINAL ST","1653",,,,"Y","CONSTRUCTION",,"2.0","6","NO INDICATION OF INJURY","0.0","0","0","0","0","2","0","21","6","X002276817",,,
"078ef2602b37e1bafd1a3088403d64d0aaa80de34a368a291744d1f7371d3c0d05fdafda1d0d35d64b4d8fc799de184202a80d68a8c5bd92571ebb430206d145",,"2021-08-03T19:05:00.000","30","NO CONTROLS","NO CONTROLS","CLEAR","DAYLIGHT","ANIMAL","OTHER",,"STRAIGHT AND LEVEL","DRY","UNKNOWN","ON SCENE","NO INJURY / DRIVE AWAY",,,,"$500 OR LESS","2021-08-03T19:05:00.000","UNABLE TO DETERMINE","NOT APPLICABLE","1055","W","PRATT BLVD","2432",,,,,,,"1","8","NO INDICATION OF INJURY","0","0","0","0","0","1","0","19","3","X002324953","42.005469525","-87.6582134037","POINT (-87.658213403656 42.005469525033)"
"0c129a08d2a38e1a4fa481959d9fae7fbe8402dd0324a1a4db80ec2a6d533da4b9fc73959ba864bfcdc5c213b99d25b8c4e0917a663ed6c452ee6a4fe804583d","Y","2021-06-20T21:00:00.000","10","NO CONTROLS","NO CONTROLS","CLEAR","DARKNESS, LIGHTED ROAD","PARKED MOTOR VEHICLE","PARKING LOT",,"STRAIGHT AND LEVEL","DRY","NO DEFECTS","ON SCENE","NO INJURY / DRIVE AWAY",,"N","Y","OVER $1,500","2021-06-20T21:50:00.000","UNABLE TO DETERMINE","UNABLE TO DETERMINE","1","W","PARKING LOT C ST","1654",,,,,,,"2.0","6","NO INDICATION OF INJURY","0.0","0","0","0","0","1","0","21","1","X002280368",,,
"7019650ac01fbbd3ef746242f93867abe07021c2de43a969182ed2252974078b0e8c3251cbce910eb23623629ec4718ed6fa46b57e1e34a244533ddc7746b67b",,"2025-02-02T00:55:00.000","15","NO CONTROLS","NO CONTROLS","CLEAR","DARKNESS, LIGHTED ROAD","FIXED OBJECT","PARKING LOT",,"STRAIGHT AND LEVEL","UNKNOWN","UNKNOWN","ON SCENE","INJURY AND / OR TOW DUE TO CRASH",,,,"OVER $1,500","2025-02-02T00:55:00.000","UNABLE TO DETERMINE","UNABLE TO DETERMINE","3800","E","100TH DR","432",,,,,,,"1.0","2",,,,,,,,,"0","1","X003710921",,,
"d6f610834ee9bf4a31c787741aec9f0242114ca9a776efa2baa3ed45f38cf2742252339f256f8061dac26837f0f31b5b04291dffd07ffebb2103b072f862343a",,"2021-06-20T10:00:00.000","30","NO CONTROLS","NO CONTROLS","UNKNOWN","UNKNOWN","PARKED MOTOR VEHICLE","ONE-WAY",,"STRAIGHT AND LEVEL","DRY","UNKNOWN","ON SCENE","NO INJURY / DRIVE AWAY",,,"Y","OVER $1,500","2021-06-22T10:30:00.000","UNABLE TO DETERMINE","NOT APPLICABLE","4747","S","DR MARTIN LUTHER KING JR SD","223",,,,,,,"2.0","6","NO INDICATION OF INJURY","0.0","0","0","0","0","1","0","10","1","X002279980",,,
"b89da8e5aae34e762eb85beb4081f3a43beaa633ded545f9cf04ddca33a22f3757fb11bc24e1c46f7c8337aa517a71c46c923d87cbfd70d5c5870fbd7ce7a7d7",,"2021-07-19T17:01:00.000","15","NO CONTROLS","NO CONTROLS","CLEAR","DAYLIGHT","REAR TO FRONT","PARKING LOT",,"STRAIGHT AND LEVEL","DRY","NO DEFECTS","ON SCENE","INJURY AND / OR TOW DUE TO CRASH",,"N",,"OVER $1,500","2021-07-19T17:03:00.000","IMPROPER BACKING","NOT APPLICABLE","517","W","OHARE ST","1654",,,,,,,"2.0","7","NO INDICATION OF INJURY","0.0","0","0","0","0","3","0","17","2","X002311676",,,
"41fd6fa41321568ec9327a96db7694887a2c225b0116972c2471ccabaed8fef458b3c11edd1d4b2024f5d242ca9b814ca16691bfd1a8de1503504ebe1fbf2350",,"2021-07-07T09:30:00.000","40","TRAFFIC SIGNAL","FUNCTIONING PROPERLY","CLEAR","DAYLIGHT","REAR END","DIVIDED - W/MEDIAN BARRIER",,"STRAIGHT AND LEVEL","DRY","NO DEFECTS","ON SCENE","INJURY AND / OR TOW DUE TO CRASH",,,,"OVER $1,500","2021-07-07T09:31:00.000","UNABLE TO DETERMINE","NOT APPLICABLE","12809","W","IRVING PARK RD","1654",,,,,,,"2.0","7","NO INDICATION OF INJURY","0.0","0","0","0","0","2","0","9","4","X002296735",,,
"7d4c14cc07239f005afe3e71923a4d8683909baba77dd0b559c358c6002e6c21d167a1686190874b496fb775d84c081e2e1e0c27e8dfe1c711081b74fea40d24",,"2021-08-01T19:14:00.000","10","NO CONTROLS","NO CONTROLS","CLEAR","DAYLIGHT","REAR END","PARKING LOT",,"STRAIGHT AND LEVEL","DRY","NO DEFECTS","ON SCENE","NO INJURY / DRIVE AWAY",,,,"$501 - $1,500","2021-08-01T19:17:00.000","FOLLOWING TOO CLOSELY","NOT APPLICABLE","5","W","TERMINAL ST","1655",,,,,,,"2.0","8","NO INDICATION OF INJURY","0.0","0","0","0","0","5","0","19","1","X002328128",,,
"8b873d27c0e6efa244148889d0d4ac424a32007c0e63f6c2d87f6eaa9dbddbb0dd6bbe06d93defb2b9657b6f2ba58fd35e87fb88dfb231dcc956f1753c5eabad",,"2021-07-07T12:20:00.000","30","NO CONTROLS","NO CONTROLS","CLEAR","DAYLIGHT","PARKED MOTOR VEHICLE","DRIVEWAY",,"STRAIGHT AND LEVEL","DRY","NO DEFECTS","ON SCENE","NO INJURY / DRIVE AWAY",,"Y",,"$501 - $1,500","2021-07-07T12:21:00.000","NOT APPLICABLE","NOT APPLICABLE","1701","W","35TH ST","912",,,,,,,"2","7","NO INDICATION OF INJURY","0","0","0","0","0","1","0","12","4","X002297073","41.8303636184","-87.668011956","POINT (-87.668011955971 41.830363618422)"
"e904a6b1775abfcec58a21aadd1174969f05931048f0e3dbe7236f4877c0feb9189d9d2942f66083467fd88d73f346c04636a213d908893ed71edf9eccc6ffdc",,"2021-07-09T20:02:00.000","30","NO CONTROLS","FUNCTIONING PROPERLY","CLEAR","DAYLIGHT","PEDALCYCLIST","FOUR WAY",,"STRAIGHT AND LEVEL","DRY","NO DEFECTS","ON SCENE","INJURY AND / OR TOW DUE TO CRASH",,,,"OVER $1,500","2021-07-09T20:02:00.000","BICYCLE ADVANCING LEGALLY ON RED LIGHT","NOT APPLICABLE","2545","E","71ST ST","334",,,,,,,"2.0","7","NONINCAPACITATING INJURY","1.0","0","0","1","0","1","0","20","6","X002298867",,,
"0aae434f79b11a3bc1998477a4cc7ec3417a6d4feac1524f7de19d6c69ea0e76c84f76d50f4f3c2f3aef3098d2fe02e21c62df9d3318a32dc0a5b5f4630db465",,"2021-07-17T01:35:00.000","35","FLASHING CONTROL SIGNAL","FUNCTIONING PROPERLY","CLEAR","DARKNESS, LIGHTED ROAD","HEAD ON","FOUR WAY",,"STRAIGHT AND LEVEL","UNKNOWN","NO DEFECTS","ON SCENE","INJURY AND / OR TOW DUE TO CRASH","Y",,,"OVER $1,500","2021-07-17T01:35:00.000","UNABLE TO DETERMINE","NOT APPLICABLE","5900","S","WENTWORTH AVE","232",,,,,,,"2.0","7","NO INDICATION OF INJURY","0.0","0","0","0","0","2","0","1","7","X002306101",,,
"14659d5a448a0dc48b53e9c8ad98c0030f3a0cac72dcbc77a02e882717952e880974f6e879ae5674672b993d164f5bff23c7a0dfcc5920c202ef9934256eeb36",,"2021-07-08T15:30:00.000","30","NO CONTROLS","NO CONTROLS","CLEAR","DAYLIGHT","REAR TO FRONT","ONE-WAY",,"STRAIGHT AND LEVEL","DRY","NO DEFECTS","NOT ON SCENE (DESK REPORT)","NO INJURY / DRIVE AWAY",,,,"OVER $1,500","2021-07-10T15:10:00.000","IMPROPER BACKING","NOT APPLICABLE","5","W","TERMINAL ST","1655",,,,,,,"2.0","7","NO INDICATION OF INJURY","0.0","0","0","0","0","2","0","15","5","X002299417",,,
"c4202e60f8d70be0862e93be1d8c5c365321b1666b8d133b275b111eaf80eaccb4db05df1f38760e999d862567035cb2c60ad63e4562972dd795a5f9b2df8dac",,"2021-07-28T15:00:00.000","10","NO CONTROLS","NO CONTROLS","CLEAR","DAYLIGHT","SIDESWIPE SAME DIRECTION","PARKING LOT",,"STRAIGHT AND LEVEL","DRY","UNKNOWN","ON SCENE","NO INJURY / DRIVE AWAY",,,,"OVER $1,500","2021-07-28T15:00:00.000","FOLLOWING TOO CLOSELY","UNABLE TO DETERMINE","514","W","OHARE ST","1654",,,,,,,"2.0","7","NO INDICATION OF INJURY","0.0","0","0","0","0","2","0","15","4","X002319457",,,
"10db6524029f0d991facc91a568cdaa68601b7e404d66b29128e9d22e863136a1cf9a8215b69a39e09c0a878f7d01915d61c8789ccbbaf694208a88843c688ab",,"2021-07-06T15:00:00.000","30","TRAFFIC SIGNAL","FUNCTIONING PROPERLY","CLEAR","DAYLIGHT","PEDALCYCLIST","NOT DIVIDED",,"STRAIGHT AND LEVEL","DRY","NO DEFECTS",,"INJURY AND / OR TOW DUE TO CRASH",,,,"$501 - $1,500","2021-07-06T15:40:00.000","UNABLE TO DETERMINE","UNABLE TO DETERMINE","8900","S","COLFAX AVE","423",,,,,,,"2.0","7","REPORTED, NOT EVIDENT","1.0","0","0","0","1","1","0","15","3","X002295143",,,
"2cf8a6da33127f2f2bfa8af0397a2c4cb61b52f3a7d13ac38eb0fce6a23d9cf31c58ecbd2278ad26ef7dd8065cecf3bec5d476bc089c2b85a521de3a96bc3eca",,"2021-07-29T15:44:00.000","30","TRAFFIC SIGNAL","FUNCTIONING PROPERLY","CLEAR","DAYLIGHT","ANGLE","FOUR WAY",,"STRAIGHT AND LEVEL","DRY","NO DEFECTS","ON SCENE","INJURY AND / OR TOW DUE TO CRASH","Y",,,"OVER $1,500","2021-07-29T16:00:00.000","DISREGARDING TRAFFIC SIGNALS","FAILING TO YIELD RIGHT-OF-WAY","474","N","LOWER LAKE SHORE DR","1834",,,,,,,"2.0","7","NO INDICATION OF INJURY","0.0","0","0","0","0","2","0","15","5","X002319530",,,
"582d2a263f6a0d5a2529b23db7df3235a193b938ddbdbbd1140b0fa32ae935ef80bf7f971e9eb3717bd60b5f72969cf8a717042fe393f43f7ff14260f5655fd6",,"2021-07-28T15:00:00.000","35","TRAFFIC SIGNAL","FUNCTIONING PROPERLY","CLEAR","DAYLIGHT","SIDESWIPE SAME DIRECTION","DIVIDED - W/MEDIAN BARRIER",,"STRAIGHT AND LEVEL","DRY","NO DEFECTS","NOT ON SCENE (DESK REPORT)","NO INJURY / DRIVE AWAY",,,,"OVER $1,500","2021-07-28T16:30:00.000","IMPROPER OVERTAKING/PASSING","NOT APPLICABLE","12600","W","IRVING PARK RD","1654",,,,,,,"2.0","7","NO INDICATION OF INJURY","0.0","0","0","0","0","2","0","15","4","X002319463",,,
"5760d8d3bbd0056fd9190512d2cb8965fdeeba695d4d7db07b6b9c30558fe5c43e9529a2d4db9507676b09a8b1c21643df9540bb2c45f4a2ecc729b57ff29800",,"2021-07-28T12:15:00.000","30","TRAFFIC SIGNAL","FUNCTIONING PROPERLY","CLEAR","DAYLIGHT","REAR END","DIVIDED - W/MEDIAN (NOT RAISED)",,"STRAIGHT AND LEVEL","DRY","NO DEFECTS","NOT ON SCENE (DESK REPORT)","INJURY AND / OR TOW DUE TO CRASH",,,,"OVER $1,500","2021-07-28T12:27:00.000","FOLLOWING TOO CLOSELY","NOT APPLICABLE","903","W","OHARE ST","1654",,,,,,,"2.0","7","NONINCAPACITATING INJURY","1.0","0","0","1","0","2","0","12","4","X002323350",,,
"c0450c4eb22973f3211dd5d82ef439066312aca865e51fdb063d80bffdbfd820ee6c3687de99fb78baec7eb829740926f828665682df4433e282a290502ec57a","Y","2021-07-23T06:20:00.000","30","NO CONTROLS","NO CONTROLS","CLEAR","DAYLIGHT","SIDESWIPE SAME DIRECTION","ONE-WAY",,"CURVE, LEVEL","DRY","NO DEFECTS","ON SCENE","NO INJURY / DRIVE AWAY",,,,"$501 - $1,500","2021-07-23T06:20:00.000","UNABLE TO DETERMINE","UNABLE TO DETERMINE","3","W","TERMINAL ST","1653",,,,,,,"2.0","7","NO INDICATION OF INJURY","0.0","0","0","0","0","2","0","6","6","X002313312",,,
"d057db1a5f0109b0c7d591391b8a2645d797dfc6d0829ac9ad7cb7701ae6dabea53e3273ca3a510974af0043eb7a3e313f97786377ca228d118cbd77e0e168bd",,"2021-08-08T02:17:00.000","30","TRAFFIC SIGNAL","FUNCTIONING PROPERLY","CLEAR","DARKNESS, LIGHTED ROAD","REAR END","DIVIDED - W/MEDIAN (NOT RAISED)",,"STRAIGHT AND LEVEL","DRY","NO DEFECTS","NOT ON SCENE (DESK REPORT)","NO INJURY / DRIVE AWAY","Y",,,"OVER $1,500","2021-08-08T03:31:00.000","FOLLOWING TOO CLOSELY","NOT APPLICABLE","5900","S","WENTWORTH AVE","232",,,,,,,"2.0","8","NO INDICATION OF INJURY","0.0","0","0","0","0","2","0","2","1","X002328835",,,
"e858c8a7159fdc112859a5d7c33549ac7966c041f1dc929d4baf038320f2307fa3971733d5b7868eee9034441942569c95ce957168a8e14247a3eb8ebb5a4b69",,"2021-08-18T19:30:00.000","30","TRAFFIC SIGNAL","FUNCTIONING IMPROPERLY","CLEAR","DARKNESS, LIGHTED ROAD","SIDESWIPE SAME DIRECTION","DIVIDED - W/MEDIAN (NOT RAISED)",,"STRAIGHT AND LEVEL","DRY","UNKNOWN","NOT ON SCENE (DESK REPORT)","INJURY AND / OR TOW DUE TO CRASH",,,"Y","OVER $1,500","2021-08-24T11:00:00.000","UNABLE TO DETERMINE","UNABLE TO DETERMINE","5500","S","WENTWORTH AVE","225",,,,,,,"2.0","8","NONINCAPACITATING INJURY","1.0","0","0","1","0","1","0","19","4","X002346474",,,
"64679d25c29d6ab8f7b25ef46b71ac34b4ac7c41e61f9d34060151bbd4c466dfe344cfea66c20905dcb45c9391377adab7b796fba62f92223b68d749b42498ef",,"2021-07-30T14:41:00.000","25","NO CONTROLS","NO CONTROLS","CLEAR","DAYLIGHT","REAR TO FRONT","ONE-WAY",,"STRAIGHT AND LEVEL","DRY","NO DEFECTS","ON SCENE","NO INJURY / DRIVE AWAY",,,,"$501 - $1,500","2021-07-30T15:24:00.000","IMPROPER BACKING","NOT APPLICABLE","2142","N","MASON AVE","2515",,,,,,,"2","7","NO INDICATION OF INJURY","0","0","0","0","0","2","0","14","6","X002320833","41.9191825637","-87.7744857975","POINT (-87.774485797501 41.919182563711)"
"6d2c697705c4235f07c4cd3765238cacbc532b940249917f1e37bd5bb75f7b708b3967a9e37691700ec2a842abe558bef5750306f33e9b9fd6c2779caec94cb4",,"2021-08-11T13:40:00.000","15","NO CONTROLS","NO CONTROLS","CLEAR","DAYLIGHT","PARKED MOTOR VEHICLE","OTHER",,"STRAIGHT AND LEVEL","DRY","NO DEFECTS","ON SCENE","NO INJURY / DRIVE AWAY",,,,"$501 - $1,500","2021-08-11T13:50:00.000","UNABLE TO DETERMINE","UNABLE TO DETERMINE","5","W","TERMINAL ST","1655",,,,,,,"2.0","8","NO INDICATION OF INJURY","0.0","0","0","0","0","1","0","13","4","X002333972",,,
"635e848ce1fedc4dd277af3a31ba4841175fdb5e13da592dc226bf023b352b62ba816f3b3f619cfac632d02215cc99f9f00c0d00e47eaa3541c0d5ae0d44959c",,"2021-08-08T17:20:00.000","10","NO CONTROLS","NO CONTROLS","CLOUDY/OVERCAST","DAYLIGHT","SIDESWIPE SAME DIRECTION","PARKING LOT",,"STRAIGHT AND LEVEL","DRY","NO DEFECTS","ON SCENE","NO INJURY / DRIVE AWAY",,,,"OVER $1,500","2021-08-08T17:25:00.000","DRIVING SKILLS/KNOWLEDGE/EXPERIENCE","UNABLE TO DETERMINE","1","W","PARKING LOT D ST","1654",,,,,,,"2.0","8","NO INDICATION OF INJURY","0.0","0","0","0","0","3","0","17","1","X002329376",,,
"e18dd19701039396c58f4dffd510d31e3878bad8857decded339929c8052e8706a2baffd92d4eb070f1d6e018c35a0b1130aa7634bd8e896192ee72a81d4bbe3",,"2021-07-27T19:45:00.000","10","NO CONTROLS","NO CONTROLS","CLEAR","DAYLIGHT","SIDESWIPE SAME DIRECTION","PARKING LOT",,"STRAIGHT AND LEVEL","DRY","UNKNOWN","ON SCENE","NO INJURY / DRIVE AWAY",,,,"OVER $1,500","2021-07-27T19:45:00.000","FOLLOWING TOO CLOSELY","UNABLE TO DETERMINE","514","W","OHARE ST","1654",,,,,,,"2.0","7","NO INDICATION OF INJURY","0.0","0","0","0","0","2","0","19","3","X002319468",,,
"4d05dd1a426abafd4030867493eae01d7cb86c9924c8012a57d1191a9aeed89784fb79637e2f81201e4a0975db4615fe5cb64fe1b2b331d7383609a5b89d1280",,"2021-07-29T17:00:00.000","30","OTHER","UNKNOWN","CLEAR","DAYLIGHT","FIXED OBJECT","NOT DIVIDED",,"STRAIGHT AND LEVEL","DRY","NO DEFECTS","ON SCENE","NO INJURY / DRIVE AWAY",,,,"$500 OR LESS","2021-07-29T17:19:00.000","UNABLE TO DETERMINE","UNABLE TO DETERMINE","4300","W","LAKE ST","1114",,"Y",,,,,"1","7","NO INDICATION OF INJURY","0","0","0","0","0","1","0","17","5","X002319620","41.8860005243","-87.7332970779","POINT (-87.733297077936 41.886000524343)"
"7a39238d5b956af678c4478de8ed2050b4b18372905960d9d76dc8afae0e7a0ca117809dc088db8ba5231a1cde703d9ebeed704f02c94341cfa961f35bcc2ce4",,"2021-08-10T16:30:00.000","35","NO CONTROLS","NO CONTROLS","CLEAR","DAYLIGHT","SIDESWIPE SAME DIRECTION","RAMP",,"STRAIGHT AND LEVEL","DRY","NO DEFECTS","NOT ON SCENE (DESK REPORT)","NO INJURY / DRIVE AWAY",,,"Y","OVER $1,500","2021-08-11T21:00:00.000","FAILING TO REDUCE SPEED TO AVOID CRASH","UNABLE TO DETERMINE","6700","S","CHICAGO SKYWAY OB","322",,,,,,,"2.0","8","NO INDICATION OF INJURY","0.0","0","0","0","0","2","0","16","3","X002333082",,,
"a972fd16bbade573260420c26c7672811ced6b07be0d9fe5ec679008f0294e73a9f5fef4bea275ddff9ff6523fd9866e6e2e035347c25bb39961724776ebddae",,"2021-08-23T11:05:00.000","30","STOP SIGN/FLASHER","FUNCTIONING PROPERLY","CLEAR","DAYLIGHT","TURNING","T-INTERSECTION",,"STRAIGHT AND LEVEL","DRY","UNKNOWN","NOT ON SCENE (DESK REPORT)","NO INJURY / DRIVE AWAY","Y",,,"OVER $1,500","2021-08-23T13:25:00.000","IMPROPER TURNING/NO SIGNAL","UNABLE TO DETERMINE","989","N","MIES VAN DER ROHE WAY","1833",,,,,,,"2.0","8","NO INDICATION OF INJURY","0.0","0","0","0","0","2","0","11","2","X002345218",,,
"af112f6cfe01243e7f99be2aedd1004369ced62964414b5eabd7a33b1c396cc309cdc8f048e83a2e5e211ea5a809a7eb4652d6e2c164e97edb2c66d4dcbf5520","Y","2021-08-23T11:45:00.000","30","TRAFFIC SIGNAL","FUNCTIONING PROPERLY","CLEAR","DAYLIGHT","REAR END","NOT DIVIDED",,"STRAIGHT AND LEVEL","DRY","NO DEFECTS","ON SCENE","NO INJURY / DRIVE AWAY",,,,"OVER $1,500","2021-08-23T11:50:00.000","UNABLE TO DETERMINE","UNABLE TO DETERMINE","10700","W","HIGGINS RD","1654",,,,,,,"3.0","8","NO INDICATION OF INJURY","0.0","0","0","0","0","3","0","11","2","X002345152",,,
"75aed9441f8420122710f750518f4ceb56ef37448540fb5c90e5aa07d96574faa65ca21038cb7de45468e873ca4ebcae174b30fa231b2dc07f3d4acdc52319bb",,"2021-07-08T14:00:00.000","30","TRAFFIC SIGNAL","FUNCTIONING PROPERLY","CLEAR","DAYLIGHT","REAR END","ONE-WAY",,"STRAIGHT AND LEVEL","DRY","WORN SURFACE","NOT ON SCENE (DESK REPORT)","NO INJURY / DRIVE AWAY",,,,"OVER $1,500","2021-07-12T10:00:00.000","UNABLE TO DETERMINE","NOT APPLICABLE","540","N","CLINTON ST","1214",,,,,,,"2.0","7","NO INDICATION OF INJURY","0.0","0","0","0","0","2","0","14","5","X002301891",,,
"ea831f72a85cf0d3ed08749716e3631593c5c3110f621291ae93030de0cf84f965322358ac53d29307d8b445f03b459bfcb3e5c2ea7b5d2053cd440b4016cc26",,"2021-07-15T15:15:00.000","45","TRAFFIC SIGNAL","FUNCTIONING PROPERLY","CLEAR","DAYLIGHT","REAR END","NOT DIVIDED",,"STRAIGHT AND LEVEL","DRY","NO DEFECTS","NOT ON SCENE (DESK REPORT)","NO INJURY / DRIVE AWAY",,,,"OVER $1,500","2021-07-15T15:35:00.000","FOLLOWING TOO CLOSELY","NOT APPLICABLE","6256","S","LAKE SHORE DR","331",,,,,,,"2.0","7","NO INDICATION OF INJURY","0.0","0","0","0","0","2","0","15","5","X002304782",,,
"e4439f9b460d7617ef4a6b3cdc244983a7dd423a0202393c63dd36c1a6564b2c00911f51444ff98e5901f8e120cae5deddf90c0628d1a9d35d8e3dee9cf4eb2e",,"2021-08-20T10:45:00.000","15","NO CONTROLS","NO CONTROLS","CLEAR","DAYLIGHT","ANGLE","PARKING LOT",,"STRAIGHT AND LEVEL","DRY","NO DEFECTS","ON SCENE","NO INJURY / DRIVE AWAY",,,,"OVER $1,500","2021-08-20T10:50:00.000","FAILING TO YIELD RIGHT-OF-WAY","UNABLE TO DETERMINE","1","W","PARKING LOT D ST","1654",,,,,,,"2.0","8","NO INDICATION OF INJURY","0.0","0","0","0","0","2","0","10","6","X002342210",,,
"3f40352b7b25e45454be1b947a8f0817ff311be28b9f8bc94124a7069e70f714bedec2cf1f051efde986b47ea3e46e753560fcb4886b709997bab1b11a200e0b",,"2021-08-03T21:00:00.000","20","NO CONTROLS","NO CONTROLS","CLEAR","DARKNESS, LIGHTED ROAD","SIDESWIPE SAME DIRECTION","OTHER",,"STRAIGHT AND LEVEL","DRY","NO DEFECTS","ON SCENE","NO INJURY / DRIVE AWAY",,,,"$501 - $1,500","2021-08-03T21:05:00.000","IMPROPER TURNING/NO SIGNAL","IMPROPER TURNING/NO SIGNAL","1","W","TERMINAL ST","1651",,,,,,,"2.0","8","NO INDICATION OF INJURY","0.0","0","0","0","0","2","0","21","3","X002325854",,,
"f860ea6cca3cedac66b6fd40f90a044487d897533fd3eeea2447b2eb353a28aba5e0891e43b135115932c114fb03b3a1bca63279acf722ba3a90bfcc9c0077a0",,"2021-07-30T14:00:00.000","35","TRAFFIC SIGNAL","FUNCTIONING PROPERLY","CLEAR","DAYLIGHT","REAR END","DIVIDED - W/MEDIAN (NOT RAISED)",,"STRAIGHT AND LEVEL","DRY","NO DEFECTS","NOT ON SCENE (DESK REPORT)","NO INJURY / DRIVE AWAY",,,,"OVER $1,500","2021-07-30T15:10:00.000","FAILING TO REDUCE SPEED TO AVOID CRASH","NOT APPLICABLE","4331","N","MANNHEIM RD","1654",,,,,,,"2.0","7","NO INDICATION OF INJURY","0.0","0","0","0","0","2","0","14","6","X002349474",,,
"37097fda36b3f98ce16e7ebefc132d1b2445cd449ae9cd7a34f8b9e76db75b99275402acce6e3f3db84b18e947c608a6be32f4228fef25a2238ec9c4c95766bb",,"2021-08-25T03:00:00.000","25","NO CONTROLS","NO CONTROLS","CLEAR","DARKNESS, LIGHTED ROAD","FIXED OBJECT","NOT DIVIDED",,"CURVE, LEVEL","DRY","NO DEFECTS","ON SCENE","INJURY AND / OR TOW DUE TO CRASH",,"Y",,"$501 - $1,500","2021-08-25T04:00:00.000","PHYSICAL CONDITION OF DRIVER","NOT APPLICABLE","700","W","OHARE ST","1654",,,,,,,"1.0","8","REPORTED, NOT EVIDENT","1.0","0","0","0","1","0","0","3","4","X002347965",,,
"7b367563dc881adda088f5ede03efcedd191f23892e74e621b4f824070e074ec3bbbad770201de5d1e92b05c3adcd316883bf0e312f31a277b93eef06571e917",,"2021-08-07T02:08:00.000","30","NO CONTROLS","NO CONTROLS","CLEAR","DARKNESS, LIGHTED ROAD","PARKED MOTOR VEHICLE","DIVIDED - W/MEDIAN (NOT RAISED)",,"STRAIGHT AND LEVEL","DRY","NO DEFECTS","ON SCENE","INJURY AND / OR TOW DUE TO CRASH",,"N",,"OVER $1,500","2021-08-07T02:09:00.000","UNDER THE INFLUENCE OF ALCOHOL/DRUGS (USE WHEN ARREST IS EFFECTED)","UNDER THE INFLUENCE OF ALCOHOL/DRUGS (USE WHEN ARREST IS EFFECTED)","1759","S","PULASKI RD","1014",,,,,,,"3.0","8","NO INDICATION OF INJURY","0.0","0","0","0","0","1","0","2","7","X002328102",,,
"5caa328f1e8131a902339d795d690af838a1136b6ec54a704c6ca7a68ef344db28a79cda29f004431efc0a41c9b8d18c4f11591f48c0c5ae59cf7c3047af5e9f",,"2021-07-28T13:55:00.000","35","NO CONTROLS","NO CONTROLS","CLEAR","DAYLIGHT","REAR END","ONE-WAY",,"STRAIGHT AND LEVEL","DRY","NO DEFECTS","ON SCENE","NO INJURY / DRIVE AWAY",,,,"OVER $1,500","2021-07-28T14:00:00.000","UNABLE TO DETERMINE","UNABLE TO DETERMINE","15","N","BESSIE COLEMAN DR","1654",,,,,,,"2.0","7","NO INDICATION OF INJURY","0.0","0","0","0","0","2","0","13","4","X002319466",,,
"477aeab040f98da9b86b86b8d98edf505fab206be79acb762d33ce5b408ebe5030bbb7a4daa2aaa191104b6b89a60cacb24de2e96f11fe1c859374e79f819373",,"2021-08-08T07:20:00.000","35","TRAFFIC SIGNAL","FUNCTIONING PROPERLY","CLEAR","DAYLIGHT","TURNING","DIVIDED - W/MEDIAN BARRIER",,"STRAIGHT AND LEVEL","DRY","NO DEFECTS","ON SCENE","INJURY AND / OR TOW DUE TO CRASH","Y",,,"OVER $1,500","2021-08-08T07:40:00.000","FAILING TO YIELD RIGHT-OF-WAY","UNABLE TO DETERMINE","1799","E","57TH DR","331",,,,,,,"2.0","8","NO INDICATION OF INJURY","0.0","0","0","0","0","3","0","7","1","X002329450",,,
"6a1b63ff1f97647d7114f8152751ad65e720deb81f6f081cb794c10e734b1a93861d43ce32e96e44c07a4ddb9e802e094ce6472bc087d998bbc1631c2f646a87",,"2021-07-26T17:45:00.000","15","NO CONTROLS","NO CONTROLS","CLEAR","DAYLIGHT","REAR TO REAR","PARKING LOT",,"STRAIGHT AND LEVEL","DRY","NO DEFECTS","ON SCENE","NO INJURY / DRIVE AWAY",,,,"$501 - $1,500","2021-07-26T17:46:00.000","IMPROPER BACKING","IMPROPER BACKING","1","W","PARKING LOT D ST","1654",,,,,,,"2.0","7","NO INDICATION OF INJURY","0.0","0","0","0","0","2","0","17","2","X002319469",,,
"8a34d8852757d968053477ad84944d20f84f530f354bee51f8b5182b646bd608c5d49f1ac1cbb7c5b41469cd20ad9ec027f531e7e5a2624344364285e62dd493",,"2021-08-05T21:20:00.000","35","TRAFFIC SIGNAL","FUNCTIONING PROPERLY","CLEAR","DARKNESS, LIGHTED ROAD","REAR END","DIVIDED - W/MEDIAN (NOT RAISED)",,"STRAIGHT AND LEVEL","DRY","NO DEFECTS","ON SCENE","INJURY AND / OR TOW DUE TO CRASH",,,,"OVER $1,500","2021-08-05T21:25:00.000","FOLLOWING TOO CLOSELY","UNABLE TO DETERMINE","4340","N","MANNHEIM RD","1654",,,,,,,"2.0","8","NONINCAPACITATING INJURY","2.0","0","0","2","0","1","0","21","5","X002328126",,,
"88407ac0aa116d0711c52c1aae6675435b9307021efe714cb169f024ad803b163d0bad97712cfac52c0e09ebd7e9160feaaf9d7f343607209ae19e509b39931e",,"2021-08-26T07:05:00.000","10","OTHER","NO CONTROLS","CLEAR","DAYLIGHT","PARKED MOTOR VEHICLE","ONE-WAY",,"STRAIGHT AND LEVEL","DRY","NO DEFECTS","ON SCENE","NO INJURY / DRIVE AWAY",,,"Y","$501 - $1,500","2021-08-26T07:05:00.000","FOLLOWING TOO CLOSELY","FOLLOWING TOO CLOSELY","1","S","DOOR 4 ST","813",,,,,,,"2.0","8","NO INDICATION OF INJURY","0.0","0","0","0","0","1","0","7","5","X002348703",,,
"e1ca10779e54f3fce907c64dba70926fd43ab7afb602b93d7b70c85eafb4e70bb82d1db26e2d407718f2ee772eb5ac66255931e259e9660472a81ad5b250de39",,"2021-07-22T12:52:00.000","20","NO CONTROLS","NO CONTROLS","CLEAR","DAYLIGHT","PEDESTRIAN","ONE-WAY",,"STRAIGHT AND LEVEL","DRY","NO DEFECTS","ON SCENE","INJURY AND / OR TOW DUE TO CRASH",,,"Y","$500 OR LESS","2021-07-22T12:54:00.000","OPERATING VEHICLE IN ERRATIC, RECKLESS, CARELESS, NEGLIGENT OR AGGRESSIVE MANNER","FAILING TO YIELD RIGHT-OF-WAY","3","W","TERMINAL ST","1653",,,,,,,"2.0","7","REPORTED, NOT EVIDENT","1.0","0","0","0","1","2","0","12","5","X002312320",,,
"de64ad6460d58e8669e4268d079d0688807ad07e2a7d252c0d08e57ccaa122ad07dce5e53e5e61020c235ffb012cc59db965d32b0e970571192cd91e863a024d",,"2021-07-31T21:40:00.000","15","TRAFFIC SIGNAL","FUNCTIONING PROPERLY","CLEAR","DARKNESS, LIGHTED ROAD","REAR END","PARKING LOT",,"STRAIGHT AND LEVEL","DRY","NO DEFECTS","ON SCENE","NO INJURY / DRIVE AWAY",,,,"OVER $1,500","2021-07-31T21:40:00.000","DISREGARDING TRAFFIC SIGNALS","UNABLE TO DETERMINE","6299","S","LAKE SHORE DR","331",,"Y",,,,,"2.0","7","NO INDICATION OF INJURY","0.0","0","0","0","0","2","0","21","7","X002326755",,,
"e059f43f12bd8e1c3b20122f8857477bd6de0ba4efc5cccc435061f19872d8ef7627ab4c639cd9e57e0b12d83c70747713505c68c85838ccc249191cf0be6549",,"2021-08-22T02:30:00.000","55","NO CONTROLS","NO CONTROLS","CLEAR","DARKNESS, LIGHTED ROAD","FIXED OBJECT","DIVIDED - W/MEDIAN BARRIER",,"STRAIGHT AND LEVEL","DRY","WORN SURFACE","ON SCENE","INJURY AND / OR TOW DUE TO CRASH",,,,"OVER $1,500","2021-08-22T02:35:00.000","UNABLE TO DETERMINE","NOT APPLICABLE","8500","S","CHICAGO SKYWAY OB","412",,,,,,,"1.0","8","NO INDICATION OF INJURY","0.0","0","0","0","0","1","0","2","1","X002349616",,,
"a59bdc7d5c7295df9cd6795cb7ae9357f64fabcd2ab5c997918de1418eea86bff57c4f449464c55368e4ce39dd53c6841491bcba752760f81a598644c96b353f",,"2021-07-30T19:00:00.000","20","NO CONTROLS","NO CONTROLS","UNKNOWN","UNKNOWN","PARKED MOTOR VEHICLE","PARKING LOT",,"STRAIGHT AND LEVEL","UNKNOWN","NO DEFECTS","ON SCENE","NO INJURY / DRIVE AWAY",,,,"$500 OR LESS","2021-07-30T19:00:00.000","UNABLE TO DETERMINE","NOT APPLICABLE","1","W","PARKING LOT G ST","1654",,,,,,,"2.0","7","NO INDICATION OF INJURY","0.0","0","0","0","0","1","0","19","6","X002320824",,,
"75c7434f79b4b632d8f7b550d9cf7f4705f1acc3cbef11d48a5a3c6f7cace5be29df70fdfed9c70f4e3763bd5f187e48fd916233d05fe71c244697c8386856a3",,"2021-07-24T22:41:00.000","30","NO CONTROLS","NO CONTROLS","CLEAR","DARKNESS, LIGHTED ROAD","FIXED OBJECT","NOT DIVIDED",,"STRAIGHT ON GRADE","DRY","NO DEFECTS","ON SCENE","NO INJURY / DRIVE AWAY",,,,"$501 - $1,500","2021-07-24T22:41:00.000","IMPROPER TURNING/NO SIGNAL","IMPROPER TURNING/NO SIGNAL","833","W","OHARE ST","1654",,,,,,,"3.0","7","NO INDICATION OF INJURY","0.0","0","0","0","0","1","0","22","7","X002318619",,,
"4fe82ae60e1819b3a947f7f3a28952d52af5d08344aab57d790caab65371233b7f7f1edc9cc514c49b3c768715262b76c39faaff61e7aa06b81443651ed0e0d7",,"2021-08-20T03:00:00.000","30","UNKNOWN","NO CONTROLS","CLEAR","DARKNESS","PARKED MOTOR VEHICLE","NOT DIVIDED",,"STRAIGHT AND LEVEL","DRY","NO DEFECTS","ON SCENE","INJURY AND / OR TOW DUE TO CRASH",,,"Y","OVER $1,500","2021-08-20T03:05:00.000","UNABLE TO DETERMINE","UNABLE TO DETERMINE","7800","S","MORGAN ST","612",,,,,,,"3","8",,,,,,,,,"3","6","X002341831","41.7522966034","-87.6490846379","POINT (-87.649084637874 41.752296603411)"
"212ec62edf74966532384740807e8c3a6ce445af1a642d6712f2811ac38af7c792e04188bd5611546441509fd165f2b1f0f0ddd33bbe1c6aff9848e95c8d93cb",,"2021-08-02T11:40:00.000","20","NO CONTROLS","NO CONTROLS","CLEAR","DAYLIGHT","SIDESWIPE SAME DIRECTION","ONE-WAY",,"STRAIGHT AND LEVEL","DRY","NO DEFECTS","ON SCENE","NO INJURY / DRIVE AWAY",,,"Y","$501 - $1,500","2021-08-02T11:45:00.000","FAILING TO YIELD RIGHT-OF-WAY","FAILING TO YIELD RIGHT-OF-WAY","1","W","TERMINAL ST","1651",,,,,,,"2.0","8","NO INDICATION OF INJURY","0.0","0","0","0","0","2","0","11","2","X002324146",,,
"0442a988fc0bc175f5ca6cb42b2fe152576cc7a2d84ef35c91a491c2d8d913638cfb9c7d66ceb359392def8160bc227408ab843c0e3d46456062c5038ea98824",,"2021-08-14T23:45:00.000","30","RAILROAD CROSSING GATE","FUNCTIONING PROPERLY","CLEAR","DARKNESS, LIGHTED ROAD","OVERTURNED","NOT DIVIDED",,"STRAIGHT AND LEVEL","DRY","NO DEFECTS","ON SCENE","INJURY AND / OR TOW DUE TO CRASH",,,"Y","OVER $1,500","2021-08-14T23:51:00.000","IMPROPER OVERTAKING/PASSING","FOLLOWING TOO CLOSELY","3800","E","100TH DR","432",,,,,,,"2.0","8","NO INDICATION OF INJURY","0.0","0","0","0","0","2","0","23","7","X002336271",,,
"da43c0e4dd2901c964ac732c9c572b0cb3bdf73ee074aa0fec05bed7903af9fd3c6dd85f957ee23c3bdb096740f8a0316c01ca17a7881e0fbfd1133705ef5435","Y","2021-08-24T11:00:00.000","15","NO CONTROLS","NO CONTROLS","CLEAR","DAYLIGHT","FIXED OBJECT","PARKING LOT",,"STRAIGHT AND LEVEL","DRY","NO DEFECTS","ON SCENE","NO INJURY / DRIVE AWAY",,,,"$501 - $1,500","2021-08-24T12:00:00.000","UNABLE TO DETERMINE","UNABLE TO DETERMINE","5","W","TERMINAL ST","1655",,,,,,,"2.0","8","NO INDICATION OF INJURY","0.0","0","0","0","0","1","0","11","3","X002347966",,,
"f5e2b2bc81bbf1ff1462f4a10d7472b6a37bc991a44d8307fb9da1cd1f3cc63244e70a19ba631fead0d39184a6fa0291aed6d094e8b556fef9e75fdbac129a7c",,"2021-07-15T06:05:00.000","15","NO CONTROLS","NO CONTROLS","RAIN","DAYLIGHT","SIDESWIPE SAME DIRECTION","ONE-WAY",,"STRAIGHT AND LEVEL","WET","NO DEFECTS","ON SCENE","NO INJURY / DRIVE AWAY",,,"N","OVER $1,500","2021-07-15T06:11:00.000","DISTRACTION - FROM INSIDE VEHICLE","UNABLE TO DETERMINE","3","W","TERMINAL ST","1653",,,,,,,"2.0","7","NO INDICATION OF INJURY","0.0","0","0","0","0","2","0","6","5","X002306231",,,
"07869d12270454cb0cbc76e15f9d5485b5145371cde85b54d5b65db709e034381a706916566ed5e3cb083069f566bf15e9bdbbca479a870335c642402d794bb1",,"2021-07-24T08:50:00.000","15","NO CONTROLS","NO CONTROLS","CLEAR","DAYLIGHT","PARKED MOTOR VEHICLE","PARKING LOT",,"STRAIGHT AND LEVEL","DRY","NO DEFECTS","ON SCENE","NO INJURY / DRIVE AWAY",,,,"OVER $1,500","2021-07-24T08:52:00.000","VISION OBSCURED (SIGNS, TREE LIMBS, BUILDINGS, ETC.)","NOT APPLICABLE","514","W","OHARE ST","1654",,,,,,,"2.0","7","NO INDICATION OF INJURY","0.0","0","0","0","0","1","0","8","7","X002313559",,,
"ea7a6714877b179dd0ee26c205bca77c336770cf8ea856fec512482e6d45e23edb5777ad4c806fa42ec9c90e1e3d7c1a45da642577ab184c6149eb8602fbd8a2",,"2021-07-15T19:01:00.000","35","STOP SIGN/FLASHER","FUNCTIONING PROPERLY","CLEAR","DAYLIGHT","TURNING","DIVIDED - W/MEDIAN (NOT RAISED)",,"STRAIGHT AND LEVEL","DRY","NO DEFECTS","ON SCENE","INJURY AND / OR TOW DUE TO CRASH","Y",,,"OVER $1,500","2021-07-15T19:05:00.000","FAILING TO YIELD RIGHT-OF-WAY","DRIVING SKILLS/KNOWLEDGE/EXPERIENCE","30","N","BESSIE COLEMAN DR","1654",,,,,,,"2.0","7","NONINCAPACITATING INJURY","2.0","0","0","1","1","2","0","19","5","X002308541",,,
"ec2637148c37888135714661cade75a71700e413e727c82226be9cc5790a47bcd44247e75c9b99ced0563c017ce08067fd5a64d833f2520b311a8c53d6a22dad",,"2021-07-21T01:00:00.000","30","NO CONTROLS","NO CONTROLS","CLEAR","DARKNESS, LIGHTED ROAD","PARKED MOTOR VEHICLE","ONE-WAY",,"STRAIGHT AND LEVEL","DRY","NO DEFECTS","NOT ON SCENE (DESK REPORT)","NO INJURY / DRIVE AWAY",,,"Y","OVER $1,500","2021-08-03T14:00:00.000","IMPROPER OVERTAKING/PASSING","DRIVING SKILLS/KNOWLEDGE/EXPERIENCE","4259","S","DR MARTIN LUTHER KING JR SD","214",,,,,,,"3.0","7","NO INDICATION OF INJURY","0.0","0","0","0","0","1","0","1","4","X002325059",,,
"721775e326308098784b72de26aceb1f03b2b70c8c2ae7c244196777dd0c50385648fadc6e2796e882aed1a9679efc24c8b389204be8482ae6eef8e12538252c",,"2021-08-02T14:00:00.000","30","TRAFFIC SIGNAL","FUNCTIONING PROPERLY","CLEAR","DAYLIGHT","SIDESWIPE SAME DIRECTION","UNKNOWN INTERSECTION TYPE",,"STRAIGHT AND LEVEL","DRY","NO DEFECTS","ON SCENE","NO INJURY / DRIVE AWAY",,,"Y","$501 - $1,500","2021-08-02T14:10:00.000","IMPROPER OVERTAKING/PASSING","IMPROPER TURNING/NO SIGNAL","173","N","BESSIE COLEMAN DR","1654",,,,,,,"2.0","8","NO INDICATION OF INJURY","0.0","0","0","0","0","2","0","14","2","X002324893",,,
"0dbfd4476d56edf4958841df7e3822061d818829d562eaa187575731177f441b692ed2560de594caa55144aed6e5e2a1a8b59f8f5fa2b9b798a17f351202d325",,"2021-07-25T22:35:00.000","30","NO CONTROLS","NO CONTROLS","CLEAR","DARKNESS","FIXED OBJECT","ALLEY",,"STRAIGHT AND LEVEL","DRY","NO DEFECTS","ON SCENE","NO INJURY / DRIVE AWAY",,,,"OVER $1,500","2021-07-25T22:37:00.000","NOT APPLICABLE","NOT APPLICABLE","7416","N","ROGERS AVE","2422",,,,,,,"1","7",,,,,,,,,"22","1","X002314955","42.0164725204","-87.6746067697","POINT (-87.674606769727 42.016472520385)"
"3dba8c90aa4df4bbe70cce8b528a1c338287a770cd60d6a6b8c08d2b1ae7bcead6356b589c14b9e0a306bc58e96e7f38339ca1d25b729385185edf2f8dfafbd5",,"2021-07-26T12:54:00.000","15","NO CONTROLS","NO CONTROLS","CLEAR","DAYLIGHT","REAR END","PARKING LOT",,"STRAIGHT AND LEVEL","DRY","NO DEFECTS","ON SCENE","NO INJURY / DRIVE AWAY",,,,"$500 OR LESS","2021-07-26T12:55:00.000","UNABLE TO DETERMINE","UNABLE TO DETERMINE","1","W","PARKING LOT A ST","1654",,,,,,,"2.0","7","NO INDICATION OF INJURY","0.0","0","0","0","0","2","0","12","2","X002316668",,,
"e61595696dfdf7f506f96a6465f21441aee2f98ef05286c32fb17993a5fa26dbea9c0db2c3a21983ace5d8d7e004449a2aea7a16435c6961e05273bb04f9557c",,"2021-08-17T13:15:00.000","15","NO CONTROLS","NO CONTROLS","CLEAR","DAYLIGHT","PARKED MOTOR VEHICLE","PARKING LOT",,"STRAIGHT AND LEVEL","DRY","NO DEFECTS","ON SCENE","NO INJURY / DRIVE AWAY",,,,"$501 - $1,500","2021-08-17T13:30:00.000","IMPROPER TURNING/NO SIGNAL","UNABLE TO DETERMINE","524","W","OHARE ST","1654",,,,,,,"2.0","8","NO INDICATION OF INJURY","0.0","0","0","0","0","1","0","13","3","X002339491",,,
"436e0a0bb7e01df514103a55f334bb2a0f17f602a50a6120bef983356e4218a157a7e59456ea8ae634c35e469a564d74fea346788a4716b825fe3b00ef3ae8f2","Y","2021-08-27T11:00:00.000","15","NO CONTROLS","NO CONTROLS","CLEAR","DAYLIGHT","SIDESWIPE SAME DIRECTION","ONE-WAY",,"STRAIGHT AND LEVEL","DRY","NO DEFECTS","ON SCENE","INJURY AND / OR TOW DUE TO CRASH",,,,"OVER $1,500","2021-08-27T11:00:00.000","IMPROPER OVERTAKING/PASSING","NOT APPLICABLE","1","W","TERMINAL ST","1651",,,,"N",,,"2.0","8","REPORTED, NOT EVIDENT","1.0","0","0","0","1","1","0","11","6","X002350646",,,
"240f2ef37e62cc415f9f177319942b09907f10761e8219e81839b9864a1be04e8a9782bd97b7e10dcc5a579c4615c8cebc5a6f76b22d9c0d4048b0d7373e2f8e",,"2024-12-19T22:50:00.000","15","NO CONTROLS","NO CONTROLS","CLEAR","DARKNESS, LIGHTED ROAD","REAR TO SIDE","PARKING LOT",,"STRAIGHT AND LEVEL","WET","NO DEFECTS","ON SCENE","NO INJURY / DRIVE AWAY",,,,"OVER $1,500","2024-12-19T22:51:00.000","IMPROPER BACKING","DRIVING ON WRONG SIDE/WRONG WAY","10020","W","BALMORAL AVE","1654",,,,,,,"2.0","12","NO INDICATION OF INJURY","0.0","0","0","0","0","2","0","22","5","X003665377",,,
"f686f0d8baf07eb06decc1fc6f9537ad7d07f9220cb6e9b3c1c05c80b55ba59124b5a2ae102de0e0c52012cac0e50a024dda5d6a1fbae80a9debc2ab522825f4",,"2021-08-19T14:00:00.000","15","UNKNOWN","NO CONTROLS","CLEAR","DAYLIGHT","TURNING","PARKING LOT",,"STRAIGHT AND LEVEL","DRY","NO DEFECTS","ON SCENE","NO INJURY / DRIVE AWAY",,,,"$501 - $1,500","2021-08-19T14:25:00.000","IMPROPER TURNING/NO SIGNAL","FAILING TO YIELD RIGHT-OF-WAY","516","W","OHARE ST","1654",,,,,,,"2.0","8","NO INDICATION OF INJURY","0.0","0","0","0","0","2","0","14","5","X002341446",,,
"d97e7f003ea327b03de38dcb4a8e83ef619daa09dc63547481d3a014e6f35b9b2d8157e0a2ccebff222a39424354b587fc3dc13dd60ad797a3411d0c48479fb3",,"2021-07-22T16:00:00.000","25","NO CONTROLS","NO CONTROLS","CLEAR","DAYLIGHT","SIDESWIPE SAME DIRECTION","ONE-WAY",,"STRAIGHT AND LEVEL","DRY","UNKNOWN","ON SCENE","NO INJURY / DRIVE AWAY",,,,"OVER $1,500","2021-07-22T16:15:00.000","FOLLOWING TOO CLOSELY","UNABLE TO DETERMINE","3","W","TERMINAL ST","1653",,,,,,,"2.0","7","NO INDICATION OF INJURY","0.0","0","0","0","0","2","0","16","5","X002313689",,,
"d9faf210f75691d8bc8c93bb3e14cab6c704ddb80768c969581f6fde7d982319cbbe9ed195a1b9d1088fdc298c3ae014d82deb255f51f37d95443fa16dceb9db",,"2021-08-12T21:28:00.000","10","STOP SIGN/FLASHER","FUNCTIONING PROPERLY","CLEAR","DARKNESS, LIGHTED ROAD","FIXED OBJECT","PARKING LOT",,"STRAIGHT AND LEVEL","DRY","NO DEFECTS","ON SCENE","NO INJURY / DRIVE AWAY",,"Y",,"OVER $1,500","2021-08-12T21:30:00.000","DRIVING SKILLS/KNOWLEDGE/EXPERIENCE","UNABLE TO DETERMINE","1","W","PARKING LOT A ST","1654",,,,,,,"1.0","8","NO INDICATION OF INJURY","0.0","0","0","0","0","1","0","21","5","X002336020",,,
"aa879526635245607237526eaeed51d49b1b997287e235e3967022fc27faca05a06a66aee51e43f18eb9f35b99f23d66c55d9fd2b898a7f22b9e4d29bfb8e1ea",,"2021-07-29T22:18:00.000","30","TRAFFIC SIGNAL","UNKNOWN","CLEAR","DARKNESS, LIGHTED ROAD","TURNING","DIVIDED - W/MEDIAN (NOT RAISED)",,"STRAIGHT AND LEVEL","UNKNOWN","UNKNOWN","ON SCENE","INJURY AND / OR TOW DUE TO CRASH","Y",,"Y","OVER $1,500","2021-07-29T22:18:00.000","UNABLE TO DETERMINE","NOT APPLICABLE","500","S","SACRAMENTO BLVD","1134",,,,,,,"2.0","7","NO INDICATION OF INJURY","0.0","0","0","0","0","3","0","22","5","X002319807",,,
